continent,country,domain,size_bytes,height_px,width_px
Südamerika,Argentinien,app1.comarb.gob.ar,37548,1080,1920
Südamerika,Argentinien,aulastic.infd.edu.ar,278426,1173,1920
Südamerika,Argentinien,auto.mercadolibre.com.ar,21389,1080,1920
Südamerika,Argentinien,betwarrior.bet.ar,87465,1080,1920
Südamerika,Argentinien,campus.uner.edu.ar,330164,1333,1920
Südamerika,Argentinien,campus.untrefvirtual.edu.ar,133644,1080,1920
Südamerika,Argentinien,campus2025.unahur.edu.ar,27411,1080,1920
Südamerika,Argentinien,cashier.betwarrior.bet.ar,87067,1080,1920
Südamerika,Argentinien,diaonline.supermercadosdia.com.ar,1148071,6123,1920
Südamerika,Argentinien,docentessie.chaco.gob.ar,38304,1080,1920
Südamerika,Argentinien,fe.afip.gob.ar,12476,1080,1920
Südamerika,Argentinien,liva.afip.gob.ar,50251,1278,1920
Südamerika,Argentinien,login.buenosaires.gob.ar,852088,1367,1920
Südamerika,Argentinien,loteria.chaco.gov.ar,36831,1080,1920
Südamerika,Argentinien,m.ruta1000.com.ar,192179,1080,1920
Südamerika,Argentinien,mitramite.renaper.gob.ar,74661,1080,1920
Südamerika,Argentinien,news.agrofy.com.ar,48068,1080,1920
Südamerika,Argentinien,onboarding.credicuotas.com.ar,142516,1196,1920
Südamerika,Argentinien,pba.bplay.bet.ar,86412,1080,1920
Südamerika,Argentinien,pba.sportsbet.bet.ar,48118,1080,1920
Südamerika,Argentinien,reservapasajes.cnrt.gob.ar,73848,1080,1920
Südamerika,Argentinien,santafe.bplay.bet.ar,86500,1080,1920
Südamerika,Argentinien,servicioswww.anses.gob.ar,23874,1080,1920
Südamerika,Argentinien,siapweb.cloud.afip.gob.ar,8511,1080,1920
Südamerika,Argentinien,suna.abc.gob.ar,1301930,1217,1920
Südamerika,Argentinien,tiendaonline.movistar.com.ar,1352233,5592,1920
Südamerika,Argentinien,tramitesadistancia.gob.ar,299495,1324,1920
Südamerika,Argentinien,transferencias.bancogalicia.com.ar,83895,1080,1920
Südamerika,Argentinien,viacargo.com.ar,2222389,4382,1920
Südamerika,Argentinien,www.0221.com.ar,2630481,10769,1920
Südamerika,Argentinien,www.adnsur.com.ar,6375865,28093,1920
Südamerika,Argentinien,www.airedesantafe.com.ar,3900043,20333,1920
Südamerika,Argentinien,www.bbva.com.ar,2699612,9526,1921
Südamerika,Argentinien,www.bet365.bet.ar,87285,1080,1920
Südamerika,Argentinien,www.betano.bet.ar,146321,1080,1920
Südamerika,Argentinien,www.bna.com.ar,268631,1339,1920
Südamerika,Argentinien,www.bplay.bet.ar,1535721,3251,1920
Südamerika,Argentinien,www.cba24n.com.ar,7147779,12997,1920
Südamerika,Argentinien,www.cetrogar.com.ar,2194825,10352,1920
Südamerika,Argentinien,www.despegar.com.ar,40828,1080,1920
Südamerika,Argentinien,www.dnrec.jus.gov.ar,219498,2309,1920
Südamerika,Argentinien,www.dnrpa.gov.ar,1204664,5314,1920
Südamerika,Argentinien,www.eldiariodelapampa.com.ar,13109578,17419,1920
Südamerika,Argentinien,www.flechabus.com.ar,5388117,4348,1920
Südamerika,Argentinien,www.gba.gob.ar,3243547,4108,1920
Südamerika,Argentinien,www.jugandoonline.com.ar,1052593,4495,1920
Südamerika,Argentinien,www.locanto.com.ar,44396,1080,1920
Südamerika,Argentinien,www.losandes.com.ar,2564829,21843,1920
Südamerika,Argentinien,www.loteriasmundiales.com.ar,1016628,4922,1920
Südamerika,Argentinien,www.macro.com.ar,8511,1080,1920
Südamerika,Argentinien,www.movistararena.com.ar,1243733,1080,1920
Südamerika,Argentinien,www.ole.com.ar,7445201,25113,1949
Südamerika,Argentinien,www.padron.gob.ar,32722,1080,1920
Südamerika,Argentinien,www.parati.com.ar,3593741,12644,1920
Südamerika,Argentinien,www.pedidosya.com.ar,43532,1080,1920
Südamerika,Argentinien,www.personal.com.ar,1019336,5944,1920
Südamerika,Argentinien,www.santafe.gov.ar,1192168,1558,1920
Südamerika,Argentinien,www.smn.gob.ar,43437,1080,1920
Südamerika,Argentinien,www.solodeportes.com.ar,31407,1088,1920
Südamerika,Argentinien,www.vea.com.ar,5005418,9098,1920
Ozeanien,Australien,7news.com.au,2877969,6748,1920
Ozeanien,Australien,abr.business.gov.au,204445,1211,1920
Ozeanien,Australien,amp.nine.com.au,14155,1080,1920
Ozeanien,Australien,app.inspectrealestate.com.au,18357,1080,1920
Ozeanien,Australien,asp.tramada.com.au,8511,1080,1920
Ozeanien,Australien,banking.westpac.com.au,285486,1359,1920
Ozeanien,Australien,biaustralia.com.au,639767,1080,1920
Ozeanien,Australien,billyj.com.au,9137180,6183,1920
Ozeanien,Australien,canvas.flinders.edu.au,1634079,1080,1920
Ozeanien,Australien,echo360.net.au,35049,1080,1920
Ozeanien,Australien,education.nsw.gov.au,1746486,3036,1920
Ozeanien,Australien,harmonyweb.au,165770,1080,1920
Ozeanien,Australien,ilearn.mq.edu.au,2074750,1688,1920
Ozeanien,Australien,lo.unisa.edu.au,8511,1080,1920
Ozeanien,Australien,login.my.gov.au,64382,1514,1920
Ozeanien,Australien,my.gov.au,836291,2165,1920
Ozeanien,Australien,myrecord.ehealth.gov.au,64382,1514,1920
Ozeanien,Australien,myuni.adelaide.edu.au,2199213,1080,1920
Ozeanien,Australien,online.fireflyeducation.com.au,112655,1080,1920
Ozeanien,Australien,reg.bom.gov.au,1092084,1985,1920
Ozeanien,Australien,scholar.google.com.au,37982,1080,1920
Ozeanien,Australien,shop.symbion.com.au,722743,1470,1920
Ozeanien,Australien,uclearn.canberra.edu.au,43565,1080,1920
Ozeanien,Australien,workspaces.pexa.com.au,49372,1080,1920
Ozeanien,Australien,www.afl.com.au,2408282,9544,1920
Ozeanien,Australien,www.allhomes.com.au,2601221,3605,1920
Ozeanien,Australien,www.amartfurniture.com.au,3406593,10636,1920
Ozeanien,Australien,www.ancestry.com.au,35583,1080,1920
Ozeanien,Australien,www.boatsonline.com.au,1064970,2052,1920
Ozeanien,Australien,www.bunnings.com.au,46636,1080,1920
Ozeanien,Australien,www.carsales.com.au,126056,1080,1920
Ozeanien,Australien,www.carsguide.com.au,8511,1080,1920
Ozeanien,Australien,www.chemistwarehouse.com.au,47203,1080,1920
Ozeanien,Australien,www.citychic.com.au,86982,1080,1920
Ozeanien,Australien,www.coinspot.com.au,944406,6018,1920
Ozeanien,Australien,www.coles.com.au,83444,1080,1920
Ozeanien,Australien,www.cricket.com.au,4544798,7896,1955
Ozeanien,Australien,www.drive.com.au,2617585,7964,1920
Ozeanien,Australien,www.ebgames.com.au,47216,1080,1920
Ozeanien,Australien,www.eldersweather.com.au,1402459,3745,1920
Ozeanien,Australien,www.flightcentre.com.au,3277722,5220,1920
Ozeanien,Australien,www.gumtree.com.au,8511,1080,1920
Ozeanien,Australien,www.harness.org.au,1286279,2324,1920
Ozeanien,Australien,www.harrisscarfe.com.au,3792902,5118,1930
Ozeanien,Australien,www.heraldsun.com.au,84179,1080,1920
Ozeanien,Australien,www.kmart.com.au,29808,1080,1920
Ozeanien,Australien,www.lloydsonline.com.au,4882838,5492,1920
Ozeanien,Australien,www.marketindex.com.au,48021,1080,1920
Ozeanien,Australien,www.myer.com.au,4820292,8953,1920
Ozeanien,Australien,www.ozbargain.com.au,2404015,7427,1920
Ozeanien,Australien,www.peteralexander.com.au,3640876,5207,1920
Ozeanien,Australien,www.realbabes.com.au,46995,1080,1920
Ozeanien,Australien,www.skynews.com.au,3397581,9559,1920
Ozeanien,Australien,www.sportsbet.com.au,29786,1080,1920
Ozeanien,Australien,www.sussan.com.au,10624782,5824,1920
Ozeanien,Australien,www.sydney.edu.au,5501695,8616,1920
Ozeanien,Australien,www.thenewdaily.com.au,48339,1080,1920
Ozeanien,Australien,www.vicroads.vic.gov.au,47587,1080,1920
Ozeanien,Australien,www.weatherzone.com.au,1240505,3764,1920
Ozeanien,Australien,www.westpac.com.au,1997695,7286,1920
Ozeanien,Australien,www.willyweather.com.au,244389,1504,1920
Ozeanien,Australien,www.woolworths.com.au,29692,1080,1920
Ozeanien,Australien,www.xxxx.com.au,47322,1080,1920
Ozeanien,Australien,www.yourtv.com.au,1575137,5536,1920
Ozeanien,Australien,www2.my.commbiz.commbank.com.au,904221,1501,1920
Europa,Belgien,auvio.rtbf.be,1474087,10096,1920
Europa,Belgien,bithumen.be,47447,1080,1920
Europa,Belgien,dagelijksekost.vrt.be,2412548,7944,1920
Europa,Belgien,hoo.be,1138924,4967,1920
Europa,Belgien,idp.iamfas.belgium.be,73656,1080,1920
Europa,Belgien,jysk.be,1850000,6664,1920
Europa,Belgien,kinepolis.be,39986,1080,1920
Europa,Belgien,mijn.fluvius.be,89218,1080,1920
Europa,Belgien,moodle.uclouvain.be,144461,1080,1920
Europa,Belgien,my.billit.be,81238,1080,1920
Europa,Belgien,mycitizenebox.belgium.be,690613,1080,1920
Europa,Belgien,myprivacy.dpgmedia.be,15017,1080,1920
Europa,Belgien,reserva.be,43579,1080,1920
Europa,Belgien,secure.telenet.be,39935,1080,1920
Europa,Belgien,soirmag.lesoir.be,29383,1080,1920
Europa,Belgien,starcasino.be,314309,1080,1920
Europa,Belgien,toledo.kuleuven.be,404856,2279,1920
Europa,Belgien,ufora.ugent.be,60815,1080,1920
Europa,Belgien,www.2ememain.be,3505616,8835,1920
Europa,Belgien,www.7sur7.be,3950069,10131,1920
Europa,Belgien,www.ah.be,2277597,3730,1920
Europa,Belgien,www.amazon.com.be,3124327,5334,1920
Europa,Belgien,www.autoscout24.be,407957,1080,1920
Europa,Belgien,www.az888.be,2569340,3266,1920
Europa,Belgien,www.befr.ebay.be,1697869,2559,1920
Europa,Belgien,www.belgiantrain.be,49846,1145,1920
Europa,Belgien,www.beobank.be,1391942,4761,1920
Europa,Belgien,www.brico.be,1771547,4346,1920
Europa,Belgien,www.buienradar.be,235821,2611,1920
Europa,Belgien,www.carrefour.be,86439,1080,1920
Europa,Belgien,www.circus-casino.be,70459,1080,1920
Europa,Belgien,www.companyweb.be,1221980,7260,1920
Europa,Belgien,www.coolblue.be,21764,1080,1920
Europa,Belgien,www.decathlon.be,44428,1080,1920
Europa,Belgien,www.dela.be,1789708,2702,1920
Europa,Belgien,www.delhaize.be,2052202,4477,1920
Europa,Belgien,www.delijn.be,1823927,3810,1920
Europa,Belgien,www.demorgen.be,7208404,10734,1920
Europa,Belgien,www.doctoranytime.be,1241231,5668,1920
Europa,Belgien,www.drawnames.be,985983,6433,1920
Europa,Belgien,www.dreamland.be,335993,4210,1920
Europa,Belgien,www.electrodepot.be,1399434,4076,1920
Europa,Belgien,www.engie.be,1873468,3910,1920
Europa,Belgien,www.eurotierce.be,1086447,2886,1920
Europa,Belgien,www.fr.fnac.be,109788,1080,1920
Europa,Belgien,www.gamma.be,1881202,5637,1920
Europa,Belgien,www.gva.be,6284616,13295,1920
Europa,Belgien,www.hbvl.be,41402,1080,1920
Europa,Belgien,www.hubo.be,2104439,3650,1920
Europa,Belgien,www.humo.be,3058913,8943,1920
Europa,Belgien,www.kiabi.be,53005,1080,1920
Europa,Belgien,www.lalibre.be,3749421,17045,1920
Europa,Belgien,www.laredoute.be,52685,1080,1920
Europa,Belgien,www.leforem.be,2290663,5071,1920
Europa,Belgien,www.lesoir.be,30036,1080,1920
Europa,Belgien,www.libelle-lekker.be,6100093,6569,1920
Europa,Belgien,www.lidl.be,3515630,9789,1920
Europa,Belgien,www.loterie-nationale.be,66406,1080,1920
Europa,Belgien,www.made-in.be,3508542,8677,1920
Europa,Belgien,www.mediamarkt.be,44288,1080,1920
Europa,Belgien,www.meteovista.be,46555,1080,1920
Europa,Belgien,www.minfin.fgov.be,75767,1080,1920
Europa,Belgien,www.nationale-loterij.be,66406,1080,1920
Europa,Belgien,www.orange.be,2474266,5133,2293
Europa,Belgien,www.parismatch.be,2909735,18998,1920
Europa,Belgien,www.proximus.be,537149,4000,1920
Europa,Belgien,www.quartier-rouge.be,959052,4616,1920
Europa,Belgien,www.redlights.be,1012290,4616,1920
Europa,Belgien,www.rtl.be,4278715,16442,1920
Europa,Belgien,www.standaard.be,44479,1080,1920
Europa,Belgien,www.standaardboekhandel.be,1568879,4420,1920
Europa,Belgien,www.stib-mivb.be,879164,3575,1920
Europa,Belgien,www.ticketmaster.be,2955430,4422,1920
Europa,Belgien,www.torfs.be,4302044,5889,1920
Europa,Belgien,www.tripadvisor.be,47198,1080,1920
Europa,Belgien,www.tui.be,30082,1080,1920
Europa,Belgien,www.vandenborre.be,1632369,3959,1920
Europa,Belgien,www.vinted.be,2983940,3793,1920
Europa,Belgien,www.vivastreet.be,1048938,1372,1920
Europa,Belgien,www.walfoot.be,886605,4844,1920
Europa,Belgien,www.zalando.be,104041,1080,1920
Europa,Belgien,www.zimmo.be,43319,1080,1920
Europa,Belgien,www2.telenet.be,1200780,3894,1920
Südamerika,Bolivien,amarket.com.bo,1718328,5173,1920
Südamerika,Bolivien,apppro.bcp.com.bo,2097780,4913,1935
Südamerika,Bolivien,aula.uajms.edu.bo,1000218,1080,1920
Südamerika,Bolivien,aulasvirtuales.usfx.bo,14245,1080,1920
Südamerika,Bolivien,bancounion.com.bo,2692723,3109,1920
Südamerika,Bolivien,biopetrol.com.bo,1462003,4699,1920
Südamerika,Bolivien,bnet.bmsc.com.bo,245977,1080,1920
Südamerika,Bolivien,bocapp.tigo.net.bo,86736,1080,1920
Südamerika,Bolivien,bonojuancitopinto.minedu.gob.bo,3174444,2499,1920
Südamerika,Bolivien,campus.cumbre.edu.bo,127410,2130,1920
Südamerika,Bolivien,campus.usfx.bo,19624,1080,1920
Südamerika,Bolivien,clasificados.eldeber.com.bo,1455812,3884,1920
Südamerika,Bolivien,computo.oep.org.bo,37624,1080,1920
Südamerika,Bolivien,consulados.cancilleria.gob.bo,38227,1080,1920
Südamerika,Bolivien,consultabjp.minedu.gob.bo,3174442,2499,1920
Südamerika,Bolivien,corporativo.boa.bo,8511,1080,1920
Südamerika,Bolivien,cuentasonline.bancosol.com.bo,38433,1080,1920
Südamerika,Bolivien,diplomadosia.up.edu.bo,1664347,3105,1920
Südamerika,Bolivien,doc.umsa.bo,292462,2203,1920
Südamerika,Bolivien,dramacool.com.bo,2030275,2172,1920
Südamerika,Bolivien,erbol.com.bo,5957809,10611,1935
Südamerika,Bolivien,estadodigital.mingobierno.gob.bo,1590283,2698,1920
Südamerika,Bolivien,estudiantes.uecologica.edu.bo,51487,1080,1920
Südamerika,Bolivien,evento.minedu.gob.bo,33147,1080,1920
Südamerika,Bolivien,fiva.impuestos.gob.bo,46136,1080,1920
Südamerika,Bolivien,fsa.bo,4671673,9113,1920
Südamerika,Bolivien,futbol.unitel.bo,1854412,2986,1920
Südamerika,Bolivien,genex.com.bo,979391,2754,1920
Südamerika,Bolivien,hydro.anh.gob.bo,23874,1080,1920
Südamerika,Bolivien,inscripcion.uagrm.edu.bo,182015,1181,1920
Südamerika,Bolivien,lapaz.bo,2700421,8340,1920
Südamerika,Bolivien,larazon.bo,85610,1080,1920
Südamerika,Bolivien,lms.ucb.edu.bo,242629,1080,1920
Südamerika,Bolivien,maestrias.up.edu.bo,1287660,3491,1920
Südamerika,Bolivien,mi.tigo.com.bo,86465,1080,1920
Südamerika,Bolivien,ocepbprueba3.minedu.gob.bo,1043582,1080,1920
Südamerika,Bolivien,oficinavirtual.gestora.bo,8511,1080,1920
Südamerika,Bolivien,perfil.uagrm.edu.bo,55854,1080,1920
Südamerika,Bolivien,portal.upds.edu.bo,347405,1080,1920
Südamerika,Bolivien,presencial.uagrm.edu.bo,232165,1080,1920
Südamerika,Bolivien,profe.minedu.gob.bo,1561618,6050,1920
Südamerika,Bolivien,radios.com.bo,326675,1643,1920
Südamerika,Bolivien,red.minedu.gob.bo,1791039,5549,1920
Südamerika,Bolivien,redesdegasenlinea.ypfb.gob.bo,689455,1080,1920
Südamerika,Bolivien,redux.com.bo,2103506,4780,1920
Südamerika,Bolivien,rvcc.impuestos.gob.bo,8511,1080,1920
Südamerika,Bolivien,si2.usfx.bo,485844,1158,1920
Südamerika,Bolivien,siat.impuestos.gob.bo,468459,1080,1920
Südamerika,Bolivien,siatinfo.impuestos.gob.bo,363973,2143,1920
Südamerika,Bolivien,sie.unefco.edu.bo,31450,1080,1920
Südamerika,Bolivien,sifm.minedu.gob.bo,77065,1080,1935
Südamerika,Bolivien,siged.sie.gob.bo,71154,1080,1920
Südamerika,Bolivien,sigep.gob.bo,115028,1080,1920
Südamerika,Bolivien,sirepre.oep.org.bo,37277,1080,1920
Südamerika,Bolivien,sis.cnslp.gob.bo,1066291,1137,1920
Südamerika,Bolivien,television.unitel.bo,922251,1658,1920
Südamerika,Bolivien,trabajando.com.bo,526891,3663,1920
Südamerika,Bolivien,transcopacabanasa.com.bo,2426141,2985,1920
Südamerika,Bolivien,uninetplus.bancounion.com.bo,1354389,1878,1920
Südamerika,Bolivien,unitel.bo,3199103,7268,1920
Südamerika,Bolivien,universitarios.usfx.bo,92900,1214,1920
Südamerika,Bolivien,virtual.uagrm.edu.bo,342253,1492,1920
Südamerika,Bolivien,virtual.udabol.edu.bo,31664,1080,1920
Südamerika,Bolivien,virtual.upds.edu.bo,728136,1080,1920
Südamerika,Bolivien,web.cyco.bmsc.com.bo,13474,1080,1920
Südamerika,Bolivien,web.oep.org.bo,37250,1080,1920
Südamerika,Bolivien,www.aduana.gob.bo,1674211,3904,1932
Südamerika,Bolivien,www.baneco.com.bo,2594484,4321,1920
Südamerika,Bolivien,www.bg.com.bo,3298738,3728,1920
Südamerika,Bolivien,www.bmsc.com.bo,477372,3913,1920
Südamerika,Bolivien,www.boa.bo,82353,1080,1920
Südamerika,Bolivien,www.cba.com.bo,3773261,6229,1920
Südamerika,Bolivien,www.cossmil.mil.bo,2511762,3578,1932
Südamerika,Bolivien,www.dismac.com.bo,1505543,6638,1920
Südamerika,Bolivien,www.entel.bo,1009654,2641,1920
Südamerika,Bolivien,www.impuestos.gob.bo,2507682,3433,1920
Südamerika,Bolivien,www.ine.gob.bo,1640768,3526,1920
Südamerika,Bolivien,www.locanto.com.bo,44143,1080,1920
Südamerika,Bolivien,www.meteored.com.bo,329316,2016,1920
Südamerika,Bolivien,www.oep.org.bo,37359,1080,1920
Südamerika,Bolivien,www.opinion.com.bo,5667209,14973,1920
Südamerika,Bolivien,www.panamericana.bo,2007216,6579,1920
Südamerika,Bolivien,www.redbolivision.tv.bo,2764801,12307,1920
Südamerika,Bolivien,www.reduno.com.bo,5536758,12406,1920
Südamerika,Bolivien,www.ruat.gob.bo,461293,2385,1920
Südamerika,Bolivien,www.seprec.gob.bo,1799396,4642,1920
Südamerika,Bolivien,www.sicoes.gob.bo,358535,1642,1920
Südamerika,Bolivien,yoparticipo.oep.org.bo,37665,1080,1920
Südamerika,Brasilien,7games.bet.br,131686,1114,1920
Südamerika,Brasilien,7k.bet.br,25293,1080,1920
Südamerika,Brasilien,betao.bet.br,128132,1114,1920
Südamerika,Brasilien,betesporte.bet.br,374264,1080,1920
Südamerika,Brasilien,betnacional.bet.br,65204,1080,1920
Südamerika,Brasilien,cassino.bet.br,25293,1080,1920
Südamerika,Brasilien,enem.inep.gov.br,1561863,3725,1920
Südamerika,Brasilien,eproc1g.tjrs.jus.br,13186,1080,1920
Südamerika,Brasilien,ibpj.sicredi.com.br,30016,1080,1920
Südamerika,Brasilien,m.esportesdasorte.bet.br,773233,1080,1920
Südamerika,Brasilien,m.ona.bet.br,41849,1080,1920
Südamerika,Brasilien,m.vaidebet.bet.br,771067,1080,1920
Südamerika,Brasilien,r7.bet.br,123081,1114,1920
Südamerika,Brasilien,solucoes.receita.fazenda.gov.br,938906,6169,1920
Südamerika,Brasilien,veja.abril.com.br,2696355,10299,1920
Südamerika,Brasilien,www.bet365.bet.br,87501,1080,1920
Südamerika,Brasilien,www.betano.bet.br,146321,1080,1920
Südamerika,Brasilien,www.brazino777.bet.br,6197068,8647,1920
Südamerika,Brasilien,www.claro.com.br,39572,1080,1920
Südamerika,Brasilien,www.correiobraziliense.com.br,4221643,12847,1920
Südamerika,Brasilien,www.detran.sp.gov.br,223724,1080,1920
Südamerika,Brasilien,www.diariodolitoral.com.br,4253675,6546,1920
Südamerika,Brasilien,www.gazetasp.com.br,47598,1080,1920
Südamerika,Brasilien,www.gov.br,2782374,7669,1920
Südamerika,Brasilien,www.imovelweb.com.br,46474,1080,1920
Südamerika,Brasilien,www.ipmetradar.com.br,1329476,4875,1920
Südamerika,Brasilien,www.portaltemponovo.com.br,2023719,6537,1920
Südamerika,Brasilien,www.sportingbet.bet.br,32059,1914,1920
Südamerika,Brasilien,www.vivareal.com.br,86456,1080,1920
Südamerika,Chile,agenda.redsalud.cl,10735,1080,1920
Südamerika,Chile,app.bsale.cl,574392,1080,1920
Südamerika,Chile,app.ctrlit.cl,202095,1080,1920
Südamerika,Chile,aula.usm.cl,14089,1080,1920
Südamerika,Chile,bubbabags.cl,995338,4084,1920
Südamerika,Chile,cannonhome.cl,6933046,9272,2400
Südamerika,Chile,catalogo.movistar.cl,1980319,14468,1920
Südamerika,Chile,centrodeayudaonline.clarochile.cl,50470,1080,1920
Südamerika,Chile,cinepolischile.cl,2427140,2346,1920
Südamerika,Chile,claveunica.gob.cl,8511,1080,1920
Südamerika,Chile,dalealbo.cl,2895227,7221,1920
Südamerika,Chile,eldesconcierto.cl,4665341,9960,1920
Südamerika,Chile,emisora.cl,286716,1643,1920
Südamerika,Chile,escortnorte.cl,5434155,3812,1920
Südamerika,Chile,jugabet.cl,44127,1080,2000
Südamerika,Chile,loa.sii.cl,9911,1080,1920
Südamerika,Chile,login.portalempresas.bancochile.cl,1564097,1080,1920
Südamerika,Chile,miperfil.entel.cl,8511,1080,1920
Südamerika,Chile,misiir.sii.cl,9911,1080,1920
Südamerika,Chile,newbalance.cl,1327448,3421,1920
Südamerika,Chile,nueva.afpmodelo.cl,590397,3871,1920
Südamerika,Chile,pagofacilwom.cl,975347,3465,1920
Südamerika,Chile,postulacion.beneficiosestudiantiles.cl,224983,1430,1920
Südamerika,Chile,practicatest.cl,2416653,5901,1920
Südamerika,Chile,preunic.cl,8511,1080,1920
Südamerika,Chile,proyecto.webescuela.cl,3447260,1389,1920
Südamerika,Chile,redgol.cl,3374654,11678,1920
Südamerika,Chile,reservo.cl,2618014,10215,1920
Südamerika,Chile,sence.gob.cl,2092754,4113,1920
Südamerika,Chile,silkperfumes.cl,3820849,9749,1920
Südamerika,Chile,tramites.extranjeria.gob.cl,226318,1688,1920
Südamerika,Chile,webafiliados.afc.cl,23874,1080,1920
Südamerika,Chile,ww2.movistar.cl,491256,1116,1920
Südamerika,Chile,www.abc.cl,5994873,6572,1920
Südamerika,Chile,www.ayudamineduc.cl,991427,2169,1920
Südamerika,Chile,www.bancofalabella.cl,39083,1100,1920
Südamerika,Chile,www.bancoripley.cl,798787,6481,1920
Südamerika,Chile,www.bcn.cl,2168703,4514,1920
Südamerika,Chile,www.blue.cl,775099,3426,1920
Südamerika,Chile,www.chileatiende.gob.cl,408934,3484,1920
Südamerika,Chile,www.chileautos.cl,1837126,3808,1920
Südamerika,Chile,www.chiletrabajos.cl,715368,4042,1920
Südamerika,Chile,www.chilevision.cl,3493146,8109,1920
Südamerika,Chile,www.clarochile.cl,47998,1080,1920
Südamerika,Chile,www.construmart.cl,3246813,5690,1920
Südamerika,Chile,www.converse.cl,3203517,3994,1920
Südamerika,Chile,www.correos.cl,22242,1080,1920
Südamerika,Chile,www.cruzverde.cl,2541982,6462,1920
Südamerika,Chile,www.curriculumnacional.cl,2470598,6041,1920
Südamerika,Chile,www.decathlon.cl,44251,1080,1920
Südamerika,Chile,www.despegar.cl,40834,1080,1920
Südamerika,Chile,www.drsimi.cl,1660013,5969,1920
Südamerika,Chile,www.efe.cl,2852764,3582,1920
Südamerika,Chile,www.eliteperfumes.cl,1839369,10571,1920
Südamerika,Chile,www.elmostrador.cl,2031630,9489,1920
Südamerika,Chile,www.farmaciasahumada.cl,5254939,7395,1920
Südamerika,Chile,www.flashscore.cl,1279655,8745,1920
Südamerika,Chile,www.flixbus.cl,1347500,2817,1920
Südamerika,Chile,www.gob.cl,41589,1080,1920
Südamerika,Chile,www.integramedica.cl,3046341,5986,1920
Südamerika,Chile,www.jumbo.cl,1300528,6342,1920
Südamerika,Chile,www.kameone.cl,649140,1080,1920
Südamerika,Chile,www.lider.cl,29085,1112,1920
Südamerika,Chile,www.locanto.cl,41670,1080,1920
Südamerika,Chile,www.loteria.cl,2875934,2076,1920
Südamerika,Chile,www.mega.cl,10240324,12153,1920
Südamerika,Chile,www.meganoticias.cl,9892865,14917,1920
Südamerika,Chile,www.pcfactory.cl,3735559,7476,1920
Südamerika,Chile,www.red.cl,1637091,4644,1920
Südamerika,Chile,www.servel.cl,975293,3218,1920
Südamerika,Chile,www.sistemadeadmisionescolar.cl,323713,2080,1920
Südamerika,Chile,www.sodimac.cl,43337,1080,1920
Südamerika,Chile,www.t13.cl,1534516,9957,1920
Südamerika,Chile,www.tgr.cl,31407,1088,1920
Südamerika,Chile,www.theclinic.cl,3873888,10301,1920
Südamerika,Chile,www.tiendacopec.cl,4640589,5563,1920
Südamerika,Chile,www.trabajando.cl,1253371,3717,2020
Südamerika,Chile,www.twinkl.cl,754218,3089,1920
Südamerika,Chile,www.viajesfalabella.cl,40898,1080,1920
Südamerika,Chile,www.wenas.cl,10020803,7815,1920
Südamerika,Chile,www.yapo.cl,2221094,5443,1935
Südamerika,Chile,www1.sii.cl,9911,1080,1920
Südamerika,Chile,www2.sii.cl,165822,1080,1920
Südamerika,Chile,www4.sii.cl,165822,1080,1920
Asien,China,2fa.cn,49240,1080,1920
Asien,China,365.kdocs.cn,8511,1080,1920
Asien,China,accounts.feishu.cn,12305,1080,1920
Asien,China,alienth.cn,1622877,8977,1920
Asien,China,amazon.rooomy.com.cn,71933,1080,1920
Asien,China,api.e-toys.cn,873854,1080,1920
Asien,China,bb.cuhk.edu.cn,389975,1080,1920
Asien,China,bbs.kafan.cn,942851,3430,1920
Asien,China,bbs.nga.cn,29989,1080,1920
Asien,China,bf.7m.com.cn,2096483,7034,1920
Asien,China,bio.visaforchina.cn,1060390,1080,1920
Asien,China,bm.scs.gov.cn,37832,1080,1920
Asien,China,buyer-h5.cantonfair.org.cn,112159,1080,1920
Asien,China,coach.haoyueke.cn,30305,1080,1920
Asien,China,coe.leme.hk.cn,6755826,3876,1920
Asien,China,consular.mfa.gov.cn,8511,1080,1920
Asien,China,course.pku.edu.cn,871291,1080,1920
Asien,China,cova.mfa.gov.cn,320668,1080,1920
Asien,China,crm.xiaoman.cn,73083,1080,1920
Asien,China,data.7m.com.cn,944173,1548,1920
Asien,China,dazi.kukuw.cn,696636,1080,1920
Asien,China,e-cda.cn,1877934,3005,1920
Asien,China,ext.dcloud.net.cn,883914,3789,1920
Asien,China,finance.sina.com.cn,3411853,6414,1920
Asien,China,flowus.cn,1734875,8313,1920
Asien,China,g6.globalwits.cn,1148548,1080,1920
Asien,China,gdlusdt.cn,400380,1331,1920
Asien,China,htcs.jtexpress.com.cn,8511,1080,1920
Asien,China,ic.ustc.edu.cn,3810523,3262,1920
Asien,China,info.warning.360.cn,14839,1080,1920
Asien,China,iq.feishu.cn,298285,1080,1920
Asien,China,juejin.cn,127824,1080,1920
Asien,China,k2.tensormedia.cn,499799,1080,1920
Asien,China,kyfw.12306.cn,115035,1080,1920
Asien,China,leetcode.cn,42947,1080,1920
Asien,China,littleskin.cn,2531166,1773,1920
Asien,China,lotto.sina.cn,353577,1080,1920
Asien,China,m.chinesetest.cn,1593376,3592,1920
Asien,China,m.gamespot.com.cn,1212391,2398,1920
Asien,China,mi.feishu.cn,12291,1080,1920
Asien,China,mirrors.tuna.tsinghua.edu.cn,1119156,7289,1920
Asien,China,my.chsi.com.cn,199882,8640,1920
Asien,China,my.duoplus.cn,116320,1080,1920
Asien,China,oc.sjtu.edu.cn,104496,1080,1920
Asien,China,open.feishu.cn,584024,1080,1920
Asien,China,pan.quark.cn,1214907,4141,1920
Asien,China,paper.people.com.cn,532609,1247,1920
Asien,China,portal.bshg.com.cn,113920,1080,1920
Asien,China,project.feishu.cn,2867372,13136,1920
Asien,China,pss-system.cponline.cnipa.gov.cn,8511,1080,1920
Asien,China,rastarsdd.wjx.cn,20179,1080,1920
Asien,China,seller.shopee.cn,16244,1080,1920
Asien,China,space.coze.cn,62910,1080,1920
Asien,China,stock.finance.sina.com.cn,515994,1454,1920
Asien,China,team-sg.data.maidaotech.cn,12222,1080,1920
Asien,China,weather.cma.cn,1450598,2505,1920
Asien,China,wecruit.hotjob.cn,14089,1080,1920
Asien,China,www.amziale.cn,1180898,4061,1920
Asien,China,www.apple.com.cn,2546501,4864,1920
Asien,China,www.asus.com.cn,509140,1080,1920
Asien,China,www.boc.cn,985006,2660,1920
Asien,China,www.cantonfair.org.cn,2846359,4659,1920
Asien,China,www.cecet.cn,1762336,2348,1920
Asien,China,www.chsi.com.cn,8511,1080,1920
Asien,China,www.coze.cn,208629,1080,1920
Asien,China,www.dm5.cn,9233558,7299,1920
Asien,China,www.guancha.cn,6544977,24120,1920
Asien,China,www.italent.cn,36523,1080,1920
Asien,China,www.kuwee.cn,1873758,4673,1920
Asien,China,www.lakawon.cn,878862,2140,1920
Asien,China,www.letpub.com.cn,1831802,3676,1920
Asien,China,www.pokemon.cn,2902989,2727,1920
Asien,China,www.scpta.com.cn,294014,1317,1920
Asien,China,www.speedtest.cn,944199,5455,1920
Asien,China,www.tapd.cn,406147,1080,1920
Asien,China,www.taptap.cn,1013941,4827,1920
Asien,China,www.visaforchina.cn,1060390,1080,1920
Asien,China,www.weather.com.cn,2718366,3789,1920
Asien,China,www.wjx.cn,1459781,8215,1920
Asien,China,www.xiaoheihe.cn,1008179,1080,1920
Asien,China,www.xtransfer.cn,1809382,3673,1920
Asien,China,www.y2mate.com.cn,418151,1958,1920
Asien,China,www.zcool.com.cn,10210832,5528,1920
Asien,China,www2.scut.edu.cn,692738,3935,1920
Asien,China,zb.yuyantv.cn,1390905,3994,1920
Asien,China,zh.moegirl.org.cn,2559071,4636,1920
Nordamerika,Costa Rica,aliss.cr,1457072,5627,1920
Nordamerika,Costa Rica,amp.telediario.cr,1400364,9671,1920
Nordamerika,Costa Rica,aprende.uned.ac.cr,482736,1268,1920
Nordamerika,Costa Rica,archivo.revistas.ucr.ac.cr,8932457,64331,1920
Nordamerika,Costa Rica,atv.hacienda.go.cr,310638,1080,1920
Nordamerika,Costa Rica,aulavirtual.coned.ac.cr,253477,1229,1920
Nordamerika,Costa Rica,auth.bncr.fi.cr,1480548,1080,1920
Nordamerika,Costa Rica,autoformacion.mep.go.cr,86405,1080,1920
Nordamerika,Costa Rica,bncr.bnonline.fi.cr,1480548,1080,1920
Nordamerika,Costa Rica,bnservicios.bncr.fi.cr,1480548,1080,1920
Nordamerika,Costa Rica,bnshop.bncr.fi.cr,1154463,6483,1920
Nordamerika,Costa Rica,canalvirtual.bancopopular.fi.cr,17252,1080,1920
Nordamerika,Costa Rica,carbonestore.cr,2868977,4606,1920
Nordamerika,Costa Rica,correo.ucr.ac.cr,483120,1080,1920
Nordamerika,Costa Rica,correos.go.cr,688598,1958,1920
Nordamerika,Costa Rica,dgec.mep.go.cr,86683,1080,1920
Nordamerika,Costa Rica,dgthenlinea.mep.go.cr,86580,1080,1920
Nordamerika,Costa Rica,dianeandgeordi.cr,2339295,6015,1920
Nordamerika,Costa Rica,ecc.ac.cr,41125,1080,1920
Nordamerika,Costa Rica,educa.uned.ac.cr,490863,1268,1920
Nordamerika,Costa Rica,elmundo.cr,2551074,8303,1920
Nordamerika,Costa Rica,enlinea.davivienda.cr,52587,1080,1920
Nordamerika,Costa Rica,entornovirtual.ucatolica.ac.cr,85463,1080,1920
Nordamerika,Costa Rica,epson.co.cr,3344385,3848,1920
Nordamerika,Costa Rica,gee.bccr.fi.cr,23874,1080,1920
Nordamerika,Costa Rica,global.ucr.ac.cr,122594,1080,1920
Nordamerika,Costa Rica,hac.cr,3377686,10087,3160
Nordamerika,Costa Rica,kemono.cr,1696967,1080,1920
Nordamerika,Costa Rica,kickasstorrent.cr,41423,1080,1920
Nordamerika,Costa Rica,kickasstorrents.cr,994929,4467,1920
Nordamerika,Costa Rica,moodle.uh.ac.cr,458447,1452,1920
Nordamerika,Costa Rica,mundohonda.cr,1507295,1377,1920
Nordamerika,Costa Rica,ori.ucr.ac.cr,1457575,3367,1920
Nordamerika,Costa Rica,ovitribucr.hacienda.go.cr,10824,1080,1920
Nordamerika,Costa Rica,paquetes.miclaro.cr,48073,1080,1920
Nordamerika,Costa Rica,pjenlinea.poder-judicial.go.cr,24828,1080,1920
Nordamerika,Costa Rica,pjenlineacr.poder-judicial.go.cr,19713,1080,1920
Nordamerika,Costa Rica,radios.co.cr,314836,1643,1920
Nordamerika,Costa Rica,saint2.cr,2789408,1080,1920
Nordamerika,Costa Rica,servicios.migracion.go.cr,86507,1080,1920
Nordamerika,Costa Rica,servicioselectorales.tse.go.cr,23874,1080,1920
Nordamerika,Costa Rica,siri.rnp.go.cr,61291,1080,1920
Nordamerika,Costa Rica,tecdigital.tec.ac.cr,339768,1080,1920
Nordamerika,Costa Rica,ticaconsultas.hacienda.go.cr,125773,1080,1920
Nordamerika,Costa Rica,tuedicto.cr,19273,1080,1920
Nordamerika,Costa Rica,uabierta.uned.ac.cr,411209,1168,1920
Nordamerika,Costa Rica,vianney.cr,1908247,4294,1920
Nordamerika,Costa Rica,virtual.cunlimon.ac.cr,30760,1080,1920
Nordamerika,Costa Rica,web.imas.go.cr,22446,1080,1920
Nordamerika,Costa Rica,www.airbnb.co.cr,168873,1252,1920
Nordamerika,Costa Rica,www.amway.co.cr,47654,1080,1920
Nordamerika,Costa Rica,www.ane.cr,2082232,6016,1920
Nordamerika,Costa Rica,www.bancopopular.fi.cr,1262862,9305,1920
Nordamerika,Costa Rica,www.bebemundo.co.cr,494441,3377,1920
Nordamerika,Costa Rica,www.changan.cr,37383,1080,1920
Nordamerika,Costa Rica,www.claro.cr,2813334,5947,1920
Nordamerika,Costa Rica,www.csv.go.cr,22048,1080,1920
Nordamerika,Costa Rica,www.cucvirtual.ac.cr,597911,1379,1920
Nordamerika,Costa Rica,www.facturaelectronica.cr,1747954,5089,1920
Nordamerika,Costa Rica,www.fill.cr,1315909,1080,1920
Nordamerika,Costa Rica,www.hacienda.go.cr,478033,1888,1920
Nordamerika,Costa Rica,www.imprentanacional.go.cr,48652,1080,1920
Nordamerika,Costa Rica,www.ina.ac.cr,457384,1080,1920
Nordamerika,Costa Rica,www.inainscripcioncursos.ac.cr,463487,1966,1920
Nordamerika,Costa Rica,www.intelec.co.cr,1304098,8277,1925
Nordamerika,Costa Rica,www.jps.go.cr,45110,1080,1920
Nordamerika,Costa Rica,www.jpsenlinea.go.cr,76864,1080,1920
Nordamerika,Costa Rica,www.lateja.cr,2730238,6549,1920
Nordamerika,Costa Rica,www.manual.cr,1179792,9296,1920
Nordamerika,Costa Rica,www.maxipali.co.cr,1656634,5475,6772
Nordamerika,Costa Rica,www.mep.go.cr,86171,1080,1920
Nordamerika,Costa Rica,www.officedepot.co.cr,3142003,4227,13440
Nordamerika,Costa Rica,www.oficinavirtual.opcccss.fi.cr,79679,1080,1930
Nordamerika,Costa Rica,www.pacifiko.cr,50074,1080,1920
Nordamerika,Costa Rica,www.payless.cr,36371,4657,1920
Nordamerika,Costa Rica,www.registronacional.go.cr,21040,1080,1920
Nordamerika,Costa Rica,www.seguridadpublica.go.cr,2024649,5060,1935
Nordamerika,Costa Rica,www.sicop.go.cr,412001,1998,1920
Nordamerika,Costa Rica,www.sinac.go.cr,37027,1080,1920
Nordamerika,Costa Rica,www.suzuki.cr,37030,1080,1920
Nordamerika,Costa Rica,www.tiendamia.cr,71011,1080,1920
Nordamerika,Costa Rica,www.tse.go.cr,104295,1080,1920
Nordamerika,Costa Rica,www.ubuy.cr,85560,1136,1920
Nordamerika,Costa Rica,www.usanmarcos.ac.cr,2916152,8129,1920
Nordamerika,Costa Rica,www.walmart.co.cr,386341,7332,9074
Europa,Deutschland,web.arbeitsagentur.de,1995651,4385,1920
Europa,Deutschland,www.abendblatt.de,4322951,19354,1965
Europa,Deutschland,www.deine-tierwelt.de,2911247,5805,1920
Europa,Deutschland,www.desired.de,4128565,15633,1920
Europa,Deutschland,www.dm.de,2156177,9029,1920
Europa,Deutschland,www.einfachbacken.de,7353956,9056,1920
Europa,Deutschland,www.fernsehserien.de,1230565,8265,1920
Europa,Deutschland,www.gamestar.de,3209113,10463,1920
Europa,Deutschland,www.gegen-hartz.de,2852097,6846,1920
Europa,Deutschland,www.gold.de,1043189,6894,1920
Europa,Deutschland,www.hoerzu.de,2246785,4186,1920
Europa,Deutschland,www.kino.de,2558125,7649,1920
Europa,Deutschland,www.mediamarkt.de,2648707,8167,1920
Europa,Deutschland,www.obi.de,3674783,8128,1920
Europa,Deutschland,www.parfumo.de,86944,1080,1920
Europa,Deutschland,www.presseportal.de,2307614,6718,1920
Europa,Deutschland,www.quoka.de,3188117,7904,1920
Europa,Deutschland,www.rewe.de,138436,1283,1920
Europa,Deutschland,www.rs-pankratz.de,3167774,5100,1920
Europa,Deutschland,www.ruhr24.de,1515942,11260,1920
Europa,Deutschland,www.skyscanner.de,101911,1080,1920
Europa,Deutschland,www.sport.de,3286985,15341,1920
Europa,Deutschland,www.sportschau.de,3569196,11912,1920
Europa,Deutschland,www.thueringer-allgemeine.de,4078044,18486,1965
Europa,Deutschland,www.tripadvisor.de,47454,1080,1920
Europa,Deutschland,www.vinted.de,2120643,3043,1920
Europa,Deutschland,www.wort-suchen.de,1164777,5594,1920
Nordamerika,Dominikanische Republik,aliss.do,1459634,4928,1920
Nordamerika,Dominikanische Republik,app-v2.fu.do,332732,1080,1920
Nordamerika,Dominikanische Republik,app.iplus.com.do,23874,1080,1920
Nordamerika,Dominikanische Republik,app.sli.do,31882,1080,1920
Nordamerika,Dominikanische Republik,app.uasd.edu.do,86389,1080,1920
Nordamerika,Dominikanische Republik,app.vucerd.gob.do,38113,1080,1920
Nordamerika,Dominikanische Republik,aulavirtual.uasd.edu.do,86264,1080,1920
Nordamerika,Dominikanische Republik,bhd.com.do,199883,2283,1920
Nordamerika,Dominikanische Republik,blackboard.unicaribe.edu.do,2005036,1080,2133
Nordamerika,Dominikanische Republik,bonoamil.gob.do,1109382,1080,1920
Nordamerika,Dominikanische Republik,books.google.com.do,31288,1080,1920
Nordamerika,Dominikanische Republik,campusvirtual.isfodosu.edu.do,1992040,3193,1935
Nordamerika,Dominikanische Republik,campusvirtual.pucmm.edu.do,29092,1080,1920
Nordamerika,Dominikanische Republik,canvas.unapec.edu.do,2011700,1080,1920
Nordamerika,Dominikanische Republik,certificado.ministeriodeeducacion.gob.do,101128,1080,1920
Nordamerika,Dominikanische Republik,ciencias.uasd.edu.do,86223,1080,1920
Nordamerika,Dominikanische Republik,consultas.contraloria.gob.do,8511,1080,1920
Nordamerika,Dominikanische Republik,dgii.gov.do,36353,1080,1920
Nordamerika,Dominikanische Republik,dle.mescyt.gob.do,33861,1080,1920
Nordamerika,Dominikanische Republik,economia.uasd.edu.do,86270,1080,1920
Nordamerika,Dominikanische Republik,edeeste.com.do,2413099,4691,1920
Nordamerika,Dominikanische Republik,educando.edu.do,1782232,4620,1920
Nordamerika,Dominikanische Republik,ehr.koneksi.com.do,13186,1080,1920
Nordamerika,Dominikanische Republik,eldia.com.do,4140180,13533,1920
Nordamerika,Dominikanische Republik,elnuevodiario.com.do,4691127,9957,1920
Nordamerika,Dominikanische Republik,eticket.migracion.gob.do,48796,1080,1920
Nordamerika,Dominikanische Republik,ferremix.com.do,1877948,6631,1920
Nordamerika,Dominikanische Republik,hoy.com.do,3320685,14814,1920
Nordamerika,Dominikanische Republik,hvc.com.do,1974554,4179,1920
Nordamerika,Dominikanische Republik,ib.bhd.com.do,8511,1080,1920
Nordamerika,Dominikanische Republik,ib.bpd.com.do,97264,1080,1920
Nordamerika,Dominikanische Republik,jce.gob.do,1222134,3853,1920
Nordamerika,Dominikanische Republik,jumbo.com.do,86481,1080,1920
Nordamerika,Dominikanische Republik,linux.do,16009,1080,1920
Nordamerika,Dominikanische Republik,lms2.oymas.edu.do,47819,1080,1920
Nordamerika,Dominikanische Republik,loteka.com.do,605378,1456,1920
Nordamerika,Dominikanische Republik,menu.fu.do,33658,1080,1920
Nordamerika,Dominikanische Republik,micampus.pucmm.edu.do,98280,1088,1920
Nordamerika,Dominikanische Republik,movies.do,377934,1080,1920
Nordamerika,Dominikanische Republik,oficina.cepm.com.do,995662,1100,1920
Nordamerika,Dominikanische Republik,ore.do,38175,1080,1920
Nordamerika,Dominikanische Republik,paginasamarillas.com.do,678267,2100,1920
Nordamerika,Dominikanische Republik,personal.migracion.gob.do,49085,1080,1920
Nordamerika,Dominikanische Republik,portal.comprasdominicana.gob.do,26022,1080,1920
Nordamerika,Dominikanische Republik,portal.mapfresaludars.com.do,87924,1080,1920
Nordamerika,Dominikanische Republik,portal.poderjudicial.gob.do,590484,2492,1920
Nordamerika,Dominikanische Republik,portal.servicios.pgr.gob.do,40436,1080,1920
Nordamerika,Dominikanische Republik,premios.do,848143,3529,1920
Nordamerika,Dominikanische Republik,presidencia.gob.do,3707678,6489,1920
Nordamerika,Dominikanische Republik,procesos.intec.edu.do,8511,1080,1920
Nordamerika,Dominikanische Republik,radios.com.do,306303,1643,1920
Nordamerika,Dominikanische Republik,reclamaciones.humano.com.do,39978,1080,1920
Nordamerika,Dominikanische Republik,ri.gob.do,992311,3903,1930
Nordamerika,Dominikanische Republik,salud.uasd.edu.do,86373,1080,1920
Nordamerika,Dominikanische Republik,sayi.do,1913836,7524,1920
Nordamerika,Dominikanische Republik,selfcare.altice.com.do,50392,1080,1920
Nordamerika,Dominikanische Republik,servicios.ri.gob.do,333664,1988,1920
Nordamerika,Dominikanische Republik,song.do,2069561,6471,1920
Nordamerika,Dominikanische Republik,ssb.uasd.edu.do,86425,1080,1920
Nordamerika,Dominikanische Republik,suir.gob.do,104300,1080,1920
Nordamerika,Dominikanische Republik,telemicro.com.do,1327523,3427,1920
Nordamerika,Dominikanische Republik,tuempleord.do,848137,9400,1920
Nordamerika,Dominikanische Republik,uasd.edu.do,86643,1080,1920
Nordamerika,Dominikanische Republik,unicaribe.edu.do,1744627,3653,1920
Nordamerika,Dominikanische Republik,virtual.itsc.edu.do,86464,1080,1920
Nordamerika,Dominikanische Republik,www.altice.com.do,1475995,3385,1920
Nordamerika,Dominikanische Republik,www.amway.com.do,47691,1080,1920
Nordamerika,Dominikanische Republik,www.apap.com.do,1677558,4505,1920
Nordamerika,Dominikanische Republik,www.arssenasa3.gob.do,351691,1080,1920
Nordamerika,Dominikanische Republik,www.banreservas.com.do,5424926,7754,1920
Nordamerika,Dominikanische Republik,www.claro.com.do,3265381,6060,1920
Nordamerika,Dominikanische Republik,www.coe.gob.do,87115,1080,1920
Nordamerika,Dominikanische Republik,www.corotos.com.do,1830290,5085,1925
Nordamerika,Dominikanische Republik,www.dgjp.gob.do,86796,1080,1920
Nordamerika,Dominikanische Republik,www.espn.com.do,692009,5094,1920
Nordamerika,Dominikanische Republik,www.gob.do,380525,3972,1920
Nordamerika,Dominikanische Republik,www.ikea.com.do,5830104,11973,1920
Nordamerika,Dominikanische Republik,www.intec.edu.do,2344394,4038,1920
Nordamerika,Dominikanische Republik,www.loteriadominicana.com.do,735744,6073,1920
Nordamerika,Dominikanische Republik,www.loteriasdominicanas.com.do,938823,10359,1920
Nordamerika,Dominikanische Republik,www.nestlefamilynes.do,739856,6601,1920
Nordamerika,Dominikanische Republik,www.pequenin.com.do,909767,2808,1920
Nordamerika,Dominikanische Republik,www.policianacional.gob.do,3341092,4669,1944
Nordamerika,Dominikanische Republik,www.sipen.gob.do,1838780,6077,1920
Nordamerika,Dominikanische Republik,www.superate.gob.do,3079932,7036,1920
Nordamerika,Dominikanische Republik,www.tiendascorripio.com.do,2162290,5202,1920
Nordamerika,Dominikanische Republik,www.transunion.com.do,86481,1080,1920
Nordamerika,Dominikanische Republik,www.uapa.edu.do,1463441,4714,1920
Nordamerika,Dominikanische Republik,xvideos.do,1652883,2848,1920
Nordamerika,Dominikanische Republik,yosper.do,86707,1080,1920
Südamerika,Ecuador,activa.claro.com.ec,8511,1080,1920
Südamerika,Ecuador,admisionvirtual.espol.edu.ec,2017589,1080,1920
Südamerika,Ecuador,app.iess.gob.ec,480231,3029,2168
Südamerika,Ecuador,app02.cne.gob.ec,37894,1080,1920
Südamerika,Ecuador,apps.registrocivil.gob.ec,358365,1187,1920
Südamerika,Ecuador,atenea.instipp.edu.ec,58280,1080,1920
Südamerika,Ecuador,aulagrado.unemi.edu.ec,76088,1080,1920
Südamerika,Ecuador,aulas-virtuales.upec.edu.ec,809091,4683,1920
Südamerika,Ecuador,aulavirtual.espol.edu.ec,1419858,1080,1920
Südamerika,Ecuador,cloud3.utn.edu.ec,229026,1080,1920
Südamerika,Ecuador,consultas.atm.gob.ec,16165,1080,1920
Südamerika,Ecuador,consultaweb.ant.gob.ec,49515,1080,1920
Südamerika,Ecuador,ecuaconsultas.ec,894453,4524,1920
Südamerika,Ecuador,educacion.gob.ec,1400748,1080,1920
Südamerika,Ecuador,elearning.espoch.edu.ec,75004,1120,1920
Südamerika,Ecuador,encuentraempleo.trabajo.gob.ec,581245,3252,1920
Südamerika,Ecuador,enova-grado.ucuenca.edu.ec,24389,1080,1920
Südamerika,Ecuador,eva.pregrado.uea.edu.ec,912231,1644,1920
Südamerika,Ecuador,eva.puce.edu.ec,392540,1080,1920
Südamerika,Ecuador,eva.ube.edu.ec,2427374,3446,1920
Südamerika,Ecuador,eva.upse.edu.ec,1270023,1911,1920
Südamerika,Ecuador,eveaenlinea.utmachala.edu.ec,78547,1080,1920
Südamerika,Ecuador,eveanivelacion.utmachala.edu.ec,50320,1080,1920
Südamerika,Ecuador,evirtual.espam.edu.ec,1693874,1688,1920
Südamerika,Ecuador,facturadorsri.sri.gob.ec,45596,1080,1920
Südamerika,Ecuador,incentivoemprende.ieps.gob.ec,21864,1080,1920
Südamerika,Ecuador,jovenes.mit.gob.ec,107077,1080,1920
Südamerika,Ecuador,klmanga.ec,86397,1080,1920
Südamerika,Ecuador,lugarvotacion.cne.gob.ec,86222,1080,1920
Südamerika,Ecuador,micampus.espe.edu.ec,1050893,1255,1920
Südamerika,Ecuador,micampus1.espe.edu.ec,1107698,1275,1920
Südamerika,Ecuador,micampusvirtual.espe.edu.ec,1134965,1495,1920
Südamerika,Ecuador,miclaro.com.ec,848728,1240,1920
Südamerika,Ecuador,miespe.espe.edu.ec,1909675,1080,1920
Südamerika,Ecuador,moodle.utmachala.edu.ec,64411,1080,1920
Südamerika,Ecuador,pq.biess.fin.ec,166247,1080,1920
Südamerika,Ecuador,radios.com.ec,317650,1643,1920
Südamerika,Ecuador,sac.unl.edu.ec,36926,1080,1920
Südamerika,Ecuador,sai.utb.edu.ec,1026435,1080,1920
Südamerika,Ecuador,servicioenlinea.ug.edu.ec,150169,1266,1920
Südamerika,Ecuador,sga.unemi.edu.ec,108103,1080,1927
Südamerika,Ecuador,sga.uti.edu.ec,37207,1080,1920
Südamerika,Ecuador,sgaestudiante.unemi.edu.ec,51745,1080,1920
Südamerika,Ecuador,sicoaweb2.unach.edu.ec,38101,1080,1920
Südamerika,Ecuador,sportbet.ec,41912,1080,1920
Südamerika,Ecuador,sut.trabajo.gob.ec,1202615,2867,1920
Südamerika,Ecuador,uakinogo.ec,2016335,5223,1920
Südamerika,Ecuador,uvirtual.uce.edu.ec,1971446,1265,1920
Südamerika,Ecuador,www.bet593.ec,1431690,1995,1920
Südamerika,Ecuador,www.cinecalidad.ec,1469096,2692,1920
Südamerika,Ecuador,www.cne.gob.ec,38446,1080,1920
Südamerika,Ecuador,www.compraspublicas.gob.ec,224718,1080,1920
Südamerika,Ecuador,www.deprati.com.ec,44740,1080,1920
Südamerika,Ecuador,www.desarrollohumano.gob.ec,1515744,1355,1920
Südamerika,Ecuador,www.dirmov.mil.ec,2437799,7242,1920
Südamerika,Ecuador,www.espn.com.ec,1541003,7332,1920
Südamerika,Ecuador,www.expreso.ec,3374516,13040,1920
Südamerika,Ecuador,www.extra.ec,3539023,12375,1920
Südamerika,Ecuador,www.gestionderiesgos.gob.ec,1476434,1161,1920
Südamerika,Ecuador,www.gestiondocumental.gob.ec,1095849,1080,1920
Südamerika,Ecuador,www.gob.ec,1345546,2359,1920
Südamerika,Ecuador,www.iess.gob.ec,480280,3029,2168
Südamerika,Ecuador,www.inclusion.gob.ec,1515744,1355,1920
Südamerika,Ecuador,www.mercadolibre.com.ec,21389,1080,1920
Südamerika,Ecuador,www.metroecuador.com.ec,704289,4788,1920
Südamerika,Ecuador,www.primicias.ec,2894481,11605,1920
Südamerika,Ecuador,www.produbanco.com.ec,1156674,2542,1920
Südamerika,Ecuador,www.registrocivil.gob.ec,1426434,1080,1920
Südamerika,Ecuador,www.senescyt.gob.ec,1178652,1080,1920
Südamerika,Ecuador,www.servientrega.com.ec,1288959,6534,1920
Südamerika,Ecuador,www.tia.com.ec,3566168,5055,1920
Südamerika,Ecuador,www.tickets.superticket.ec,44523,1080,1920
Südamerika,Ecuador,z-library.ec,1250198,3970,1920
Nordamerika,El Salvador,admacad.udb.edu.sv,92008,1080,1920
Nordamerika,El Salvador,agenciasway.com.sv,3874687,4367,1920
Nordamerika,El Salvador,ak.sv,765965,1080,1920
Nordamerika,El Salvador,app.nequi.com.sv,4176451,5214,1920
Nordamerika,El Salvador,apps.csj.gob.sv,86484,1080,1920
Nordamerika,El Salvador,apps.itca.edu.sv,890665,1080,1920
Nordamerika,El Salvador,aprendes.edu.gob.sv,754099,1080,1920
Nordamerika,El Salvador,aulavirtual.ansp.edu.sv,1214793,1351,1920
Nordamerika,El Salvador,ayuda.tigo.com.sv,15358,1080,1920
Nordamerika,El Salvador,bancaempresaplus.davivienda.com.sv,85591,1080,1920
Nordamerika,El Salvador,betpro.sv,8511,1080,1920
Nordamerika,El Salvador,campus.univo.edu.sv,844940,1688,1920
Nordamerika,El Salvador,desarrollohumano.mined.gob.sv,45527,1080,1920
Nordamerika,El Salvador,diario.elmundo.sv,1479245,3096,1920
Nordamerika,El Salvador,ecampus.uca.edu.sv,520553,3257,1920
Nordamerika,El Salvador,educacionambiental.ambiente.gob.sv,87713,1080,1920
Nordamerika,El Salvador,eel.ues.edu.sv,130442,1080,1920
Nordamerika,El Salvador,enlinea.davivienda.com.sv,84174,1080,1920
Nordamerika,El Salvador,estudiantes.ugb.edu.sv,65780,1080,1920
Nordamerika,El Salvador,estudiantes.usam.edu.sv,1076635,1080,1920
Nordamerika,El Salvador,evaluaciones.mined.gob.sv,35711,1080,1920
Nordamerika,El Salvador,evutla.edu.sv,607614,1080,1920
Nordamerika,El Salvador,formacion.srs.gob.sv,2423572,4523,1920
Nordamerika,El Salvador,formaciondocente.edu.sv,151398,1080,1920
Nordamerika,El Salvador,ganaplay.sv,64856,1080,1920
Nordamerika,El Salvador,go.ak.sv,8511,1080,1920
Nordamerika,El Salvador,hushpuppies.sv,1298286,8109,2310
Nordamerika,El Salvador,idiomas.catolica.edu.sv,227218,1080,1920
Nordamerika,El Salvador,juega.loto.sv,397371,2161,1920
Nordamerika,El Salvador,login.gob.sv,87864,1080,1920
Nordamerika,El Salvador,loto.sv,3024812,2387,1920
Nordamerika,El Salvador,m.dale.sv,14981,1080,1920
Nordamerika,El Salvador,marykay.sv,1530474,2328,1920
Nordamerika,El Salvador,mi.tigo.com.sv,86636,1080,1920
Nordamerika,El Salvador,migracionlaboral.mtps.gob.sv,99102,1080,1920
Nordamerika,El Salvador,moodle.unasa.edu.sv,240852,1186,1920
Nordamerika,El Salvador,moviclub.movistar.com.sv,1447969,2369,1920
Nordamerika,El Salvador,movistar.com.sv,2065700,4331,1920
Nordamerika,El Salvador,opinion.salud.gob.sv,86649,1080,1920
Nordamerika,El Salvador,pagos.wompi.sv,164501,1080,1920
Nordamerika,El Salvador,paquetes1.miclaro.com.sv,47810,1080,1920
Nordamerika,El Salvador,paquetes2.miclaro.com.sv,10867,1080,1920
Nordamerika,El Salvador,par2.sv,1892846,4460,1920
Nordamerika,El Salvador,portal.isss.gob.sv,1097752,1080,1920
Nordamerika,El Salvador,portal.utec.edu.sv,61150,1080,1920
Nordamerika,El Salvador,portaldgii.mh.gob.sv,12055,1080,1920
Nordamerika,El Salvador,radios.com.sv,320136,1643,1920
Nordamerika,El Salvador,simmow.salud.gob.sv,86623,1080,1920
Nordamerika,El Salvador,simple.sv,1672308,2915,1920
Nordamerika,El Salvador,simulacro.proteccioncivil.gob.sv,30378,1080,1920
Nordamerika,El Salvador,sis-hrosales.salud.gob.sv,86719,1080,1920
Nordamerika,El Salvador,sis-hsanrafael.salud.gob.sv,86668,1080,1920
Nordamerika,El Salvador,sis-hsantaana.salud.gob.sv,86347,1080,1920
Nordamerika,El Salvador,sne.csj.gob.sv,86745,1080,1920
Nordamerika,El Salvador,soporte-crest.mined.gob.sv,43452,1080,1920
Nordamerika,El Salvador,ss.isss.gob.sv,235826,1556,1920
Nordamerika,El Salvador,uv.utecvirtual.edu.sv,298137,1269,1920
Nordamerika,El Salvador,webdesktop.ufg.edu.sv,223781,1080,1920
Nordamerika,El Salvador,wsclass.uees.edu.sv,18453,1205,1920
Nordamerika,El Salvador,www.almacenestropigas.com.sv,6393890,8629,1920
Nordamerika,El Salvador,www.amway.com.sv,47718,1080,1920
Nordamerika,El Salvador,www.betpro.sv,8511,1080,1920
Nordamerika,El Salvador,www.claro.com.sv,1831705,5722,1920
Nordamerika,El Salvador,www.cnr.gob.sv,1037363,4134,1920
Nordamerika,El Salvador,www.confia.com.sv,425013,2894,1920
Nordamerika,El Salvador,www.cvirtualuees.edu.sv,1073466,1080,1920
Nordamerika,El Salvador,www.davivienda.com.sv,83743,1080,1920
Nordamerika,El Salvador,www.e.cnr.gob.sv,94560,1081,1920
Nordamerika,El Salvador,www.fiscalia.gob.sv,37618,1080,1920
Nordamerika,El Salvador,www.fsv.gob.sv,610331,1080,1920
Nordamerika,El Salvador,www.isss.gob.sv,4538169,3427,1920
Nordamerika,El Salvador,www.itca.edu.sv,1790251,2141,1920
Nordamerika,El Salvador,www.locanto.com.sv,44177,1080,1920
Nordamerika,El Salvador,www.maxidespensa.com.sv,1006494,7556,6750
Nordamerika,El Salvador,www.mined.gob.sv,1267107,2976,1935
Nordamerika,El Salvador,www.movistar.com.sv,2065700,4331,1920
Nordamerika,El Salvador,www.registroacademico.catolica.edu.sv,995226,2342,1920
Nordamerika,El Salvador,www.salud.gob.sv,86664,1080,1920
Nordamerika,El Salvador,www.sertracen.com.sv,29865,1080,1920
Nordamerika,El Salvador,www.sportline.com.sv,39094,1080,1920
Nordamerika,El Salvador,www.steren.com.sv,1060232,3565,1920
Nordamerika,El Salvador,www.tecoloco.com.sv,663657,3143,1920
Nordamerika,El Salvador,www.tigo.com.sv,1361010,3086,1920
Nordamerika,El Salvador,www.udb.edu.sv,2336139,4930,1920
Nordamerika,El Salvador,www.udbvirtual.edu.sv,750803,6711,1920
Nordamerika,El Salvador,www.unmejorempleo.com.sv,546670,2315,1920
Nordamerika,El Salvador,www.usam.edu.sv,3063363,3184,1920
Nordamerika,El Salvador,www.utec.edu.sv,5255604,5231,1920
Nordamerika,El Salvador,www.utecvirtual.edu.sv,2683496,3033,1950
Nordamerika,El Salvador,www.vidri.com.sv,86185,1080,1920
Nordamerika,El Salvador,www.walmart.com.sv,884664,7168,1920
Nordamerika,El Salvador,www.wendys.com.sv,20801,1080,1920
Nordamerika,El Salvador,xiaomistore.com.sv,1047467,4571,1920
Europa,Frankreich,cfspart-idp.impots.gouv.fr,107554,1080,1920
Europa,Frankreich,cfspart.impots.gouv.fr,134812,1206,1920
Europa,Frankreich,oidc.franceconnect.gouv.fr,38279,1080,1920
Europa,Frankreich,voscomptesenligne.labanquepostale.fr,24837,1080,1920
Europa,Frankreich,www.bricodepot.fr,2052930,6286,1920
Europa,Frankreich,www.chronopost.fr,44656,1080,1920
Europa,Frankreich,www.conforama.fr,42957,1080,1920
Europa,Frankreich,www.electrodepot.fr,1035907,3963,1920
Europa,Frankreich,www.ffhandball.fr,5498133,6945,1920
Europa,Frankreich,www.folieporno.fr,1497899,2233,1920
Europa,Frankreich,www.franceinfo.fr,3330830,22626,1920
Europa,Frankreich,www.grazia.fr,2053499,9812,1920
Europa,Frankreich,www.huffingtonpost.fr,1651271,10780,1920
Europa,Frankreich,www.lanouvellerepublique.fr,47758,1080,1920
Europa,Frankreich,www.lassuranceretraite.fr,829320,3458,1920
Europa,Frankreich,www.legifrance.gouv.fr,47367,1080,1920
Europa,Frankreich,www.messagerie.bbox.bouyguestelecom.fr,980937,1126,1920
Europa,Frankreich,www.pappers.fr,43752,1080,1920
Europa,Frankreich,www.pokepedia.fr,927862,2177,1920
Europa,Frankreich,www.pornoplus.fr,4997769,8836,1920
Europa,Frankreich,www.rugbyrama.fr,5565475,21099,1920
Europa,Frankreich,www.service-public.gouv.fr,793350,4305,1920
Europa,Frankreich,www.tube8.fr,107380,3770,1920
Europa,Frankreich,www.veepee.fr,2394310,6440,1920
Europa,Frankreich,www.zone-turf.fr,814957,2591,1920
Afrika,Ghana,1xbet.com.gh,8511,1080,1920
Afrika,Ghana,590mobile.com.gh,3591086,3120,1920
Afrika,Ghana,admission.coeportal.edu.gh,573605,1080,1920
Afrika,Ghana,admissions.ug.edu.gh,5496668,4970,1932
Afrika,Ghana,app.htu.edu.gh,180350,2543,1920
Afrika,Ghana,app.tatu.edu.gh,135944,2261,1920
Afrika,Ghana,apply.scholarships.gov.gh,881437,1102,1920
Afrika,Ghana,apply.yea.gov.gh,520740,1367,1920
Afrika,Ghana,apps.knust.edu.gh,623300,1400,1920
Afrika,Ghana,atu.edu.gh,3474209,5651,1920
Afrika,Ghana,betwinner.com.gh,741539,1080,1920
Afrika,Ghana,books.google.com.gh,31101,1080,1920
Afrika,Ghana,broadband.mtn.com.gh,37905,1080,1920
Afrika,Ghana,ccc.nhia.gov.gh,76331,1080,1920
Afrika,Ghana,cg.mtn.com.gh,30795,1080,1920
Afrika,Ghana,cohk.edu.gh,3563951,3970,1920
Afrika,Ghana,connect.ktu.edu.gh,24288,1080,1920
Afrika,Ghana,curriculumresources.edu.gh,464680,1430,1920
Afrika,Ghana,egovonline.gegov.gov.gh,11612,1080,1920
Afrika,Ghana,exams.ntc.gov.gh,818788,1080,1920
Afrika,Ghana,ga.mil.gh,9017508,5191,1920
Afrika,Ghana,gafonline.mil.gh,2891034,5503,2133
Afrika,Ghana,gameworld.mtn.com.gh,391765,1080,1920
Afrika,Ghana,gcuc.edu.gh,5358408,7873,1920
Afrika,Ghana,gnsa.gov.gh,1392047,6813,1920
Afrika,Ghana,goldbod.gov.gh,1804147,6364,1920
Afrika,Ghana,hbdrp.bdr.gov.gh,206493,1080,1920
Afrika,Ghana,ibanking.stanbic.com.gh,8512,1080,1920
Afrika,Ghana,icampus.atu.edu.gh,65417,1080,1920
Afrika,Ghana,icc.energycom.gov.gh,121344,1080,1920
Afrika,Ghana,ienabler.ug.edu.gh,24907,1080,1920
Afrika,Ghana,jforce.jumia.com.gh,62202,1080,1920
Afrika,Ghana,jiji.com.gh,41807,1080,1920
Afrika,Ghana,keedbet.com.gh,14301,1098,1920
Afrika,Ghana,maxbuy.com.gh,780426,6183,1920
Afrika,Ghana,melbet.com.gh,130001,1978,1920
Afrika,Ghana,mobilife.enterprisegroup.net.gh,1303667,2943,1920
Afrika,Ghana,momomerchantapplication.mtn.com.gh,38729,1080,1920
Afrika,Ghana,moodle.csuc.edu.gh,1342175,1080,1920
Afrika,Ghana,mtn.com.gh,3822539,3858,1920
Afrika,Ghana,my.jumia.com.gh,86536,1080,1920
Afrika,Ghana,ntc.gov.gh,1248308,9548,1920
Afrika,Ghana,oms.jumia.com.gh,34675,1080,1920
Afrika,Ghana,online.dvla.gov.gh,46376,1080,1920
Afrika,Ghana,online.prudential.com.gh,1294850,8963,1920
Afrika,Ghana,passport.mfa.gov.gh,259096,1080,1920
Afrika,Ghana,play.telecel.com.gh,981411,1604,1920
Afrika,Ghana,portal.healthtraining.gov.gh,17334,1080,1920
Afrika,Ghana,posting.gnsa.gov.gh,183683,1589,1920
Afrika,Ghana,pridespins.com.gh,226101,2439,1920
Afrika,Ghana,pws.police.gov.gh,208878,1080,1920
Afrika,Ghana,radio.com.gh,325046,1639,1920
Afrika,Ghana,recruit.apply.mil.gh,1869581,1080,1920
Afrika,Ghana,sakai.ug.edu.gh,84104,1080,1920
Afrika,Ghana,staff.ecg.com.gh,112616,1080,1926
Afrika,Ghana,sts.ug.edu.gh,779104,1080,1920
Afrika,Ghana,stu.edu.gh,2663850,5923,1920
Afrika,Ghana,student.kstu.edu.gh,74505,1080,1920
Afrika,Ghana,studentportal.jackson.edu.gh,190307,1080,1935
Afrika,Ghana,students.uhas.edu.gh,61702,1080,1920
Afrika,Ghana,suite.uew.edu.gh,1131093,1080,1920
Afrika,Ghana,tpg.ntc.gov.gh,130818,1080,1920
Afrika,Ghana,ucm.uds.edu.gh,1326988,2313,1928
Afrika,Ghana,umis.ubids.edu.gh,32570,1080,1920
Afrika,Ghana,up2u.mtn.com.gh,37733,1080,1920
Afrika,Ghana,www.590mobile.com.gh,3590056,3120,1920
Afrika,Ghana,www.betfox.com.gh,87080,1080,1920
Afrika,Ghana,www.betika.com.gh,15069,1080,1920
Afrika,Ghana,www.betpawa.com.gh,164882,1080,1920
Afrika,Ghana,www.betway.com.gh,263591,1666,1920
Afrika,Ghana,www.cssps.gov.gh,13186,1080,1920
Afrika,Ghana,www.electromart.com.gh,3080255,9365,1920
Afrika,Ghana,www.flashscore.com.gh,1658718,9275,1920
Afrika,Ghana,www.gcbbank.com.gh,2748951,2980,1920
Afrika,Ghana,www.ghana.gov.gh,1581641,1648,1920
Afrika,Ghana,www.ghaneps.gov.gh,236689,1080,1920
Afrika,Ghana,www.goldengames.com.gh,8511,1080,1920
Afrika,Ghana,www.graphic.com.gh,1468468,4058,1920
Afrika,Ghana,www.jobberman.com.gh,1382768,3948,1920
Afrika,Ghana,www.jumia.com.gh,39897,1080,1920
Afrika,Ghana,www.locanto.com.gh,44598,1080,1920
Afrika,Ghana,www.luckywin.com.gh,603098,1080,1920
Afrika,Ghana,www.pulse.com.gh,3229811,5460,1920
Afrika,Ghana,www.ubuy.com.gh,85560,1136,1920
Afrika,Ghana,www.uew.edu.gh,5927877,5868,1920
Afrika,Ghana,www.ug.edu.gh,1666784,4981,1920
Afrika,Ghana,www.wakanow.com.gh,1821016,4239,1920
Afrika,Ghana,www.winslots.com.gh,642160,1080,1920
Afrika,Ghana,yen.com.gh,31407,1088,1920
Nordamerika,Guatemala,agentesbiafiliados.bi.com.gt,45103,1080,1920
Nordamerika,Guatemala,agn.gt,1770775,5021,1920
Nordamerika,Guatemala,alumnos.intecap.edu.gt,21879,1080,1920
Nordamerika,Guatemala,apps2.mineduc.gob.gt,8511,1080,1920
Nordamerika,Guatemala,aulavirtualeep.ingenieria.usac.edu.gt,52512,1080,1920
Nordamerika,Guatemala,aulavirtualfahusac.usac.edu.gt,912112,1112,1920
Nordamerika,Guatemala,bancavirtual.banrural.com.gt,293796,1080,1920
Nordamerika,Guatemala,books.google.com.gt,31288,1080,1920
Nordamerika,Guatemala,casamedica.com.gt,1012864,4654,1920
Nordamerika,Guatemala,cinepolis.com.gt,3952186,3002,1920
Nordamerika,Guatemala,compras.tigo.com.gt,12910,1080,1920
Nordamerika,Guatemala,consulta.rgp.org.gt,296159,1080,1920
Nordamerika,Guatemala,controlacad.usac.edu.gt,70751,1080,1920
Nordamerika,Guatemala,cursos.udv.edu.gt,926333,1596,1920
Nordamerika,Guatemala,declaraguate.sat.gob.gt,48227,1080,1920
Nordamerika,Guatemala,domicilio.mcdonalds.com.gt,21409,1080,1920
Nordamerika,Guatemala,edusa.educativo.gt,1214712,1080,1920
Nordamerika,Guatemala,efajacaltenango.edu.gt,1309269,1641,1920
Nordamerika,Guatemala,emisoras.com.gt,331190,1667,1920
Nordamerika,Guatemala,eportal.registromercantil.gob.gt,2280954,1080,1920
Nordamerika,Guatemala,eportal.renap.gob.gt,570113,1558,1920
Nordamerika,Guatemala,eps.ingenieria.usac.edu.gt,1258089,3691,1920
Nordamerika,Guatemala,farm3.sat.gob.gt,45327,1080,1920
Nordamerika,Guatemala,farmaciasavefenix.gt,2040019,4309,1920
Nordamerika,Guatemala,felgtaws.digifact.com.gt,32594,1080,1920
Nordamerika,Guatemala,formacion.contraloria.gob.gt,86760,1080,1920
Nordamerika,Guatemala,gnc.com.gt,5686040,8417,1920
Nordamerika,Guatemala,id.tigo.com.gt,13798,1080,1920
Nordamerika,Guatemala,instructores.intecap.edu.gt,22268,1080,1920
Nordamerika,Guatemala,ishop.gt,1121653,6060,1920
Nordamerika,Guatemala,lahora.gt,10715,1080,1920
Nordamerika,Guatemala,marcas.cinepolis.com.gt,13186,1080,1920
Nordamerika,Guatemala,mcdonalds.com.gt,1178219,2716,1920
Nordamerika,Guatemala,mi.tigo.com.gt,12910,1080,1920
Nordamerika,Guatemala,mi.urural.edu.gt,53768,1080,1920
Nordamerika,Guatemala,micuenta.tigo.com.gt,530991,1121,1920
Nordamerika,Guatemala,mooc.ceat.url.edu.gt,13186,1080,1920
Nordamerika,Guatemala,oxdea.gt,993089,2761,1920
Nordamerika,Guatemala,paquetes1.miclaro.com.gt,47938,1080,1920
Nordamerika,Guatemala,paquetes2.miclaro.com.gt,47990,1080,1920
Nordamerika,Guatemala,policiales.pnc.gob.gt,46609,1080,1920
Nordamerika,Guatemala,portal.muniantigua.gob.gt,444409,1080,1920
Nordamerika,Guatemala,portal.oj.gob.gt,22016,1080,1920
Nordamerika,Guatemala,portal.sat.gob.gt,44707,1080,1920
Nordamerika,Guatemala,primeringreso.ingenieria.usac.edu.gt,1142577,4027,1920
Nordamerika,Guatemala,radd1.virtual.usac.edu.gt,160100,1080,1920
Nordamerika,Guatemala,radd4.virtual.usac.edu.gt,160102,1080,1920
Nordamerika,Guatemala,radd5.virtual.usac.edu.gt,160091,1080,1920
Nordamerika,Guatemala,registro.usac.edu.gt,862174,1161,1920
Nordamerika,Guatemala,siges.minfin.gob.gt,45476,1080,1920
Nordamerika,Guatemala,siif.usac.edu.gt,121083,1080,1920
Nordamerika,Guatemala,sire.mineduc.gob.gt,39325,1080,1920
Nordamerika,Guatemala,siti.usac.edu.gt,2151795,2518,1920
Nordamerika,Guatemala,ssb8.upana.edu.gt,25957,1080,1920
Nordamerika,Guatemala,suzuki.com.gt,2465319,8550,1920
Nordamerika,Guatemala,transmisiones.guatemala2025.gt,405010,1144,1920
Nordamerika,Guatemala,uedi.ingenieria.usac.edu.gt,422719,4068,1920
Nordamerika,Guatemala,universidadregional.eesj.edu.gt,40694,1140,1920
Nordamerika,Guatemala,vocacional.usac.edu.gt,134627,1080,1920
Nordamerika,Guatemala,web.hpc.com.gt,463679,1080,1920
Nordamerika,Guatemala,www.almacenestropigas.com.gt,5537370,6904,1920
Nordamerika,Guatemala,www.amway.com.gt,47507,1080,1920
Nordamerika,Guatemala,www.bam.com.gt,1660283,3510,1920
Nordamerika,Guatemala,www.bancopromerica.com.gt,1406443,3573,1920
Nordamerika,Guatemala,www.banrural.com.gt,2631460,4836,1920
Nordamerika,Guatemala,www.bibanking.bi.com.gt,966263,1080,1920
Nordamerika,Guatemala,www.bienlinea.bi.com.gt,1045373,1145,1920
Nordamerika,Guatemala,www.claro.com.gt,2648476,6160,1920
Nordamerika,Guatemala,www.cyberdays.gt,1168674,4680,1920
Nordamerika,Guatemala,www.dominos.com.gt,2207636,2053,1920
Nordamerika,Guatemala,www.eticket.gt,1253904,1918,1920
Nordamerika,Guatemala,www.farmaciasgaleno.com.gt,1623477,3354,1920
Nordamerika,Guatemala,www.gtc.com.gt,1806302,6874,1920
Nordamerika,Guatemala,www.guatecompras.gt,48099,1080,1920
Nordamerika,Guatemala,www.guatemala2025.gt,3291877,6376,2050
Nordamerika,Guatemala,www.interbanking.com.gt,23874,1080,1920
Nordamerika,Guatemala,www.kemik.gt,1216004,2335,1920
Nordamerika,Guatemala,www.locanto.com.gt,44143,1080,1920
Nordamerika,Guatemala,www.max.com.gt,4370525,5841,1920
Nordamerika,Guatemala,www.nissan.com.gt,2388416,2651,1920
Nordamerika,Guatemala,www.novex.com.gt,2054274,2762,1920
Nordamerika,Guatemala,www.paginasamarillas.com.gt,1950440,2162,1920
Nordamerika,Guatemala,www.pierrecardin.com.gt,3047211,3917,1920
Nordamerika,Guatemala,www.pizzapizza.com.gt,1091410,1771,1920
Nordamerika,Guatemala,www.rgp.org.gt,167908,2455,1920
Nordamerika,Guatemala,www.roblex.robles.edu.gt,91623,1080,1920
Nordamerika,Guatemala,www.steren.com.gt,43560,1080,1920
Nordamerika,Guatemala,www.tecoloco.com.gt,654588,3143,1920
Nordamerika,Guatemala,www.tigo.com.gt,86820,1080,1920
Nordamerika,Guatemala,www.upana.edu.gt,5511802,8342,1920
Nordamerika,Guatemala,www.url.edu.gt,1926745,12254,1920
Nordamerika,Guatemala,www.walmart.com.gt,701765,7105,1920
Nordamerika,Honduras,acosa.com.hn,8511,1080,1920
Nordamerika,Honduras,activate.tigo.com.hn,16328,1080,1920
Nordamerika,Honduras,admisiones.unah.edu.hn,1301544,4495,1920
Nordamerika,Honduras,aolcorporativo.bancatlan.hn,23874,1080,1920
Nordamerika,Honduras,aolpyme.bancatlan.hn,23874,1080,1920
Nordamerika,Honduras,app.ip.gob.hn,239415,1080,1920
Nordamerika,Honduras,ayuda.tigo.com.hn,15358,1080,1920
Nordamerika,Honduras,bpenlinea.banpais.hn,11103,1080,1920
Nordamerika,Honduras,cablecolor.hn,1289425,3265,1920
Nordamerika,Honduras,campus.ujcv.edu.hn,58061,1080,1920
Nordamerika,Honduras,censo.cne.hn,85251,1080,1920
Nordamerika,Honduras,cevirtual.se.gob.hn,27676,1080,1920
Nordamerika,Honduras,cinepolis.com.hn,3306198,2997,1920
Nordamerika,Honduras,claroventas.com.hn,44322,1080,1920
Nordamerika,Honduras,conex.rnp.hn,34520,1080,1920
Nordamerika,Honduras,digital.ficohsa.hn,12860,1080,1920
Nordamerika,Honduras,empleoconecta.hn,378566,3355,1920
Nordamerika,Honduras,empleos.hn,1130356,5085,1924
Nordamerika,Honduras,enlinea.davivienda.com.hn,84018,1080,1920
Nordamerika,Honduras,entregadni.rnp.hn,13468,1080,1920
Nordamerika,Honduras,evirtual-sl.upnfm.edu.hn,47418,1080,1920
Nordamerika,Honduras,evirtual.fundaupn.edu.hn,826077,2328,1920
Nordamerika,Honduras,filialelectronica.hn,759739,1080,1920
Nordamerika,Honduras,gamestation.hn,1716812,2431,1920
Nordamerika,Honduras,ibertel.se.gob.hn,11780,1080,1920
Nordamerika,Honduras,id.tigo.com.hn,13798,1080,1920
Nordamerika,Honduras,juega.loto.hn,719736,2532,1920
Nordamerika,Honduras,kaus.upnfm.edu.hn,8511,1080,1920
Nordamerika,Honduras,loto.hn,1744897,4493,1920
Nordamerika,Honduras,mail.unah.edu.hn,1144552,1080,1920
Nordamerika,Honduras,maxidespensa.com.hn,1783219,3274,1920
Nordamerika,Honduras,mi.tigo.com.hn,86639,1080,1920
Nordamerika,Honduras,mitienda.tigo.com.hn,13316,1080,1920
Nordamerika,Honduras,moodle.unag.edu.hn,2316215,1291,1920
Nordamerika,Honduras,noticias247.hn,2419922,5026,1920
Nordamerika,Honduras,oficinavirtual.sar.gob.hn,11145,1080,1920
Nordamerika,Honduras,papeletas.cne.hn,318576,1080,1920
Nordamerika,Honduras,paquetes.miclaro.com.hn,47680,1080,1920
Nordamerika,Honduras,placas.ip.gob.hn,69469,1080,1920
Nordamerika,Honduras,plataformavirtual.infop.hn,1560741,2586,1920
Nordamerika,Honduras,portalunico.iaip.gob.hn,1764967,4402,1920
Nordamerika,Honduras,proceso.hn,3163622,15965,1920
Nordamerika,Honduras,radios.hn,335687,1643,1920
Nordamerika,Honduras,serviciosestudiantiles.unah.edu.hn,93973,1080,1920
Nordamerika,Honduras,sicc.honducompras.gob.hn,20844,1080,1920
Nordamerika,Honduras,sigem.911.gob.hn,1186001,1080,1920
Nordamerika,Honduras,sisglobal.aduanas.gob.hn,144554,1080,1920
Nordamerika,Honduras,sistemas.aduanas.gob.hn,33123,1080,1920
Nordamerika,Honduras,sistemas.proasol.gob.hn,13879,1080,1920
Nordamerika,Honduras,surei.sinap.hn,85862,1080,1920
Nordamerika,Honduras,tiempo.hn,6981007,9594,1920
Nordamerika,Honduras,timeout.hn,1374800,7943,1920
Nordamerika,Honduras,tnh.gob.hn,3263888,4291,1920
Nordamerika,Honduras,tubpaqui.banpais.hn,13186,1080,1920
Nordamerika,Honduras,uth.hn,3674053,5819,1920
Nordamerika,Honduras,virtual.umh.edu.hn,605421,1080,1920
Nordamerika,Honduras,www.airbnb.com.hn,154134,1184,1920
Nordamerika,Honduras,www.amway.com.hn,47175,1080,1920
Nordamerika,Honduras,www.bancatlan.hn,1749094,3215,1920
Nordamerika,Honduras,www.bancodeoccidente.hn,39576,1080,1920
Nordamerika,Honduras,www.bipbip.hn,3045006,6858,1920
Nordamerika,Honduras,www.claro.com.hn,2272363,6119,1920
Nordamerika,Honduras,www.diunsa.hn,187160,3161,1920
Nordamerika,Honduras,www.elgallomasgallo.com.hn,1993601,4424,1920
Nordamerika,Honduras,www.elheraldo.hn,3532466,20591,1920
Nordamerika,Honduras,www.elpais.hn,3902047,6182,1920
Nordamerika,Honduras,www.eticket.hn,1797708,3153,1920
Nordamerika,Honduras,www.farmaciasdelahorro.hn,1323134,2050,1920
Nordamerika,Honduras,www.fmovies.hn,535900,2541,1920
Nordamerika,Honduras,www.ip.gob.hn,42425,1080,1920
Nordamerika,Honduras,www.laprensa.hn,3265403,23177,1920
Nordamerika,Honduras,www.latribuna.hn,10336015,14066,1920
Nordamerika,Honduras,www.metrocinemas.hn,2136089,1541,1920
Nordamerika,Honduras,www.mp.hn,1626726,2079,1920
Nordamerika,Honduras,www.officedepot.com.hn,3141766,4136,13440
Nordamerika,Honduras,www.radiohrn.hn,2993412,6386,1920
Nordamerika,Honduras,www.rap.hn,562003,1080,1920
Nordamerika,Honduras,www.sar.gob.hn,1389386,5984,1920
Nordamerika,Honduras,www.sepol.hn,3232700,5750,1920
Nordamerika,Honduras,www.sportline.com.hn,40212,1080,1920
Nordamerika,Honduras,www.steren.com.hn,1136867,3566,1920
Nordamerika,Honduras,www.tecoloco.com.hn,607821,3089,1920
Nordamerika,Honduras,www.tigo.com.hn,87383,1080,1920
Nordamerika,Honduras,www.ubuy.hn,85560,1136,1920
Nordamerika,Honduras,www.unah.edu.hn,1862192,7921,1920
Nordamerika,Honduras,www.unimetro.edu.hn,2298322,4150,1920
Nordamerika,Honduras,www.uth.hn,3674053,5819,1920
Nordamerika,Honduras,www.vana.hn,2124893,6638,1920
Nordamerika,Honduras,www.walmart.com.hn,883943,7144,1920
Nordamerika,Honduras,xiaomistore.com.hn,87155,1080,1920
Asien,Indien,accounts.poshantracker.in,13186,1080,1920
Asien,Indien,baji999.in,43779,1080,1920
Asien,Indien,contents.irctc.co.in,39927,1080,1920
Asien,Indien,econnect.bpcl.in,29989,1080,1920
Asien,Indien,ncert.nic.in,1962858,3834,1920
Asien,Indien,pfms.nic.in,44854,1080,1920
Asien,Indien,pmmvy.wcd.gov.in,13186,1080,1920
Asien,Indien,rajshaladarpan.rajasthan.gov.in,1562707,2186,1920
Asien,Indien,return.gst.gov.in,132277,1340,1920
Asien,Indien,services.gst.gov.in,136830,1340,1920
Asien,Indien,sewayojan.up.nic.in,1454421,3336,1920
Asien,Indien,ssc.nic.in,410681,1366,1920
Asien,Indien,tellybiz.in,8511,1080,1920
Asien,Indien,unifiedportal-emp.epfindia.gov.in,204932,1093,1922
Asien,Indien,www.district.in,2029891,7436,1920
Asien,Indien,www.reliancedigital.in,30224,1080,1920
Asien,Indien,www.skokka.in,42860,1080,1920
Asien,Indien,www.tanishq.co.in,86591,1080,1920
Asien,Indien,www.titan.co.in,86331,1080,1920
Asien,Indien,www.ukbhashasansthan.in,1618948,7726,1920
Asien,Indien,www.valmo.in,29258,1080,1920
Asien,Israel,13tv.co.il,8276809,10465,1920
Asien,Israel,app.icount.co.il,53380,1080,1920
Asien,Israel,calendar.2net.co.il,220501,1560,1920
Asien,Israel,doar.israelpost.co.il,22463,1080,1920
Asien,Israel,e-services.clalit.co.il,39820,1080,1920
Asien,Israel,e.walla.co.il,4510642,10991,1920
Asien,Israel,easy.co.il,248327,1519,1920
Asien,Israel,finance.walla.co.il,5171318,14002,1920
Asien,Israel,hb2.bankleumi.co.il,108787,1102,1920
Asien,Israel,israelpost.co.il,22312,1080,1920
Asien,Israel,ksp.co.il,41053,1120,1920
Asien,Israel,lgn.edu.gov.il,8511,1080,1920
Asien,Israel,login.gov.il,25927,1088,1928
Asien,Israel,m.n12.co.il,5917072,9964,1920
Asien,Israel,m.one.co.il,6906924,35127,1920
Asien,Israel,m.sport5.co.il,5193628,15458,1920
Asien,Israel,m.telesport.co.il,941463,2200,1920
Asien,Israel,mail.walla.co.il,235989,1080,1920
Asien,Israel,meirkids.co.il,12560900,9247,1944
Asien,Israel,mobile.mako.co.il,12977564,16704,1920
Asien,Israel,my.gov.il,402275,1080,1920
Asien,Israel,news.israelinfo.co.il,2526373,4983,1920
Asien,Israel,news.orbita.co.il,3739963,15856,1920
Asien,Israel,news.walla.co.il,1476095,7739,1920
Asien,Israel,opal.openu.ac.il,2839148,1080,1920
Asien,Israel,passportnews.co.il,42411,1080,1920
Asien,Israel,pplus.ynet.co.il,15855406,21007,1920
Asien,Israel,ps.btl.gov.il,107521,1080,1920
Asien,Israel,sport1.maariv.co.il,4495330,9803,1920
Asien,Israel,sports.walla.co.il,4811578,11311,1920
Asien,Israel,stips.co.il,353520,1100,1920
Asien,Israel,thecage.co.il,148120,1080,1920
Asien,Israel,www.10dakot.co.il,1457727,8436,1920
Asien,Israel,www.9tv.co.il,16942272,16345,1920
Asien,Israel,www.ace.co.il,5098900,13893,1920
Asien,Israel,www.alljobs.co.il,1677312,5511,1920
Asien,Israel,www.bankhapoalim.co.il,74577,1080,1920
Asien,Israel,www.bhol.co.il,43262,1080,1920
Asien,Israel,www.bizportal.co.il,8916158,14006,1920
Asien,Israel,www.btl.gov.il,793305,3022,1920
Asien,Israel,www.bug.co.il,2042177,12550,1920
Asien,Israel,www.c14.co.il,6240105,9566,1920
Asien,Israel,www.calcalist.co.il,13407099,14435,2775
Asien,Israel,www.cinema-city.co.il,4557097,4385,1920
Asien,Israel,www.decathlon.co.il,6383620,7770,1920
Asien,Israel,www.delta.co.il,7340694,6832,1920
Asien,Israel,www.emess.co.il,4321032,9108,1920
Asien,Israel,www.foodsdictionary.co.il,1968669,9524,1920
Asien,Israel,www.football.org.il,86835,1080,1920
Asien,Israel,www.globes.co.il,5233622,10678,1920
Asien,Israel,www.gov.il,86882,1080,1920
Asien,Israel,www.haaretz.co.il,3287725,16802,1920
Asien,Israel,www.harel-group.co.il,2648949,5618,1920
Asien,Israel,www.homecenter.co.il,2685238,4667,1920
Asien,Israel,www.hvr.co.il,58507,1080,1920
Asien,Israel,www.inn.co.il,4841003,10790,1920
Asien,Israel,www.isrotel.co.il,2739831,5566,1920
Asien,Israel,www.ivory.co.il,4676472,12233,1920
Asien,Israel,www.kan.org.il,8508,1080,1920
Asien,Israel,www.kikar.co.il,4924218,19955,1920
Asien,Israel,www.kolzchut.org.il,17417,1080,1920
Asien,Israel,www.lametayel.co.il,44117,1080,1920
Asien,Israel,www.leumi.co.il,720206,3268,1920
Asien,Israel,www.maccabi4u.co.il,1882527,5840,1920
Asien,Israel,www.mako.co.il,11671560,16704,1920
Asien,Israel,www.mcc.co.il,58507,1080,1920
Asien,Israel,www.menoramivt.co.il,104664,1080,1920
Asien,Israel,www.midrag.co.il,47991,1080,1920
Asien,Israel,www.mizrahi-tefahot.co.il,2244990,4914,1920
Asien,Israel,www.mybf.co.il,1406431,2940,1920
Asien,Israel,www.n12.co.il,5916222,9964,1920
Asien,Israel,www.newsru.co.il,9886711,19297,1920
Asien,Israel,www.next.co.il,41087,1080,1920
Asien,Israel,www.note.co.il,472868,1387,1920
Asien,Israel,www.one.co.il,3299895,8445,1920
Asien,Israel,www.payngo.co.il,86957,1080,1920
Asien,Israel,www.planetcinema.co.il,2033318,3265,1920
Asien,Israel,www.prog.co.il,43888,1080,1920
Asien,Israel,www.shoofra.co.il,9269673,5444,1920
Asien,Israel,www.skyscanner.co.il,101985,1080,1920
Asien,Israel,www.smartschool.co.il,13186,1080,1920
Asien,Israel,www.solnet.co.il,954576,3624,1920
Asien,Israel,www.sport5.co.il,6828875,19297,1920
Asien,Israel,www.vesty.co.il,6942128,8378,1920
Asien,Israel,www.walla.co.il,6344364,16147,1920
Asien,Israel,www.zap.co.il,20930,1080,1920
Asien,Israel,www.zbeng.co.il,484594,1252,1920
Europa,Italien,cassetto.agenziaentrate.gov.it,12952,1080,1920
Europa,Italien,iampe.agenziaentrate.gov.it,68723,1080,1920
Europa,Italien,terremoti.ingv.it,791464,1910,1935
Europa,Italien,www.brocardi.it,1233951,4558,1920
Europa,Italien,www.comingsoon.it,2765745,15001,1920
Europa,Italien,www.cookist.it,3129034,13416,1920
Europa,Italien,www.deghi.it,3119252,5140,1920
Europa,Italien,www.ecoblog.it,3243307,4515,1920
Europa,Italien,www.eurosport.it,1293722,4017,1920
Europa,Italien,www.fattoincasadabenedetta.it,51121,1080,1920
Europa,Italien,www.fcinter1908.it,2963430,18288,1920
Europa,Italien,www.giornalone.it,3105013,6815,1920
Europa,Italien,www.hdblog.it,1312223,5121,1920
Europa,Italien,www.ildolomiti.it,3136482,13234,1920
Europa,Italien,www.ilgiorno.it,5918721,25308,1920
Europa,Italien,www.ilpost.it,3658899,12492,1920
Europa,Italien,www.iodonna.it,1383356,11261,1920
Europa,Italien,www.lidl.it,2399314,6671,1920
Europa,Italien,www.lotto-italia.it,1970523,7270,1920
Europa,Italien,www.lottomatica.it,30061,1080,1920
Europa,Italien,www.mediaworld.it,43860,1080,1920
Europa,Italien,www.meteolive.it,1392222,12309,1920
Europa,Italien,www.miodottore.it,764946,3222,1920
Europa,Italien,www.mobilitasostenibile.it,1176696,3509,1920
Europa,Italien,www.orizzontescuola.it,3173329,11936,1920
Europa,Italien,www.planetwin365.it,30613,1080,1920
Europa,Italien,www.portaleargo.it,378653,1912,1920
Europa,Italien,www.sportmediaset.mediaset.it,4505368,18440,1920
Europa,Italien,www.superguidatv.it,2308099,6829,1920
Europa,Italien,www.tecnomat.it,51715,1080,1920
Europa,Italien,www.tgcom24.mediaset.it,3976027,19989,1920
Europa,Italien,www.tropismi.it,2558769,3862,1920
Europa,Italien,www.wittytv.it,5847273,5384,1920
Asien,Japan,article.yahoo.co.jp,258797,1524,1920
Asien,Japan,auctions.yahoo.co.jp,258797,1524,1920
Asien,Japan,baseball.yahoo.co.jp,258797,1524,1920
Asien,Japan,blog.livedoor.jp,397232,3522,1920
Asien,Japan,detail.chiebukuro.yahoo.co.jp,258797,1524,1920
Asien,Japan,hotel.travel.rakuten.co.jp,11600,1080,1920
Asien,Japan,m.site777.jp,39297,1080,1920
Asien,Japan,m.yahoo.co.jp,258797,1524,1920
Asien,Japan,map.yahoo.co.jp,258797,1524,1920
Asien,Japan,my.healmate.jp,107178,1080,1920
Asien,Japan,ponta-sp.dropgame.jp,548943,3171,1920
Asien,Japan,search.travel.rakuten.co.jp,11896,1080,1920
Asien,Japan,search.yahoo.co.jp,258797,1524,1920
Asien,Japan,service.smt.docomo.ne.jp,29509,1090,1920
Asien,Japan,soccer.yahoo.co.jp,258797,1524,1920
Asien,Japan,spc.sp.mbga.jp,612179,3008,1920
Asien,Japan,sports.yahoo.co.jp,258797,1524,1920
Asien,Japan,transit.yahoo.co.jp,258797,1524,1920
Asien,Japan,vmall-sp.dropgame.jp,450210,2656,1920
Asien,Japan,www.nissen.co.jp,2345153,6841,1920
Asien,Japan,www.palcloset.jp,4546867,13625,1920
Asien,Japan,www.sugotoku.docomo.ne.jp,59104,1080,1921
Asien,Japan,www.trepy.jp,2693999,5550,1920
Nordamerika,Kanada,account.alberta.ca,31777,1080,1920
Nordamerika,Kanada,app.realmmlp.ca,66891,1080,1920
Nordamerika,Kanada,brightspace.carleton.ca,3233338,1080,1920
Nordamerika,Kanada,canvas.sfu.ca,460462,1261,1920
Nordamerika,Kanada,canvas.ubc.ca,89417,1080,1920
Nordamerika,Kanada,canvas.usask.ca,19931,1080,1920
Nordamerika,Kanada,cheknews.ca,2775031,10643,1920
Nordamerika,Kanada,clients.powerpay.ca,69656,1080,1920
Nordamerika,Kanada,core.myblueprint.ca,36440,1080,1920
Nordamerika,Kanada,eclass.yorku.ca,13294,1080,1920
Nordamerika,Kanada,ena01.uqam.ca,115508,1080,1920
Nordamerika,Kanada,et.interac.ca,65934,1080,1920
Nordamerika,Kanada,evidencenetwork.ca,1362344,4105,1920
Nordamerika,Kanada,flyers.smartcanucks.ca,9170131,41184,1920
Nordamerika,Kanada,hdsb.elearningontario.ca,36866,1080,1920
Nordamerika,Kanada,identification.bell.ca,2689128,4527,1920
Nordamerika,Kanada,laura.ca,1837429,6026,1920
Nordamerika,Kanada,learn.ontariotechu.ca,1784290,1080,1920
Nordamerika,Kanada,learn.rrc.ca,42945,1080,1920
Nordamerika,Kanada,learn.uwaterloo.ca,2744292,1080,1920
Nordamerika,Kanada,lms.nait.ca,2006469,1080,1920
Nordamerika,Kanada,moodle.usherbrooke.ca,421218,1080,1920
Nordamerika,Kanada,mybenefits.mcss.gov.on.ca,175041,1226,1920
Nordamerika,Kanada,mynew.aolcc.ca,31262,1080,1920
Nordamerika,Kanada,online.mun.ca,1617196,1080,1920
Nordamerika,Kanada,osap.gov.on.ca,507936,3295,1920
Nordamerika,Kanada,poshmark.ca,1088399,4541,1920
Nordamerika,Kanada,q.utoronto.ca,137099,1080,1920
Nordamerika,Kanada,saaq.gouv.qc.ca,618952,1080,1920
Nordamerika,Kanada,scholar.google.ca,37982,1080,1920
Nordamerika,Kanada,sellercentral.amazon.ca,248812,1080,1920
Nordamerika,Kanada,services.signin.interac-id.ca,53117,1080,1920
Nordamerika,Kanada,webwork.elearning.ubc.ca,183698,1080,1920
Nordamerika,Kanada,well.ca,3584204,4439,1920
Nordamerika,Kanada,www.7jours.ca,1539947,6832,1920
Nordamerika,Kanada,www.airbnb.ca,166940,1252,1920
Nordamerika,Kanada,www.alc.ca,73424,1080,1920
Nordamerika,Kanada,www.ancestry.ca,35555,1080,1920
Nordamerika,Kanada,www.autotrader.ca,45315,1080,1920
Nordamerika,Kanada,www.bestbuy.ca,30228,1080,1920
Nordamerika,Kanada,www.canac.ca,44074,1100,1920
Nordamerika,Kanada,www.canadianappliance.ca,49188,1080,1920
Nordamerika,Kanada,www.cargurus.ca,8511,1080,1920
Nordamerika,Kanada,www.cartersoshkosh.ca,29214,1080,1920
Nordamerika,Kanada,www.centris.ca,8511,1080,1920
Nordamerika,Kanada,www.circulaire-en-ligne.ca,47544,1080,1920
Nordamerika,Kanada,www.costcobusinesscentre.ca,3225688,4081,1920
Nordamerika,Kanada,www.crocs.ca,43290,1080,1920
Nordamerika,Kanada,www.ebgames.ca,45048,1080,1920
Nordamerika,Kanada,www.ecampuslife.ca,269715,1080,1920
Nordamerika,Kanada,www.expedia.ca,67721,1080,1920
Nordamerika,Kanada,www.fanatics.ca,8511,1080,1920
Nordamerika,Kanada,www.gunpost.ca,43285,1080,1920
Nordamerika,Kanada,www.homedepot.ca,29729,1080,1920
Nordamerika,Kanada,www.homehardware.ca,46718,1080,1920
Nordamerika,Kanada,www.metro.ca,92257,1194,1920
Nordamerika,Kanada,www.olg.ca,86419,1080,1920
Nordamerika,Kanada,www.on.bet365.ca,87947,1080,1920
Nordamerika,Kanada,www.partycity.ca,3784191,4344,1920
Nordamerika,Kanada,www.rds.ca,3010827,7444,1920
Nordamerika,Kanada,www.rona.ca,1246964,3886,1920
Nordamerika,Kanada,www.sksinteriors.ca,1109277,6775,1920
Nordamerika,Kanada,www.sportchek.ca,2737608,4728,1920
Nordamerika,Kanada,www.sportsnet.ca,4510468,8215,1920
Nordamerika,Kanada,www.sqdc.ca,96833,1080,1920
Nordamerika,Kanada,www.sunwing.ca,2789531,4186,1920
Nordamerika,Kanada,www.tangerine.ca,997825,8175,1920
Nordamerika,Kanada,www.tanguay.ca,13186,1080,1920
Nordamerika,Kanada,www.torontopubliclibrary.ca,31748,1080,1920
Nordamerika,Kanada,www.tsc.ca,4340515,5230,1920
Nordamerika,Kanada,www.tsn.ca,4584806,13884,1920
Nordamerika,Kanada,www.tvanouvelles.ca,3827652,9983,1920
Nordamerika,Kanada,www.uline.ca,2056109,1689,1920
Nordamerika,Kanada,www.wayfair.ca,29076,1080,1920
Nordamerika,Kanada,www.yelp.ca,1224584,2283,1920
Afrika,Kenia,1xbet.co.ke,8511,1080,1920
Afrika,Kenia,22bet.co.ke,374716,1080,1920
Afrika,Kenia,accounts.ecitizen.go.ke,47568,1080,1920
Afrika,Kenia,accounts.provider.sha.go.ke,382736,1080,1920
Afrika,Kenia,afyayangu.go.ke,22322,1080,1920
Afrika,Kenia,arena.co.ke,1016224,6474,1920
Afrika,Kenia,betfalme.ke,818281,1994,1920
Afrika,Kenia,bridge.jiranismart.me.ke,48144,1080,1920
Afrika,Kenia,brs.ecitizen.go.ke,45842,1080,1920
Afrika,Kenia,brsv2.ecitizen.go.ke,46154,1080,1920
Afrika,Kenia,casino.gamemania.co.ke,79634,1080,1920
Afrika,Kenia,conference.ke,51187,1080,1920
Afrika,Kenia,daviva.ke,1768548,4157,1920
Afrika,Kenia,dci.ecitizen.go.ke,44498,1080,1920
Afrika,Kenia,dis.ecitizen.go.ke,44971,1080,1920
Afrika,Kenia,e-learning.embuni.ac.ke,1198594,1765,1920
Afrika,Kenia,e-learning.karu.ac.ke,2006058,2732,1920
Afrika,Kenia,earnify.co.ke,1033041,3233,1920
Afrika,Kenia,elearning.kisiiuniversity.ac.ke,1109897,1080,1920
Afrika,Kenia,elearning.tmu.ac.ke,40594,4320,1920
Afrika,Kenia,etims.kra.go.ke,41434,1080,1920
Afrika,Kenia,examinersapp.knec.ac.ke,128322,1080,1920
Afrika,Kenia,fns.immigration.go.ke,180710,1360,1920
Afrika,Kenia,hotpoint.co.ke,3606680,5284,1920
Afrika,Kenia,ielearning.ueab.ac.ke,1422023,1080,1920
Afrika,Kenia,itax.kra.go.ke,205927,1080,1920
Afrika,Kenia,jiji.co.ke,40993,1080,1920
Afrika,Kenia,jobs.iebc.or.ke,506929,2604,1920
Afrika,Kenia,jobs.integrity.go.ke,1601841,3779,1920
Afrika,Kenia,m-pesaforbusiness.co.ke,538109,1080,1928
Afrika,Kenia,m.flashscore.co.ke,800642,5359,1920
Afrika,Kenia,m.juicebet.co.ke,59830,1080,1920
Afrika,Kenia,m.mozzartbet.co.ke,1352243,4559,1920
Afrika,Kenia,masomo.mut.ac.ke,839119,1255,1920
Afrika,Kenia,mbogibet.co.ke,1656315,1080,1920
Afrika,Kenia,metickets.krc.co.ke,14089,1080,1920
Afrika,Kenia,micromartafrica.co.ke,92008,1080,1920
Afrika,Kenia,msha.ke,690311,6071,1920
Afrika,Kenia,my.jumia.co.ke,85436,1080,1920
Afrika,Kenia,myaccount.safaricom.co.ke,9545,1080,1920
Afrika,Kenia,nyotaproject.go.ke,2666521,4627,1935
Afrika,Kenia,online.kasneb.or.ke,567013,1098,1920
Afrika,Kenia,opportunitiesforyoungkenyans.co.ke,938908,5874,1920
Afrika,Kenia,portal.chuka.ac.ke,68072,1080,1920
Afrika,Kenia,portal.kcau.ac.ke,2135005,1080,1920
Afrika,Kenia,portal.ku.ac.ke,56929,1080,1920
Afrika,Kenia,portal.onfonmobile.co.ke,192369,1080,1920
Afrika,Kenia,portal.sha.go.ke,262065,1080,1920
Afrika,Kenia,portal.tvetcdacc.go.ke,728400,1080,1920
Afrika,Kenia,pscims.publicservice.go.ke,92008,1080,1920
Afrika,Kenia,publicservice.kenya.go.ke,99171,1080,1920
Afrika,Kenia,radio.or.ke,314017,1643,1920
Afrika,Kenia,s2.newarkfrontierstech.co.ke,13258,1080,1920
Afrika,Kenia,serviceportal.ntsa.go.ke,304460,1127,1920
Afrika,Kenia,sha.go.ke,1845787,3918,1920
Afrika,Kenia,smartpanel.co.ke,841190,1278,1920
Afrika,Kenia,smis.uonbi.ac.ke,110918,1080,1920
Afrika,Kenia,student.maseno.ac.ke,36532,1214,1920
Afrika,Kenia,studentportal.egerton.ac.ke,74279,1080,1920
Afrika,Kenia,studentportal.mku.ac.ke,81853,1080,1920
Afrika,Kenia,students.karu.ac.ke,29065,1214,1920
Afrika,Kenia,teacher.co.ke,13468,1080,1920
Afrika,Kenia,tpay.tsc.go.ke,65434,1080,1920
Afrika,Kenia,uhr.kenya.go.ke,99171,1080,1920
Afrika,Kenia,virtualcampus.kcau.ac.ke,1396914,2629,1920
Afrika,Kenia,winpesa.ke,2148639,1080,1920
Afrika,Kenia,www.betpawa.co.ke,152517,1080,1920
Afrika,Kenia,www.bongobongo.ke,988643,2681,1920
Afrika,Kenia,www.brightermonday.co.ke,1583983,4120,1920
Afrika,Kenia,www.corporatestaffing.co.ke,1612367,5308,1920
Afrika,Kenia,www.flashscore.co.ke,1484335,9528,1920
Afrika,Kenia,www.ghris.go.ke,316875,1080,1920
Afrika,Kenia,www.jumia.co.ke,39625,1080,1920
Afrika,Kenia,www.kenyans.co.ke,2119734,7104,1920
Afrika,Kenia,www.kilimall.co.ke,1784474,4368,1920
Afrika,Kenia,www.knec-portal.ac.ke,249069,1080,1920
Afrika,Kenia,www.kwatos.kpa.co.ke,392346,1080,1920
Afrika,Kenia,www.kwikbet.co.ke,148859,1081,1920
Afrika,Kenia,www.myjobmag.co.ke,1207718,8524,1920
Afrika,Kenia,www.palmsbet.co.ke,1999680,2662,1920
Afrika,Kenia,www.safaricom.co.ke,47962,1080,1920
Afrika,Kenia,www.simplepaytech.co.ke,14434,1080,1920
Afrika,Kenia,www.standardmedia.co.ke,3051080,14690,1920
Afrika,Kenia,www.the-star.co.ke,4041406,7452,1920
Afrika,Kenia,www.tuko.co.ke,31407,1088,1920
Südamerika,Kolumbien,3.grouple.co,2633853,5162,1920
Südamerika,Kolumbien,api-ao.adison.co,8511,1080,1920
Südamerika,Kolumbien,betowa.sena.edu.co,1710560,4835,1920
Südamerika,Kolumbien,bfvideo.co,3418580,2516,1920
Südamerika,Kolumbien,comercio.novaventa.com.co,13474,1080,1920
Südamerika,Kolumbien,dhan.co,6360235,14467,1920
Südamerika,Kolumbien,dochi.co,40740,1080,1920
Südamerika,Kolumbien,ecom.bbva.com.co,47957,1080,1920
Südamerika,Kolumbien,flowerknows.co,5488416,7211,1920
Südamerika,Kolumbien,gofan.co,185367,1080,1920
Südamerika,Kolumbien,hiking.biji.co,3567492,4188,1920
Südamerika,Kolumbien,kr40.topgirl.co,86175,1080,1920
Südamerika,Kolumbien,matkakhabar.com.co,3724444,14939,1920
Südamerika,Kolumbien,mp3juice.co,18039,1080,1920
Südamerika,Kolumbien,pagalworldi.com.co,1612839,5731,1920
Südamerika,Kolumbien,portal.nuevaeps.com.co,23165,1080,1920
Südamerika,Kolumbien,ptt.co,8101901,4580,1920
Südamerika,Kolumbien,solventa.co,13186,1080,1920
Südamerika,Kolumbien,tw.xchina.co,43401,1080,1920
Südamerika,Kolumbien,us.aplx.co,30829,1080,1920
Südamerika,Kolumbien,wiiwii.co,450310,1085,1920
Südamerika,Kolumbien,ww4.fmovies.co,71213,1080,1920
Südamerika,Kolumbien,www.99.co,42623,1080,1920
Südamerika,Kolumbien,www.adres.gov.co,18114,1080,1920
Südamerika,Kolumbien,www.emisorascolombianas.co,1183958,3219,1920
Südamerika,Kolumbien,www.espn.com.co,953911,6597,1920
Südamerika,Kolumbien,www.falabella.com.co,44585,1080,1920
Südamerika,Kolumbien,www.farmatodo.com.co,39608,1081,1920
Südamerika,Kolumbien,www.fincaraiz.com.co,886279,3261,1920
Südamerika,Kolumbien,www.giva.co,3419943,11036,1920
Südamerika,Kolumbien,www.icfes.gov.co,2306778,5977,1920
Südamerika,Kolumbien,www.instamod.co,285577,1627,1920
Südamerika,Kolumbien,www.mobiles24.co,1953088,2873,1924
Südamerika,Kolumbien,www.rareanimes.co,1010118,3044,1920
Südamerika,Kolumbien,www.registraduria.gov.co,48538,1080,1920
Südamerika,Kolumbien,www.rushbet.co,772780,2888,1920
Südamerika,Kolumbien,www.secop.gov.co,18114,1080,1920
Südamerika,Kolumbien,www.tempo.co,42505,1080,1920
Südamerika,Kolumbien,www.velez.com.co,8671926,5159,1920
Südamerika,Kolumbien,www.wakefit.co,43315,1080,1920
Südamerika,Kolumbien,www.winsports.co,1477378,11071,1920
Südamerika,Kolumbien,www.wradio.com.co,3622123,12654,5500
Südamerika,Kolumbien,yt1s.com.co,731182,3747,1920
Südamerika,Kolumbien,zaavio.co,8685117,6493,1920
Südamerika,Kolumbien,zajuna.sena.edu.co,1850934,2516,1920
Südamerika,Kolumbien,zerolifestyle.co,4166590,11404,1920
Asien,Malaysia,9xmoviies.my,3178384,3763,1920
Asien,Malaysia,ains.moe.gov.my,51433,1080,1920
Asien,Malaysia,assist.perkeso.gov.my,39961,1080,1920
Asien,Malaysia,auth.digitalid.unifi.my,281966,1080,1920
Asien,Malaysia,bantuanbaru.my,1245599,9390,1920
Asien,Malaysia,bantuantunai2025.hasil.gov.my,423527,1080,1932
Asien,Malaysia,bizpro.aeoncredit.com.my,1513176,1725,1920
Asien,Malaysia,bjak.my,1022549,5125,1920
Asien,Malaysia,cims.cidb.gov.my,861797,2891,2133
Asien,Malaysia,ecampus.umk.edu.my,2373624,1764,1920
Asien,Malaysia,ecentral.my,2585858,4982,1920
Asien,Malaysia,efs.kehakiman.gov.my,311075,1217,1920
Asien,Malaysia,egumis.anm.gov.my,162080,1080,1920
Asien,Malaysia,epenyatagaji-laporan.anm.gov.my,483880,1080,1920
Asien,Malaysia,eservices.imi.gov.my,15333,1080,1920
Asien,Malaysia,ezbiz.ssm.com.my,1771778,1080,1924
Asien,Malaysia,form.sarawak.gov.my,40720,1080,1920
Asien,Malaysia,frdl.my,469009,3270,1920
Asien,Malaysia,gurubesar.my,1259096,1905,1920
Asien,Malaysia,hrmis2.eghrmis.gov.my,168366,1080,1920
Asien,Malaysia,idme.moe.gov.my,39430,1080,1920
Asien,Malaysia,insan.jpa.gov.my,1070533,3572,1920
Asien,Malaysia,italeemc.iium.edu.my,610816,1819,1920
Asien,Malaysia,learning.uum.edu.my,51771,1080,1920
Asien,Malaysia,lms2.apiit.edu.my,31072,1080,1920
Asien,Malaysia,lolokino.my,2486136,2288,1920
Asien,Malaysia,magnum4d.my,1076261,3230,1920
Asien,Malaysia,majoriti.com.my,2878212,4018,1920
Asien,Malaysia,mangapoi.my,43550,1080,1920
Asien,Malaysia,moeispel.moe.gov.my,38627,1080,1920
Asien,Malaysia,moeissppb.moe.gov.my,39495,1080,1920
Asien,Malaysia,my.ummc.edu.my,1698826,1104,1920
Asien,Malaysia,myptptn.ptptn.gov.my,31735,1080,1920
Asien,Malaysia,myservice.aia.com.my,65484,1080,1956
Asien,Malaysia,mystudent.uitm.edu.my,628974,1080,1920
Asien,Malaysia,online.ktmb.com.my,1871741,1408,1920
Asien,Malaysia,picks.my,2468310,15078,1920
Asien,Malaysia,primis-clinical10.protecthealth.com.my,88087,1080,1920
Asien,Malaysia,publicgold.com.my,18114,1080,1920
Asien,Malaysia,radioonline.my,277435,1639,1920
Asien,Malaysia,sabong67.my,8511,1080,1920
Asien,Malaysia,secure.kwsp.gov.my,40829,1080,1920
Asien,Malaysia,seller.shopee.com.my,8512,1080,1920
Asien,Malaysia,spa9.spa.gov.my,881103,1080,1920
Asien,Malaysia,sso.digital-id.my,4122412,12616,1920
Asien,Malaysia,translate.google.com.my,130180,1162,1920
Asien,Malaysia,ukmfolio.ukm.my,1693828,2160,1920
Asien,Malaysia,unistudent.upsi.edu.my,53019,4241,1920
Asien,Malaysia,vip.kimcilonlyofc.my,2420828,2673,1920
Asien,Malaysia,w3.financial-link.com.my,11757,1080,1920
Asien,Malaysia,www.aia.com.my,1034506,5750,1920
Asien,Malaysia,www.buletintv3.my,5953491,8104,1920
Asien,Malaysia,www.carlist.my,43412,1080,1920
Asien,Malaysia,www.cimb.bizchannel.com.my,48922,1080,1920
Asien,Malaysia,www.cimb.com.my,2371968,4954,1920
Asien,Malaysia,www.cinema.com.my,1164163,2219,1920
Asien,Malaysia,www.enanyang.my,1543576,3002,1920
Asien,Malaysia,www.eprema.com.my,153799,1080,1920
Asien,Malaysia,www.mybsn.com.my,2189301,1080,1920
Asien,Malaysia,www.myspike.my,2245679,2899,1920
Asien,Malaysia,www.playtamil.my,505120,2547,1920
Asien,Malaysia,www.redbus.my,1797622,4061,1920
Asien,Malaysia,www.sinarharian.com.my,825574,3007,1920
Asien,Malaysia,www.sinchew.com.my,6627779,7427,1920
Asien,Malaysia,www.sportstoto.com.my,1843254,2824,1932
Asien,Malaysia,www.ticket2u.com.my,2269725,3764,1920
Asien,Malaysia,www.toyota.com.my,1420765,4291,1920
Asien,Malaysia,www.tracking.my,376358,4808,1920
Asien,Malaysia,www.u.com.my,1635580,3257,1920
Asien,Malaysia,www.vn2b.my,6009538,4252,1920
Asien,Malaysia,www.waktusolat.my,419165,1090,1920
Afrika,Marokko,agenz.ma,85923,1080,1920
Afrika,Marokko,ar.sport.le360.ma,3819479,8395,1920
Afrika,Marokko,auth.identitenumerique.ma,8514,1080,1920
Afrika,Marokko,auth.univh2c.ma,54731,1080,1920
Afrika,Marokko,beautymarket.ma,5771393,13317,1920
Afrika,Marokko,booking.ctm.ma,2112066,1080,1920
Afrika,Marokko,bpnet.gbp.ma,444804,1080,1920
Afrika,Marokko,casapromo.ma,1659658,5396,1920
Afrika,Marokko,chamaly.ma,7517224,9676,1920
Afrika,Marokko,client.ozoneexpress.ma,1038559,1080,1920
Afrika,Marokko,connect.orange.ma,42728,1080,1920
Afrika,Marokko,ctm.ma,1628850,3202,1920
Afrika,Marokko,dev-point1.01.ma,395555,1256,1920
Afrika,Marokko,e-fsjesam.uiz.ac.ma,454477,1080,1920
Afrika,Marokko,ecampus-flsh.uca.ma,203492,1365,1920
Afrika,Marokko,ent.uit.ac.ma,37154,1080,1920
Afrika,Marokko,entv26.univh2c.ma,78283,1080,1920
Afrika,Marokko,espace-client.orange.ma,122280,1263,1920
Afrika,Marokko,etu.um5.ac.ma,1900368,3049,1920
Afrika,Marokko,extranet.emploi-public.ma,342094,5959,1920
Afrika,Marokko,farmasi-ma.ma,888237,1080,1920
Afrika,Marokko,fr.le360.ma,4295215,10274,1920
Afrika,Marokko,fsjes.uca.ma,1567126,5249,1920
Afrika,Marokko,gcd.univh2c.ma,934295,1926,1920
Afrika,Marokko,h24info.ma,2726858,8148,1944
Afrika,Marokko,hmizate.ma,2909556,6171,1920
Afrika,Marokko,idprovider.men.gov.ma,89888,1080,1920
Afrika,Marokko,ijob.ma,662227,3009,1920
Afrika,Marokko,inwi.ma,1810358,5466,1920
Afrika,Marokko,justice.gov.ma,2194370,3056,1935
Afrika,Marokko,lematin.ma,985620,3021,1920
Afrika,Marokko,mangaraw.ma,2416111,3472,1920
Afrika,Marokko,marjane.ma,86138,1080,1920
Afrika,Marokko,markoub.ma,1179756,5997,1920
Afrika,Marokko,medicament.ma,1243868,2252,1920
Afrika,Marokko,micromagma.ma,2907849,5907,1920
Afrika,Marokko,moutamadris.ma,165308,1080,1920
Afrika,Marokko,nichan.ma,1986012,7199,1920
Afrika,Marokko,promo.maktabati.ma,750438,1098,1920
Afrika,Marokko,promo.mttv.ma,347346,1080,1920
Afrika,Marokko,promo.playup.ma,1007813,1081,1920
Afrika,Marokko,promo.playvod.ma,453825,1080,1920
Afrika,Marokko,radio.co.ma,295052,1639,1920
Afrika,Marokko,rdv.consulat.ma,21159,1080,1920
Afrika,Marokko,sabahagadir.ma,1297419,3686,1920
Afrika,Marokko,snrtlive.ma,662919,1143,1920
Afrika,Marokko,talib.fsjes-umi.ac.ma,49467,1080,1920
Afrika,Marokko,universparadiscount.ma,3383102,4706,1920
Afrika,Marokko,www.alomrane.gov.ma,5214302,6072,1920
Afrika,Marokko,www.ancfcc.gov.ma,57061,1080,1920
Afrika,Marokko,www.bricoma.ma,604454,1864,1920
Afrika,Marokko,www.cashpub.ma,484513,2929,1920
Afrika,Marokko,www.coteetsport.ma,1813000,3264,1928
Afrika,Marokko,www.decathlon.ma,4578587,7118,1920
Afrika,Marokko,www.dreamjob.ma,827165,6632,1920
Afrika,Marokko,www.electroplanet.ma,86966,1080,1920
Afrika,Marokko,www.eloterie.ma,29476,1080,1920
Afrika,Marokko,www.fatourati.ma,1122399,5447,1920
Afrika,Marokko,www.fm6education.ma,1186148,2963,1920
Afrika,Marokko,www.goud.ma,3361007,4518,1920
Afrika,Marokko,www.jumia.ma,38754,1080,1920
Afrika,Marokko,www.lcwaikiki.ma,30534,1080,1920
Afrika,Marokko,www.mahakim.ma,903464,3024,1920
Afrika,Marokko,www.marchespublics.gov.ma,243511,1080,1920
Afrika,Marokko,www.marjane.ma,85991,1080,1920
Afrika,Marokko,www.marjanemall.ma,85923,1080,1920
Afrika,Marokko,www.moncallcenter.ma,938464,2996,1920
Afrika,Marokko,www.moteur.ma,2303597,4940,1920
Afrika,Marokko,www.mubawab.ma,858844,1555,1920
Afrika,Marokko,www.oncf-voyages.ma,1491813,5579,1920
Afrika,Marokko,www.oncf.ma,4227364,4426,1920
Afrika,Marokko,www.orange.ma,725532,3054,1920
Afrika,Marokko,www.sorec.ma,731774,5399,1920
Afrika,Marokko,www.tax.gov.ma,106606,1080,1920
Afrika,Marokko,www.telecontact.ma,1776088,3092,1920
Afrika,Marokko,www.tgr.gov.ma,1074438,1917,1920
Afrika,Marokko,www.ultrapc.ma,3088672,8155,1920
Afrika,Marokko,www.yves-rocher.ma,4057141,5080,1920
Nordamerika,Mexiko,academica.mx,1248925,2369,1920
Nordamerika,Mexiko,agendador-shp.jalisco.gob.mx,233375,1080,1920
Nordamerika,Mexiko,alumno.conalep.edu.mx,14237,1080,1920
Nordamerika,Mexiko,app.facturama.mx,3205700,9164,1920
Nordamerika,Mexiko,auto.mercadolibre.com.mx,21389,1080,1920
Nordamerika,Mexiko,automarket.bbva.mx,1254890,4817,1920
Nordamerika,Mexiko,cfdiau.sat.gob.mx,8511,1080,1920
Nordamerika,Mexiko,diario.mx,1600336,7390,1920
Nordamerika,Mexiko,eventossistema.com.mx,382934,1080,1920
Nordamerika,Mexiko,experiencia21.tec.mx,1250954,1080,1920
Nordamerika,Mexiko,libros.conaliteg.gob.mx,667403,5659,1935
Nordamerika,Mexiko,modeloparaganar.com.mx,111063,1080,1920
Nordamerika,Mexiko,music.amazon.com.mx,33662,1080,1920
Nordamerika,Mexiko,portal.bbva.mx,12957,1080,1920
Nordamerika,Mexiko,portalcitas.fonacot.gob.mx,22292,1080,1920
Nordamerika,Mexiko,pro.homedepot.com.mx,29783,1080,1920
Nordamerika,Mexiko,problemasglobales.udg.mx,970251,1080,1920
Nordamerika,Mexiko,sellercentral.amazon.com.mx,414264,1802,1920
Nordamerika,Mexiko,semestrebase.sems.udg.mx,187069,1695,1935
Nordamerika,Mexiko,sports.caliente.mx,41737,1080,1920
Nordamerika,Mexiko,tuaulavirtual.educatic.unam.mx,202470,1080,1920
Nordamerika,Mexiko,waldos.com.mx,3896753,5404,1920
Nordamerika,Mexiko,www.airbnb.mx,164312,1252,1920
Nordamerika,Mexiko,www.att.com.mx,9236914,8742,1920
Nordamerika,Mexiko,www.autocosmos.com.mx,3504779,7712,1920
Nordamerika,Mexiko,www.autozone.com.mx,31207,1080,1920
Nordamerika,Mexiko,www.bbva.mx,2714165,7977,1921
Nordamerika,Mexiko,www.becabenitojuarez.gob.mx,3046373,4016,1920
Nordamerika,Mexiko,www.bodas.com.mx,30062,1080,1920
Nordamerika,Mexiko,www.burodecredito.com.mx,2730137,9465,1920
Nordamerika,Mexiko,www.chedraui.com.mx,3281192,5942,1920
Nordamerika,Mexiko,www.chopo.com.mx,40016,1080,1920
Nordamerika,Mexiko,www.creditea.mx,997592,6897,1920
Nordamerika,Mexiko,www.despegar.com.mx,41194,1080,1920
Nordamerika,Mexiko,www.doctoralia.com.mx,726320,2951,1920
Nordamerika,Mexiko,www.dominos.com.mx,8635,1080,1920
Nordamerika,Mexiko,www.elektra.mx,461375,7092,1920
Nordamerika,Mexiko,www.elsiglodetorreon.com.mx,4334151,16193,1920
Nordamerika,Mexiko,www.ford.mx,30255,1080,1920
Nordamerika,Mexiko,www.gob.mx,22765,1080,1920
Nordamerika,Mexiko,www.homedepot.com.mx,30866,1080,1920
Nordamerika,Mexiko,www.hyundai.com.mx,2171995,4209,1920
Nordamerika,Mexiko,www.imss.gob.mx,20736,1080,1920
Nordamerika,Mexiko,www.insurgentesuin.mx,1093874,1898,1920
Nordamerika,Mexiko,www.jornada.com.mx,5764191,8561,1920
Nordamerika,Mexiko,www.llave.gob.mx,1908666,3772,1920
Nordamerika,Mexiko,www.loterianacional.gob.mx,4565165,5242,1928
Nordamerika,Mexiko,www.occ.com.mx,40371,1080,1920
Nordamerika,Mexiko,www.record.com.mx,2974958,9093,1920
Nordamerika,Mexiko,www.sams.com.mx,34031,1080,1920
Nordamerika,Mexiko,www.sears.com.mx,48113,1080,1920
Nordamerika,Mexiko,www.sensacine.com.mx,1162982,7408,1920
Nordamerika,Mexiko,www.suburbia.com.mx,4179791,5373,1920
Nordamerika,Mexiko,www.ticketmaster.com.mx,3682580,4138,1920
Nordamerika,Mexiko,www.tiempo.com.mx,4548981,6867,1920
Nordamerika,Mexiko,www.toyota.mx,47839,1080,1920
Nordamerika,Mexiko,www.uaeh.edu.mx,4520226,5281,1920
Nordamerika,Mexiko,www.winner.mx,1185569,2336,1920
Ozeanien,Mikronesien,296.fm,2055922,11045,1920
Ozeanien,Mikronesien,450.fm,2603659,5392,1920
Ozeanien,Mikronesien,airable.fm,25197,1080,1920
Ozeanien,Mikronesien,ar.radiocut.fm,42169,1080,1920
Ozeanien,Mikronesien,baila.fm,3683276,3626,1920
Ozeanien,Mikronesien,baskino.fm,1158579,4150,1920
Ozeanien,Mikronesien,bib.fm,13135,1080,1920
Ozeanien,Mikronesien,clube.fm,3788157,6569,1920
Ozeanien,Mikronesien,cms.megaphone.fm,45159,1080,1920
Ozeanien,Mikronesien,dashboard.transistor.fm,319821,1080,1920
Ozeanien,Mikronesien,dice.fm,264587,5668,1920
Ozeanien,Mikronesien,ditto.fm,8511,1080,1920
Ozeanien,Mikronesien,entradas.baila.fm,87177,1080,1920
Ozeanien,Mikronesien,fun.lux.fm,933472,4355,1920
Ozeanien,Mikronesien,futurock.fm,1066237,2182,1920
Ozeanien,Mikronesien,hitster.fm,12186,1080,1920
Ozeanien,Mikronesien,i.airbuds.fm,1296011,2933,1920
Ozeanien,Mikronesien,iono.fm,931613,4656,1920
Ozeanien,Mikronesien,jazz.lystn.fm,182888,1080,1920
Ozeanien,Mikronesien,jda.facilit.fm,32097,1080,1920
Ozeanien,Mikronesien,kinogo.fm,2400981,4658,1920
Ozeanien,Mikronesien,kinogoo.fm,2826872,4518,1920
Ozeanien,Mikronesien,laurentides.cime.fm,1133179,5414,1920
Ozeanien,Mikronesien,laut.fm,288755,1413,1920
Ozeanien,Mikronesien,libro.fm,13186,1080,1920
Ozeanien,Mikronesien,listen.streamon.fm,143564,1195,1920
Ozeanien,Mikronesien,m.radioluisteren.fm,284715,2359,1920
Ozeanien,Mikronesien,m.z3.fm,194161,1080,1920
Ozeanien,Mikronesien,marus.fm,1276508,2027,1920
Ozeanien,Mikronesien,matchmx.fm,86840,1080,1920
Ozeanien,Mikronesien,mcwcasino.fm,545533,1080,1920
Ozeanien,Mikronesien,mel.fm,1148781,5587,1920
Ozeanien,Mikronesien,motchiller.fm,2104305,5487,1920
Ozeanien,Mikronesien,my.brain.fm,657131,1080,1920
Ozeanien,Mikronesien,new.kinogo.fm,2400981,4658,1920
Ozeanien,Mikronesien,open.fm,1423821,14608,1920
Ozeanien,Mikronesien,playback.fm,708440,3060,1920
Ozeanien,Mikronesien,podbay.fm,42350,1080,1920
Ozeanien,Mikronesien,poll.fm,931017,6321,1920
Ozeanien,Mikronesien,pt.z-lib.fm,1750042,3970,1920
Ozeanien,Mikronesien,raag.fm,2116050,3178,1920
Ozeanien,Mikronesien,radiocrazy.fm,3024712,11534,1920
Ozeanien,Mikronesien,radiopoznan.fm,4537874,6134,1920
Ozeanien,Mikronesien,radiosabadell.fm,5154300,7116,1920
Ozeanien,Mikronesien,radiostationusa.fm,884908,3858,1920
Ozeanien,Mikronesien,riverside.fm,6579469,12613,1920
Ozeanien,Mikronesien,rus.hitmos.fm,40779,1080,1920
Ozeanien,Mikronesien,rym.fm,59681,1407,1920
Ozeanien,Mikronesien,s.awa.fm,2269345,7363,1920
Ozeanien,Mikronesien,sa.aqar.fm,2738719,6146,1920
Ozeanien,Mikronesien,sesh.fm,3572437,10130,1920
Ozeanien,Mikronesien,sib.fm,4346750,7921,1920
Ozeanien,Mikronesien,skyrock.fm,5350829,10132,1920
Ozeanien,Mikronesien,stand.fm,209184,2388,1920
Ozeanien,Mikronesien,stash.reaper.fm,323390,1689,1920
Ozeanien,Mikronesien,stats.fm,1324849,3702,1920
Ozeanien,Mikronesien,styl.fm,85734,1080,1920
Ozeanien,Mikronesien,suwako.marathon.fm,2973851,3291,1920
Ozeanien,Mikronesien,topzvonok.fm,406134,2524,1920
Ozeanien,Mikronesien,volt.fm,1217462,4469,1920
Ozeanien,Mikronesien,www.489.fm,1435832,3423,1920
Ozeanien,Mikronesien,www.brain.fm,10101283,14710,1920
Ozeanien,Mikronesien,www.canliradyodinle.fm,1208848,3605,1920
Ozeanien,Mikronesien,www.clare.fm,1117749,7707,1920
Ozeanien,Mikronesien,www.espana.fm,236514,1080,1920
Ozeanien,Mikronesien,www.gayporn.fm,6706936,6087,1920
Ozeanien,Mikronesien,www.gayporno.fm,6822739,6097,1920
Ozeanien,Mikronesien,www.mexc.fm,1035694,7084,1920
Ozeanien,Mikronesien,www.movework-flow.fm,1607153,1080,1920
Ozeanien,Mikronesien,www.nasze.fm,2088557,4828,1920
Ozeanien,Mikronesien,www.nederland.fm,324653,1080,1920
Ozeanien,Mikronesien,www.oka.fm,4353832,6802,1920
Ozeanien,Mikronesien,www.openai.fm,511101,3679,1920
Ozeanien,Mikronesien,www.reaper.fm,1187997,3775,1920
Ozeanien,Mikronesien,www.sakura.fm,1371323,1080,1920
Ozeanien,Mikronesien,www.thefan.fm,456700,1916,1920
Ozeanien,Mikronesien,www.three.fm,4155461,5961,1920
Ozeanien,Mikronesien,www.tupi.fm,1801959,8617,1920
Ozeanien,Mikronesien,www.vocalize.fm,646389,4412,1920
Ozeanien,Mikronesien,z-lib.fm,1683261,3970,1920
Ozeanien,Mikronesien,zeno.fm,1088152,4163,1920
Ozeanien,Mikronesien,zh.z-lib.fm,1563601,3970,1920
Ozeanien,Neuseeland,apply.immigration.govt.nz,8511,1080,1920
Ozeanien,Neuseeland,bank.westpac.co.nz,28884,1080,1920
Ozeanien,Neuseeland,canvas.auckland.ac.nz,1769057,1151,1920
Ozeanien,Neuseeland,canvas.aut.ac.nz,57804,1080,1920
Ozeanien,Neuseeland,e-asttle.education.govt.nz,38407,1080,1920
Ozeanien,Neuseeland,escortify.co.nz,87635,1080,1920
Ozeanien,Neuseeland,findsomeone.co.nz,47968,1080,1920
Ozeanien,Neuseeland,gazette.education.govt.nz,1247436,3866,1920
Ozeanien,Neuseeland,login.realme.govt.nz,16473,1080,1920
Ozeanien,Neuseeland,loveracing.nz,3826224,5064,1920
Ozeanien,Neuseeland,m.jdsports.co.nz,1574689,3563,1920
Ozeanien,Neuseeland,management.empowersoftware.co.nz,37679,1080,1920
Ozeanien,Neuseeland,medi-map.co.nz,17325,1080,1920
Ozeanien,Neuseeland,movies4u.nz,1004853,4081,1920
Ozeanien,Neuseeland,my.msd.govt.nz,171572,1080,1920
Ozeanien,Neuseeland,myir.ird.govt.nz,104655,1080,1920
Ozeanien,Neuseeland,mylotto.co.nz,214647,1080,1920
Ozeanien,Neuseeland,new.aucklandcouncil.govt.nz,1584147,4171,1920
Ozeanien,Neuseeland,newsroom.co.nz,5112584,11049,1920
Ozeanien,Neuseeland,one.nz,4316069,8336,1920
Ozeanien,Neuseeland,onlineservices.immigration.govt.nz,8511,1080,1920
Ozeanien,Neuseeland,practicetest.aa.co.nz,39618,1080,1920
Ozeanien,Neuseeland,s1.panel-quote.co.nz,1518945,1080,1920
Ozeanien,Neuseeland,shineon.co.nz,5913624,5112,1920
Ozeanien,Neuseeland,taku.nzqa.govt.nz,47968,1080,1920
Ozeanien,Neuseeland,tradedepot.co.nz,2575650,6159,1920
Ozeanien,Neuseeland,transact.nzta.govt.nz,1421011,3020,1920
Ozeanien,Neuseeland,www.1news.co.nz,5743584,11250,1920
Ozeanien,Neuseeland,www.2degrees.nz,2798807,6353,1920
Ozeanien,Neuseeland,www.airnewzealand.co.nz,2623732,3914,1920
Ozeanien,Neuseeland,www.anz.co.nz,1653302,5768,1921
Ozeanien,Neuseeland,www.auckland.ac.nz,4243007,5414,1920
Ozeanien,Neuseeland,www.bnz.co.nz,1016336,1678,1920
Ozeanien,Neuseeland,www.briscoes.co.nz,3547947,7326,1920
Ozeanien,Neuseeland,www.bunnings.co.nz,44477,1080,1920
Ozeanien,Neuseeland,www.carjam.co.nz,96318,1080,1920
Ozeanien,Neuseeland,www.chemistwarehouse.co.nz,47295,1080,1920
Ozeanien,Neuseeland,www.doc.govt.nz,2075654,2522,1920
Ozeanien,Neuseeland,www.drivingtests.co.nz,48456,1080,1920
Ozeanien,Neuseeland,www.ebgames.co.nz,45286,1080,1920
Ozeanien,Neuseeland,www.farmers.co.nz,192726,1080,1920
Ozeanien,Neuseeland,www.golf.co.nz,4621470,6220,1920
Ozeanien,Neuseeland,www.harveynorman.co.nz,1444060,3885,1920
Ozeanien,Neuseeland,www.ib.kiwibank.co.nz,53587,1081,1920
Ozeanien,Neuseeland,www.immigration.govt.nz,2520038,4190,1920
Ozeanien,Neuseeland,www.interest.co.nz,1673812,4847,1920
Ozeanien,Neuseeland,www.ird.govt.nz,1565724,3568,1920
Ozeanien,Neuseeland,www.jbhifi.co.nz,3237180,8563,1920
Ozeanien,Neuseeland,www.journeys.nzta.govt.nz,218266,1080,1920
Ozeanien,Neuseeland,www.kathmandu.co.nz,8610939,10539,1920
Ozeanien,Neuseeland,www.kiwiswingers.co.nz,2716096,8369,1920
Ozeanien,Neuseeland,www.kmart.co.nz,29695,1080,1920
Ozeanien,Neuseeland,www.locanto.co.nz,43818,1080,1920
Ozeanien,Neuseeland,www.looksharpstore.co.nz,1766140,9602,1920
Ozeanien,Neuseeland,www.mightyape.co.nz,48967,1080,1920
Ozeanien,Neuseeland,www.mitre10.co.nz,86989,1080,1920
Ozeanien,Neuseeland,www.newzealandgirls.co.nz,49925,1080,1920
Ozeanien,Neuseeland,www.noelleeming.co.nz,2089126,5724,1920
Ozeanien,Neuseeland,www.numberoneshoesandhannahs.co.nz,1665952,5623,1920
Ozeanien,Neuseeland,www.nzpost.co.nz,2427076,3747,1920
Ozeanien,Neuseeland,www.nzta.govt.nz,1695160,1737,1920
Ozeanien,Neuseeland,www.odt.co.nz,5231253,10589,1920
Ozeanien,Neuseeland,www.onceit.co.nz,8511,1080,1920
Ozeanien,Neuseeland,www.oneroof.co.nz,1703589,3006,1920
Ozeanien,Neuseeland,www.otago.ac.nz,43968,1080,1920
Ozeanien,Neuseeland,www.pagani.co.nz,2122586,3541,1920
Ozeanien,Neuseeland,www.paknsave.co.nz,45240,1080,1920
Ozeanien,Neuseeland,www.pbtech.co.nz,105039,1147,1920
Ozeanien,Neuseeland,www.postie.co.nz,3046428,6952,1920
Ozeanien,Neuseeland,www.realestate.co.nz,1397714,2349,1920
Ozeanien,Neuseeland,www.rebelsport.co.nz,4845899,8495,1920
Ozeanien,Neuseeland,www.repco.co.nz,104225,1080,1920
Ozeanien,Neuseeland,www.rnz.co.nz,4875838,8830,1920
Ozeanien,Neuseeland,www.seek.co.nz,44487,1080,1920
Ozeanien,Neuseeland,www.skyscanner.co.nz,102140,1080,1920
Ozeanien,Neuseeland,www.spark.co.nz,39594,1080,1920
Ozeanien,Neuseeland,www.studyladder.co.nz,3723722,7759,1920
Ozeanien,Neuseeland,www.sunlive.co.nz,2836343,4587,1920
Ozeanien,Neuseeland,www.supercheapauto.co.nz,47874,1080,1920
Ozeanien,Neuseeland,www.tab.co.nz,48427,1080,1920
Ozeanien,Neuseeland,www.thepost.co.nz,4563419,20013,1920
Ozeanien,Neuseeland,www.thewarehouse.co.nz,2611736,6187,1920
Ozeanien,Neuseeland,www.timestables.co.nz,1246111,3568,1920
Ozeanien,Neuseeland,www.trademe.co.nz,691411,2664,1920
Ozeanien,Neuseeland,www.turners.co.nz,1339952,3611,1920
Ozeanien,Neuseeland,www.tvnz.co.nz,8512,1080,1920
Ozeanien,Neuseeland,www.twinkl.co.nz,685628,2980,1920
Ozeanien,Neuseeland,www.waikatotimes.co.nz,176123,2234,1920
Ozeanien,Neuseeland,www.warehousestationery.co.nz,1862017,5245,1920
Ozeanien,Neuseeland,www2.nzqa.govt.nz,47913,1080,1920
Nordamerika,Nicaragua,admision.setec.edu.ni,86677,1080,1920
Nordamerika,Nicaragua,aulavirtual.ucem.edu.ni,899242,3415,1920
Nordamerika,Nicaragua,aulavirtual.ucyt.edu.ni,1197996,1564,1920
Nordamerika,Nicaragua,avmedic.unanleon.edu.ni,1514516,1080,1920
Nordamerika,Nicaragua,bancadigitalv2.banprogrupopromerica.com.ni,21082,1080,1920
Nordamerika,Nicaragua,books.google.com.ni,31288,1080,1920
Nordamerika,Nicaragua,campus.mined.edu.ni,20777,1080,1920
Nordamerika,Nicaragua,campus.tecnacional.edu.ni,2673939,4623,1935
Nordamerika,Nicaragua,campusvirtual.ucc.edu.ni,1027573,1574,1920
Nordamerika,Nicaragua,campusvirtual.unitec.edu.ni,1802143,3815,1920
Nordamerika,Nicaragua,campusvirtual.uraccan.edu.ni,1847291,1723,1920
Nordamerika,Nicaragua,cinemas.com.ni,3364286,3402,1920
Nordamerika,Nicaragua,climber.uml.edu.ni,36512,1080,1920
Nordamerika,Nicaragua,consultacf.ineter.gob.ni,637082,2288,1920
Nordamerika,Nicaragua,consultascausas.poderjudicial.gob.ni,313184,1486,1920
Nordamerika,Nicaragua,credito2.aglobal.org.ni,59363,1080,1920
Nordamerika,Nicaragua,dgienlinea.dgi.gob.ni,20727,1080,1920
Nordamerika,Nicaragua,domicilio.mcdonalds.com.ni,23884,1080,1920
Nordamerika,Nicaragua,elearning.bicu.edu.ni,2682425,2019,1920
Nordamerika,Nicaragua,galeno.minsa.net.ni,235128,1080,1920
Nordamerika,Nicaragua,gescolar.est.lasalleleon.edu.ni,1013237,1080,1920
Nordamerika,Nicaragua,ha.tigo.com.ni,66217,1080,1920
Nordamerika,Nicaragua,hispamer.com.ni,21798,1080,1920
Nordamerika,Nicaragua,hushpuppies.ni,1102831,6392,2310
Nordamerika,Nicaragua,id.tigo.com.ni,13798,1080,1920
Nordamerika,Nicaragua,inscripcioncomponentes.unanleon.edu.ni,633517,1130,1920
Nordamerika,Nicaragua,juega.loto.com.ni,86144,1080,1920
Nordamerika,Nicaragua,kia.com.ni,2791466,5022,1920
Nordamerika,Nicaragua,learningenglish.tecnacional.edu.ni,1906343,3479,1920
Nordamerika,Nicaragua,legislacion.asamblea.gob.ni,22191,1080,1920
Nordamerika,Nicaragua,loto.com.ni,85903,1080,1920
Nordamerika,Nicaragua,matricula.unanleon.edu.ni,240546,1080,1920
Nordamerika,Nicaragua,maxipali.com.ni,1778946,3264,1920
Nordamerika,Nicaragua,micuenta.tigo.com.ni,87123,1080,1920
Nordamerika,Nicaragua,nicaraguaeduca.mined.gob.ni,87056,1080,1920
Nordamerika,Nicaragua,oferta.setec.edu.ni,86692,1080,1920
Nordamerika,Nicaragua,paquetes.miclaro.com.ni,48536,1080,1920
Nordamerika,Nicaragua,par2.ni,1895060,4631,1920
Nordamerika,Nicaragua,portalestudiantes.unanleon.edu.ni,179152,1080,1920
Nordamerika,Nicaragua,radios.co.ni,343765,1643,1920
Nordamerika,Nicaragua,secundariaenlinea.mined.edu.ni,20884,1080,1920
Nordamerika,Nicaragua,seguronetnlb.seguroslafise.com.ni,92008,1080,1920
Nordamerika,Nicaragua,serviciosenlinea.mined.gob.ni,324663,1080,1920
Nordamerika,Nicaragua,serviciosenlinea.tecnacional.edu.ni,1407488,3211,1920
Nordamerika,Nicaragua,sicsa.com.ni,3276786,4952,1920
Nordamerika,Nicaragua,siga.est.ulsa.edu.ni,1058891,1080,1920
Nordamerika,Nicaragua,sigi.unan.edu.ni,157582,1080,1920
Nordamerika,Nicaragua,sistemas.ipsa.gob.ni,20808,1080,1920
Nordamerika,Nicaragua,siu.uni.edu.ni,92008,1080,1920
Nordamerika,Nicaragua,tecnologia.unanleon.edu.ni,1685887,1080,1920
Nordamerika,Nicaragua,tramites.migob.gob.ni,43401,1080,1920
Nordamerika,Nicaragua,trazabilidad.ipsa.gob.ni,2105061,1080,1920
Nordamerika,Nicaragua,tributos.managua.gob.ni,47535,1080,1920
Nordamerika,Nicaragua,uam.edu.ni,4951432,9580,1920
Nordamerika,Nicaragua,uamvirtual.uam.edu.ni,464600,1149,1920
Nordamerika,Nicaragua,ucnvirtual.edu.ni,2691525,3565,1920
Nordamerika,Nicaragua,www.banpro.com.ni,14730,1080,1920
Nordamerika,Nicaragua,www.banprogrupopromerica.com.ni,19228,1080,1920
Nordamerika,Nicaragua,www.bcn.gob.ni,104759,1080,1920
Nordamerika,Nicaragua,www.bicu.edu.ni,419936,4618,1920
Nordamerika,Nicaragua,www.canal10.com.ni,1229297,7483,1920
Nordamerika,Nicaragua,www.canal4.com.ni,4258011,5706,1920
Nordamerika,Nicaragua,www.claro.com.ni,3292882,6692,1920
Nordamerika,Nicaragua,www.cse.gob.ni,21188,1080,1920
Nordamerika,Nicaragua,www.elgallomasgallo.com.ni,4135433,6078,1920
Nordamerika,Nicaragua,www.ficohsa.ni,12860,1080,1920
Nordamerika,Nicaragua,www.gestion.nicaraguacompra.gob.ni,247336,1080,1920
Nordamerika,Nicaragua,www.lagaceta.gob.ni,1966699,4875,1920
Nordamerika,Nicaragua,www.launion.com.ni,853940,7173,1920
Nordamerika,Nicaragua,www.mined.gob.ni,324528,1080,1920
Nordamerika,Nicaragua,www.nicaradios.com.ni,1065078,1940,1920
Nordamerika,Nicaragua,www.pedidosyani.com.ni,43662,1080,1920
Nordamerika,Nicaragua,www.setec.edu.ni,1419826,4425,1920
Nordamerika,Nicaragua,www.sinriesgos.com.ni,1503830,5143,1932
Nordamerika,Nicaragua,www.sinsa.com.ni,797077,5708,1920
Nordamerika,Nicaragua,www.sportline.com.ni,39285,1080,1920
Nordamerika,Nicaragua,www.tecnacional.edu.ni,3291314,4882,1920
Nordamerika,Nicaragua,www.tecoloco.com.ni,643326,3089,1920
Nordamerika,Nicaragua,www.tigo.com.ni,87162,1080,1920
Nordamerika,Nicaragua,www.unan.edu.ni,4037419,8391,1920
Nordamerika,Nicaragua,www.unanleon.edu.ni,3334447,7750,1920
Nordamerika,Nicaragua,www.uni.edu.ni,8511,1080,1920
Nordamerika,Nicaragua,www.vivanicaragua.com.ni,47571,1080,1920
Nordamerika,Nicaragua,www.walmart.com.ni,870908,7112,1920
Nordamerika,Nicaragua,www.yelu.com.ni,42410,1080,1920
Nordamerika,Nicaragua,www1.disnorte-dissur.com.ni,348696,1080,1920
Europa,Niederlande,alarmeringen.nl,1674948,4476,1920
Europa,Niederlande,app.digid.nl,763369,2308,1920
Europa,Niederlande,brightspace.ru.nl,46652,1080,1920
Europa,Niederlande,canvas.eur.nl,59574,1080,1920
Europa,Niederlande,canvas.maastrichtuniversity.nl,38180,1080,1920
Europa,Niederlande,eenvandaag.avrotros.nl,2452365,5834,1920
Europa,Niederlande,ja21.nl,492826,8408,1920
Europa,Niederlande,kro-ncrv.nl,5058153,6156,1920
Europa,Niederlande,mijn.overheid.nl,680237,2292,1920
Europa,Niederlande,mijnknltb.toernooi.nl,240998,1080,1920
Europa,Niederlande,pay.ideal.nl,89002,1080,1920
Europa,Niederlande,scientias.nl,2090086,10460,1920
Europa,Niederlande,staatsloterij.nederlandseloterij.nl,2325659,5012,1920
Europa,Niederlande,teletekst-data.nos.nl,14312,1080,1920
Europa,Niederlande,tuoi69.nl,13468,1080,1920
Europa,Niederlande,www.abnamro.nl,1967909,3545,1920
Europa,Niederlande,www.ah.nl,2113588,3852,1920
Europa,Niederlande,www.aldi.nl,2131649,4791,1920
Europa,Niederlande,www.anwb.nl,2916541,5149,1920
Europa,Niederlande,www.autoweek.nl,3550200,11124,1920
Europa,Niederlande,www.autowereld.nl,36969,1080,1920
Europa,Niederlande,www.bd.nl,5131918,14514,1920
Europa,Niederlande,www.bndestem.nl,5000113,15074,1920
Europa,Niederlande,www.bonprix.nl,5827996,10313,1942
Europa,Niederlande,www.buienalarm.nl,42958,1080,1920
Europa,Niederlande,www.carenzorgt.nl,758550,6499,1920
Europa,Niederlande,www.coolblue.nl,21764,1080,1920
Europa,Niederlande,www.corendon.nl,2569253,3756,1920
Europa,Niederlande,www.d-reizen.nl,1261993,3889,1920
Europa,Niederlande,www.ed.nl,4609444,13910,1920
Europa,Niederlande,www.elkspel.nl,1761930,2272,1920
Europa,Niederlande,www.expert.nl,1852365,4376,1920
Europa,Niederlande,www.fcupdate.nl,2311717,7709,1920
Europa,Niederlande,www.flair.nl,2752021,9920,1920
Europa,Niederlande,www.gamma.nl,1631269,5921,1920
Europa,Niederlande,www.hema.nl,2625122,8460,1920
Europa,Niederlande,www.hornbach.nl,4449300,5449,1920
Europa,Niederlande,www.karwei.nl,1587828,4463,1920
Europa,Niederlande,www.kinky.nl,2143880,6745,1920
Europa,Niederlande,www.knmi.nl,1561556,2402,1920
Europa,Niederlande,www.laurasbakery.nl,5908899,8214,1920
Europa,Niederlande,www.leukerecepten.nl,5918912,8545,1920
Europa,Niederlande,www.lidl.nl,4139659,8555,1920
Europa,Niederlande,www.lilafelice.nl,1625797,3850,1920
Europa,Niederlande,www.limburger.nl,5642204,10529,1920
Europa,Niederlande,www.mature.nl,2968183,9390,1920
Europa,Niederlande,www.maxvandaag.nl,4794724,6703,1920
Europa,Niederlande,www.mediamarkt.nl,43454,1080,1920
Europa,Niederlande,www.mijnwoordenboek.nl,270668,1670,1920
Europa,Niederlande,www.msmode.nl,6969981,5502,1920
Europa,Niederlande,www.noordhollandsdagblad.nl,50135,1080,1920
Europa,Niederlande,www.nrc.nl,3354628,12587,1920
Europa,Niederlande,www.omoda.nl,2769771,4106,1920
Europa,Niederlande,www.omroepwest.nl,2818819,8138,1920
Europa,Niederlande,www.onderdelenlijn.nl,814243,2509,1920
Europa,Niederlande,www.ondeugend-daten.nl,629742,1695,1920
Europa,Niederlande,www.pathe.nl,1325123,1080,1920
Europa,Niederlande,www.peek-cloppenburg.nl,47713,1080,1920
Europa,Niederlande,www.schadeautos.nl,2427764,6948,1920
Europa,Niederlande,www.schuttevaer.nl,5258298,14536,1920
Europa,Niederlande,www.smartphonehoesjes.nl,3001106,6238,1920
Europa,Niederlande,www.soccernews.nl,1447129,6360,1920
Europa,Niederlande,www.sommenoefenen.nl,1967674,3466,1920
Europa,Niederlande,www.spellingoefenen.nl,2555431,6792,1920
Europa,Niederlande,www.tafeldiploma.nl,1322340,4110,1920
Europa,Niederlande,www.thomann.nl,1270652,6279,1920
Europa,Niederlande,www.thuisbezorgd.nl,44692,1080,1920
Europa,Niederlande,www.totaaltv.nl,1609070,6919,1920
Europa,Niederlande,www.trouw.nl,10934969,14621,1920
Europa,Niederlande,www.tubantia.nl,4482546,13505,1920
Europa,Niederlande,www.tui.nl,29139,1080,1920
Europa,Niederlande,www.tvgids.nl,653621,7268,1920
Europa,Niederlande,www.vinted.nl,3138667,3377,1920
Europa,Niederlande,www.voetbalzone.nl,2293907,7884,1920
Europa,Niederlande,www.wehkamp.nl,51371,1080,1920
Europa,Niederlande,www.wordfeudwoorden.nl,769400,4228,1920
Europa,Niederlande,www.zeelandnet.nl,1195913,3927,1920
Afrika,Nigeria,1xbet.ng,836106,1080,1920
Afrika,Nigeria,admissions.uniosun.edu.ng,254888,1080,1920
Afrika,Nigeria,agenthub.com.ng,800517,1080,1920
Afrika,Nigeria,apply.lautech.edu.ng,237362,2062,1920
Afrika,Nigeria,babaijebu.ng,866200,1153,1920
Afrika,Nigeria,bcgamebet.ng,43891,1080,1920
Afrika,Nigeria,career.mouau.edu.ng,1080193,1080,1935
Afrika,Nigeria,cbt.akwaibomstate.gov.ng,340952,1080,1920
Afrika,Nigeria,classnotes.ng,1269181,4684,1920
Afrika,Nigeria,cmris.npf.gov.ng,512949,1244,1920
Afrika,Nigeria,disk.ng,1126980,2446,1920
Afrika,Nigeria,dldownload.com.ng,32575,1080,1920
Afrika,Nigeria,dlilearn.unilag.edu.ng,1085432,1080,1920
Afrika,Nigeria,downloadwella.com.ng,93685,1080,1920
Afrika,Nigeria,dssp.frsc.gov.ng,1476215,2373,1920
Afrika,Nigeria,easywin.ng,564131,2238,1920
Afrika,Nigeria,ecampus.fuoye.edu.ng,1335980,6676,1920
Afrika,Nigeria,eksuportal.eksu.edu.ng,1213447,2120,1920
Afrika,Nigeria,elearn.nou.edu.ng,1554108,1358,1920
Afrika,Nigeria,eportal.futminna.edu.ng,45395,1080,1920
Afrika,Nigeria,eportal.oauife.edu.ng,2444469,1080,1920
Afrika,Nigeria,eserve.fidelitybank.ng,23874,1080,1920
Afrika,Nigeria,esmat.ned.gov.ng,87013,1080,1920
Afrika,Nigeria,farmeralliance.com.ng,2734601,4573,2290
Afrika,Nigeria,fzmovies.ng,1239506,1302,1920
Afrika,Nigeria,guardian.ng,2913661,15412,1920
Afrika,Nigeria,icrp.cac.gov.ng,356300,1572,1920
Afrika,Nigeria,imsuonline.edu.ng,2388019,4605,1920
Afrika,Nigeria,jiji.ng,39552,1080,1920
Afrika,Nigeria,lapolardi.egis.com.ng,10629,1080,1920
Afrika,Nigeria,lasu.edu.ng,4530847,4735,1920
Afrika,Nigeria,lordfilm.ng,4013826,5266,1920
Afrika,Nigeria,my.jumia.com.ng,86205,1080,1920
Afrika,Nigeria,myschool.ng,1767429,7486,1935
Afrika,Nigeria,nafrecruitment.airforce.mil.ng,973750,3604,1920
Afrika,Nigeria,nelf.gov.ng,189771,2443,1920
Afrika,Nigeria,new88.ng,86942,1080,1920
Afrika,Nigeria,ng-airtel.zerod.ng,20877,1080,1920
Afrika,Nigeria,nncpo.ng,2126168,4079,1920
Afrika,Nigeria,paripesa.ng,341211,3130,1920
Afrika,Nigeria,passport.immigration.gov.ng,128131,1080,1920
Afrika,Nigeria,portal.coou.edu.ng,1483421,2853,1920
Afrika,Nigeria,portal.esut.edu.ng,486656,1540,1920
Afrika,Nigeria,portal.kwarastatepolytechnic.edu.ng,1819838,3063,1920
Afrika,Nigeria,portal.kwasu.edu.ng,1595781,1573,1920
Afrika,Nigeria,portal.njfp.ng,435565,1080,1920
Afrika,Nigeria,portal.oouagoiwoye.edu.ng,957792,1080,1920
Afrika,Nigeria,portal.unaab.edu.ng,1973404,1495,1920
Afrika,Nigeria,portal.uniabuja.edu.ng,1355059,2160,1920
Afrika,Nigeria,portal.unilorin.edu.ng,8511,1080,1920
Afrika,Nigeria,possap.gov.ng,1194776,3339,1920
Afrika,Nigeria,recruitment.army.mil.ng,46457,1080,1920
Afrika,Nigeria,recruitment.cdcfib.gov.ng,547419,2391,1920
Afrika,Nigeria,selfservice.mtn.ng,2857436,7102,1920
Afrika,Nigeria,sfa.mplify.ng,90013,1096,1920
Afrika,Nigeria,slipsprinting.jamb.gov.ng,9224,1080,1920
Afrika,Nigeria,slot.ng,3412855,10918,1920
Afrika,Nigeria,studentportal.delsu.edu.ng,1012572,1103,1920
Afrika,Nigeria,subebjobs.lagosstate.gov.ng,8511,1080,1920
Afrika,Nigeria,supa.itf.gov.ng,3187676,4118,1920
Afrika,Nigeria,taxpromax.firs.gov.ng,43350,1080,1920
Afrika,Nigeria,thenetnaija.com.ng,526969,1614,1920
Afrika,Nigeria,thenetnaija.ng,631079,1359,1920
Afrika,Nigeria,ug.fulokoja.edu.ng,27002,1080,1920
Afrika,Nigeria,ug.lidc.lasu.edu.ng,75071,1080,1920
Afrika,Nigeria,updates.customs.gov.ng,69270,1080,1920
Afrika,Nigeria,winpesa.ng,2004393,1080,1920
Afrika,Nigeria,www.airtel.com.ng,574400,2594,1920
Afrika,Nigeria,www.bedienungsanleitu.ng,1287718,9412,1920
Afrika,Nigeria,www.betano.ng,146321,1080,1920
Afrika,Nigeria,www.betpawa.ng,86429,1080,1920
Afrika,Nigeria,www.betway.com.ng,204220,1698,1920
Afrika,Nigeria,www.businesslist.com.ng,47713,1080,1920
Afrika,Nigeria,www.buycard.ng,2161698,7943,1920
Afrika,Nigeria,www.edouniversity.edu.ng,1891531,4075,1920
Afrika,Nigeria,www.flashscore.com.ng,1412074,9503,1920
Afrika,Nigeria,www.jamb.gov.ng,2923337,4252,1920
Afrika,Nigeria,www.joinnigeriannavy.navy.mil.ng,2966753,5344,1920
Afrika,Nigeria,www.jumia.com.ng,40296,1080,1920
Afrika,Nigeria,www.legit.ng,47815,1080,1920
Afrika,Nigeria,www.mushin.lg.gov.ng,2364734,7653,1920
Afrika,Nigeria,www.net9ja.com.ng,703842,2058,1920
Afrika,Nigeria,www.nivea.com.ng,2128701,4252,1920
Afrika,Nigeria,www.nouonline.nou.edu.ng,71631,1080,1920
Afrika,Nigeria,www.ofilmyzilla.com.ng,13468,1080,1920
Afrika,Nigeria,www.pulsesports.ng,2598785,6979,1920
Afrika,Nigeria,www.seriezloaded.com.ng,1985328,3543,1920
Afrika,Nigeria,www.tunesloaded.com.ng,2933485,7777,1920
Afrika,Nigeria,www.tvet.education.gov.ng,1452923,7166,1920
Afrika,Nigeria,www.val9ja.com.ng,10599,1080,1920
Afrika,Nigeria,www.zoomscores.ng,21564,1080,1920
Ozeanien,Niue,120.gigafile.nu,1483045,4044,1920
Ozeanien,Niue,121.gigafile.nu,1481452,4044,1920
Ozeanien,Niue,ace.mu.nu,7920778,22098,1920
Ozeanien,Niue,acecomments.mu.nu,8511,1080,1920
Ozeanien,Niue,alltidoppet.nu,32235,1080,1920
Ozeanien,Niue,app.planning.nu,470457,3195,1920
Ozeanien,Niue,app.worker.nu,28925,1080,1920
Ozeanien,Niue,baden.liga.nu,360857,4225,1920
Ozeanien,Niue,bdv-dart.liga.nu,180794,1080,1920
Ozeanien,Niue,bensinpriser.nu,279869,1870,1920
Ozeanien,Niue,bhv-handball.liga.nu,467277,1080,1920
Ozeanien,Niue,biljetter.axs.nu,43217,1080,1920
Ozeanien,Niue,blogg.atl.nu,1462458,2442,1920
Ozeanien,Niue,bluefox.nu,3847638,8730,1920
Ozeanien,Niue,bna.nu,2516802,2100,1920
Ozeanien,Niue,bornholm.nu,963181,3964,1920
Ozeanien,Niue,bredband.nu,1472743,5439,1920
Ozeanien,Niue,bulletin.nu,11150492,18663,1920
Ozeanien,Niue,bwbv-badminton.liga.nu,311151,1080,1920
Ozeanien,Niue,cue.cuevana3.nu,1158412,4457,1920
Ozeanien,Niue,dayz.xam.nu,1717799,1080,1920
Ozeanien,Niue,fjordavisen.nu,1425281,5421,1920
Ozeanien,Niue,flixtor.nu,71448,1080,1920
Ozeanien,Niue,flvto.nu,588837,3355,1920
Ozeanien,Niue,forum.robsoft.nu,1017708,3575,1920
Ozeanien,Niue,gigafile.nu,1630088,4208,1920
Ozeanien,Niue,gnulaseries.nu,14089,1080,1920
Ozeanien,Niue,gracias.nu,473952,1080,1920
Ozeanien,Niue,hbde-live.liga.nu,14675,1080,1920
Ozeanien,Niue,hhv-handball.liga.nu,172786,1080,1920
Ozeanien,Niue,hnr-handball.liga.nu,423873,1080,1920
Ozeanien,Niue,htv.liga.nu,161694,1122,1920
Ozeanien,Niue,hvmv-handball.liga.nu,191183,1080,1920
Ozeanien,Niue,hvnb-handball.liga.nu,242121,1080,1920
Ozeanien,Niue,hvs-handball.liga.nu,173364,1080,1920
Ozeanien,Niue,hvsa-handball.liga.nu,153896,1080,1920
Ozeanien,Niue,ikwilhuren.nu,2202967,3770,1920
Ozeanien,Niue,islam.nu,1169726,6610,1920
Ozeanien,Niue,jarnvagar.nu,3746152,6945,1920
Ozeanien,Niue,kermis.nu,3093443,4730,1920
Ozeanien,Niue,ligeher.nu,2431609,5330,1920
Ozeanien,Niue,mp3paw.nu,235633,1519,1920
Ozeanien,Niue,nieuwsfiets.nu,3138319,6556,1920
Ozeanien,Niue,online-dossier.nu,23759,1080,1920
Ozeanien,Niue,patient.nu,49836,1080,1920
Ozeanien,Niue,psds.mine.nu,43621,1080,1920
Ozeanien,Niue,pt.viprow.nu,367901,1596,1920
Ozeanien,Niue,pte.nu,24516,1080,1920
Ozeanien,Niue,puzzel.woordenboek.nu,323317,1486,1920
Ozeanien,Niue,rejsa.nu,3159205,4313,1920
Ozeanien,Niue,swedsnus.nu,15246245,17157,1970
Ozeanien,Niue,thv-handball.liga.nu,173815,1080,1920
Ozeanien,Niue,trafiken.nu,162976,1080,1920
Ozeanien,Niue,tvbb.liga.nu,302236,1565,1920
Ozeanien,Niue,vadfanskajaglagatillmiddag.nu,1484377,1251,1920
Ozeanien,Niue,vecka.nu,12791,1088,1920
Ozeanien,Niue,westlanders.nu,5424816,7603,1920
Ozeanien,Niue,wiki.yjsnpi.nu,16321,1080,1920
Ozeanien,Niue,wtv.liga.nu,668663,3227,1920
Ozeanien,Niue,ww3.gnulahd.nu,6280740,3477,1920
Ozeanien,Niue,www.atl.nu,2646737,15591,1920
Ozeanien,Niue,www.condoleren.nu,1094304,4557,1920
Ozeanien,Niue,www.curacao.nu,3244061,6757,1920
Ozeanien,Niue,www.ddesign.nu,1926181,4731,1920
Ozeanien,Niue,www.eet.nu,2004398,3712,1920
Ozeanien,Niue,www.entree.nu,1009604,2189,1920
Ozeanien,Niue,www.findbolig.nu,692480,3722,1920
Ozeanien,Niue,www.folkbladet.nu,4561783,25382,1920
Ozeanien,Niue,www.goto.nu,5468900,4533,1920
Ozeanien,Niue,www.haco.nu,2026492,3839,1920
Ozeanien,Niue,www.ikorkort.nu,4662518,6840,1920
Ozeanien,Niue,www.jennysmatblogg.nu,2444427,9719,1920
Ozeanien,Niue,www.kuriren.nu,2073766,6775,1920
Ozeanien,Niue,www.marsta.nu,11108515,17480,1920
Ozeanien,Niue,www.mimer.nu,2643966,3220,1920
Ozeanien,Niue,www.mobiled.nu,1440493,6172,1920
Ozeanien,Niue,www.odla.nu,1303950,2849,1920
Ozeanien,Niue,www.prisjakt.nu,1922783,9715,1920
Ozeanien,Niue,www.profielx.nu,344302,1080,1920
Ozeanien,Niue,www.prominent.nu,3918167,5072,1920
Ozeanien,Niue,www.reporte.mine.nu,661084,1080,1920
Ozeanien,Niue,www.rinab.nu,1055819,2025,1920
Ozeanien,Niue,www.speeding.nu,43259,1080,1920
Ozeanien,Niue,www.st.nu,2975392,29887,1920
Ozeanien,Niue,www.studera.nu,1006131,2236,1920
Ozeanien,Niue,www.sweden4rus.nu,1679449,2745,1920
Ozeanien,Niue,www.tabussen.nu,886540,3169,1920
Ozeanien,Niue,www.telefonforsaljare.nu,174284,1961,1920
Ozeanien,Niue,www.tv.nu,794149,4408,1920
Ozeanien,Niue,www.tvmatchen.nu,2313756,9133,1920
Ozeanien,Niue,www.vertalen.nu,159485,1131,1920
Ozeanien,Niue,www.vetgirig.nu,366875,1982,1920
Ozeanien,Niue,www.viprow.nu,346146,1613,1920
Ozeanien,Niue,www.webbkryss.nu,332012,2157,1920
Ozeanien,Palau,11kk.pw,86533,1080,1920
Ozeanien,Palau,1gabba.pw,1360292,3997,1920
Ozeanien,Palau,2u.pw,36642,1080,1920
Ozeanien,Palau,4.omgpwa1.pw,44804,1080,1920
Ozeanien,Palau,5movies.pw,113511,1203,1920
Ozeanien,Palau,777app.pw,17450,1080,1920
Ozeanien,Palau,a188.pw,86569,1080,1920
Ozeanien,Palau,a299.pw,86799,1080,1920
Ozeanien,Palau,a868.pw,87357,1080,1920
Ozeanien,Palau,alldojki.pw,1640353,4061,1920
Ozeanien,Palau,animeler.pw,2628169,2540,1920
Ozeanien,Palau,app.quid.pw,24510,1080,1920
Ozeanien,Palau,asgard.pw,3143582,1080,1920
Ozeanien,Palau,billing.startv.pw,87792,1092,1920
Ozeanien,Palau,businessman.pw,816835,2162,1920
Ozeanien,Palau,cbcc.pw,113886,1080,1920
Ozeanien,Palau,cdn.iptvs.pw,868301,5796,2910
Ozeanien,Palau,cehennempass.pw,23969,1080,1920
Ozeanien,Palau,cin.cin.pw,1101253,3410,1920
Ozeanien,Palau,cin.pw,1101253,3410,1920
Ozeanien,Palau,comeback.pw,3122815,1080,1920
Ozeanien,Palau,copro.pw,3831695,20442,1920
Ozeanien,Palau,cosplay.jav.pw,4068261,6103,1920
Ozeanien,Palau,daraz.pw,29954,1080,1920
Ozeanien,Palau,derbi.pw,2518402,1714,1920
Ozeanien,Palau,dirty-pink.ers.pw,61581,1080,1920
Ozeanien,Palau,dizikorea.pw,886487,4841,1920
Ozeanien,Palau,dollaruz.pw,654355,3239,1920
Ozeanien,Palau,exek.pw,8781347,23302,1920
Ozeanien,Palau,ff14.pw,3368118,5724,1920
Ozeanien,Palau,fishbi.pw,8515,1080,1920
Ozeanien,Palau,forum.asgard.pw,4604731,3124,1920
Ozeanien,Palau,forum.comeback.pw,4559385,3934,1920
Ozeanien,Palau,forum.plutonium.pw,186167,1213,1920
Ozeanien,Palau,futemaxhd.pw,13468,1080,1920
Ozeanien,Palau,game.bacon168all.pw,27123,1080,1920
Ozeanien,Palau,garasifilm21.pw,46200,1080,1920
Ozeanien,Palau,gatto.pw,964348,1080,1920
Ozeanien,Palau,gaystream.pw,3120311,3330,1920
Ozeanien,Palau,gj66x.pw,8513,1080,1920
Ozeanien,Palau,happyhentai.pw,1134071,2655,1920
Ozeanien,Palau,javsubindo.pw,6124098,4239,1920
Ozeanien,Palau,khatrimaza.pw,1896110,2180,1920
Ozeanien,Palau,lite.starpets.pw,827510,1252,1920
Ozeanien,Palau,m.kinosex.pw,1702173,2300,1920
Ozeanien,Palau,m.nohu.pw,2723143,3036,1920
Ozeanien,Palau,m.onetop.pw,104009,1080,1920
Ozeanien,Palau,megacine.pw,2159767,2518,1920
Ozeanien,Palau,mii.nxw.pw,288534,1080,1920
Ozeanien,Palau,mob.eroboom.pw,4224321,4842,1920
Ozeanien,Palau,mqs.pw,3418555,4570,1920
Ozeanien,Palau,mr3.pw,3239977,3685,1920
Ozeanien,Palau,mriya.pw,43548,1080,1920
Ozeanien,Palau,notepad.pw,27153,1080,1920
Ozeanien,Palau,og999.pw,2169613,2812,1920
Ozeanien,Palau,ok100.pw,86881,1080,1920
Ozeanien,Palau,old.starpets.pw,617539,1081,1920
Ozeanien,Palau,pandamovies.pw,1834561,2448,1920
Ozeanien,Palau,phvip.pw,10318,1080,1920
Ozeanien,Palau,privatekeys.pw,723143,2746,1920
Ozeanien,Palau,qq888.pw,87828,1080,1920
Ozeanien,Palau,rule34.pw,3307456,4315,1920
Ozeanien,Palau,sangetube.pw,4605436,3495,1920
Ozeanien,Palau,semrush1.semrush.pw,13645,1080,1920
Ozeanien,Palau,sexphotos.pw,109596,1080,1920
Ozeanien,Palau,sharer.pw,109878,1080,1920
Ozeanien,Palau,sine5.pw,2551540,2154,1920
Ozeanien,Palau,sitenable.pw,590689,2479,1920
Ozeanien,Palau,sportbl.ubobet.pw,13421,1080,1920
Ozeanien,Palau,starpets.pw,627350,1962,1920
Ozeanien,Palau,ta2t3l9.pw,1040131,2064,1920
Ozeanien,Palau,usenet-4all.pw,86951,1080,1920
Ozeanien,Palau,vtrahe.pw,37630,1080,1920
Ozeanien,Palau,w35.w3cdn.pw,14089,1080,1920
Ozeanien,Palau,webgl.greenhost.pw,631180,1080,1920
Ozeanien,Palau,worldnews.pw,14371,1080,1920
Ozeanien,Palau,ww1.asia2tv.pw,2925765,3722,1920
Ozeanien,Palau,www.asmr.pw,1419090,4348,1920
Ozeanien,Palau,www.faselplus.pw,39930,1080,1920
Ozeanien,Palau,www.film21.pw,2132300,1080,1920
Ozeanien,Palau,www.ganamos.pw,2187107,2668,1920
Ozeanien,Palau,www.madou.pw,1882274,2563,1920
Ozeanien,Palau,www.mtzfile.pw,159196,1080,1920
Ozeanien,Palau,www.ngefilm21.pw,33084,1080,1920
Ozeanien,Palau,www.papalah.pw,1232443,2361,1920
Nordamerika,Panama,aliss.com.pa,2232140,5620,1920
Nordamerika,Panama,aplic.udelas.ac.pa,21615,1080,1920
Nordamerika,Panama,ayuda.tigo.com.pa,15358,1080,1920
Nordamerika,Panama,be.betcris.pa,152917,1838,1920
Nordamerika,Panama,bet.betcha.pa,2259626,6481,1920
Nordamerika,Panama,campus.unaes.edu.pa,431742,1080,1920
Nordamerika,Panama,campussalud.cetes.edu.pa,285346,1080,1920
Nordamerika,Panama,campusvirtual.utp.ac.pa,8511,1080,1920
Nordamerika,Panama,cibersity.umecit.edu.pa,579324,1080,1920
Nordamerika,Panama,cinepolis.com.pa,13186,1080,1920
Nordamerika,Panama,dgi-fep.mef.gob.pa,106594,1080,1922
Nordamerika,Panama,dgi.mef.gob.pa,37552,1080,1920
Nordamerika,Panama,digital.inadeh.edu.pa,15322,1080,1920
Nordamerika,Panama,e-judicial.organojudicial.gob.pa,2432706,3553,1920
Nordamerika,Panama,ecaja.cajadeahorros.com.pa,30358,1080,1920
Nordamerika,Panama,ecampus.utp.ac.pa,80198,1080,1920
Nordamerika,Panama,elsiglo.com.pa,755583,1680,1920
Nordamerika,Panama,empleospanama.gob.pa,1565078,4831,1920
Nordamerika,Panama,ena.com.pa,2103189,4820,1920
Nordamerika,Panama,etax2.mef.gob.pa,53353,1080,1920
Nordamerika,Panama,factura.thefactoryhka.com.pa,144033,1150,1920
Nordamerika,Panama,felix.com.pa,1569579,5979,1920
Nordamerika,Panama,gac.com.pa,2030112,3091,1920
Nordamerika,Panama,globalonline.globalbank.com.pa,22937,1080,1920
Nordamerika,Panama,go.medcom.com.pa,111917,2122,1920
Nordamerika,Panama,latinbet.pa,64380,1080,1920
Nordamerika,Panama,lp.betcris.pa,1722405,2951,1920
Nordamerika,Panama,lumicentro.com.pa,1795998,13110,1920
Nordamerika,Panama,m.codere.pa,19450,1080,1920
Nordamerika,Panama,matricula.up.ac.pa,37476,1080,1920
Nordamerika,Panama,mercantilbanco.com.pa,87596,1080,1920
Nordamerika,Panama,micajadigital.css.gob.pa,86881,1080,1920
Nordamerika,Panama,ministeriopublico.gob.pa,498562,6911,1920
Nordamerika,Panama,mupa.gob.pa,1655280,4130,1920
Nordamerika,Panama,newbalance.com.pa,1280565,5531,1920
Nordamerika,Panama,ojpanama.organojudicial.gob.pa,288875,1080,1920
Nordamerika,Panama,panamaconecta.gob.pa,38998,1080,1920
Nordamerika,Panama,portal.uip.edu.pa,749957,1080,1920
Nordamerika,Panama,prensa.css.gob.pa,2100891,5049,1920
Nordamerika,Panama,radios.com.pa,361397,1363,1920
Nordamerika,Panama,raisa.minsa.gob.pa,129147,1080,1920
Nordamerika,Panama,registro.tigo.com.pa,39644,1080,1920
Nordamerika,Panama,registros2.unachi.ac.pa,76124,1080,1920
Nordamerika,Panama,segurossura.com.pa,1930768,4931,1920
Nordamerika,Panama,sigerh.organojudicial.gob.pa,371032,1492,1920
Nordamerika,Panama,sipe.css.gob.pa,44758,1080,1920
Nordamerika,Panama,sisged.inadeh.edu.pa,820933,1080,1920
Nordamerika,Panama,sistema.bpc.edu.pa,55497,1080,1920
Nordamerika,Panama,siu.up.ac.pa,37197,1080,1920
Nordamerika,Panama,sport507.com.pa,629693,1490,1920
Nordamerika,Panama,starplay.pa,8511,1080,1920
Nordamerika,Panama,stevens.com.pa,6120981,4506,1920
Nordamerika,Panama,titan.com.pa,4808270,7539,1920
Nordamerika,Panama,tramites.migracion.gob.pa,8511,1080,1920
Nordamerika,Panama,transito.gob.pa,2358082,2794,1920
Nordamerika,Panama,umecit.edu.pa,3594707,5498,1920
Nordamerika,Panama,virtual.usma.ac.pa,2083192,1239,1920
Nordamerika,Panama,w3.css.gob.pa,43133,1080,1920
Nordamerika,Panama,www.airbnb.com.pa,33936,1080,1920
Nordamerika,Panama,www.banconal.com.pa,43867,1080,1920
Nordamerika,Panama,www.banesco.com.pa,2133962,7543,1920
Nordamerika,Panama,www.betcha.pa,599913,1080,1920
Nordamerika,Panama,www.betus.com.pa,47173,1080,1920
Nordamerika,Panama,www.critica.com.pa,977370,9862,1920
Nordamerika,Panama,www.css.gob.pa,47347,1080,1920
Nordamerika,Panama,www.doitcenter.com.pa,5459965,6315,1920
Nordamerika,Panama,www.econoprecios.com.pa,105128,1080,1920
Nordamerika,Panama,www.ensa.com.pa,1604617,2461,1920
Nordamerika,Panama,www.espn.com.pa,715429,5095,1920
Nordamerika,Panama,www.ifarhu.gob.pa,1614250,2830,1920
Nordamerika,Panama,www.jamar.com.pa,7694323,8492,1920
Nordamerika,Panama,www.kia.com.pa,43318,1080,1920
Nordamerika,Panama,www.krediya.com.pa,1084001,4334,1930
Nordamerika,Panama,www.laestrella.com.pa,663035,1588,1920
Nordamerika,Panama,www.landrover.pa,2284745,1819,1920
Nordamerika,Panama,www.minsa.gob.pa,1639790,4197,1920
Nordamerika,Panama,www.mitradel.gob.pa,40036,1080,1920
Nordamerika,Panama,www.novey.com.pa,26624,1080,1920
Nordamerika,Panama,www.opcionempleo.com.pa,145871,1080,1920
Nordamerika,Panama,www.organojudicial.gob.pa,1904753,3083,1920
Nordamerika,Panama,www.panamaamerica.com.pa,6540231,8455,1920
Nordamerika,Panama,www.panamadigital.gob.pa,315091,1080,1920
Nordamerika,Panama,www.pedidosya.com.pa,43388,1080,1920
Nordamerika,Panama,www.policia.gob.pa,3716191,4542,1920
Nordamerika,Panama,www.sertracen.com.pa,2147242,3750,1920
Nordamerika,Panama,www.skokka.com.pa,45049,1080,1920
Nordamerika,Panama,www.sportline.com.pa,39636,1080,1920
Nordamerika,Panama,www.steren.com.pa,44025,1080,1920
Nordamerika,Panama,www.ubuy.com.pa,85560,1136,1920
Nordamerika,Panama,www.ulatina.edu.pa,37534,1080,1920
Nordamerika,Panama,www.unachi.ac.pa,3421632,4712,1920
Nordamerika,Panama,www.yappy.com.pa,1264635,7019,1920
Südamerika,Paraguay,activaya.claro.com.py,48131,1080,1920
Südamerika,Paraguay,alex.com.py,1915926,4879,1920
Südamerika,Paraguay,app.dropi.com.py,19488,1080,1920
Südamerika,Paraguay,ayuda.ueno.com.py,178735,2211,1920
Südamerika,Paraguay,azarlatino.com.py,30385,1080,1920
Südamerika,Paraguay,bolsa.mtess.gov.py,643754,1080,1920
Südamerika,Paraguay,campusvirtual.uc.edu.py,164726,1273,1920
Südamerika,Paraguay,cursos.sinafocal.gov.py,1337963,1080,1935
Südamerika,Paraguay,eaula.ing.una.py,12875,1080,1920
Südamerika,Paraguay,eventos.tuti.com.py,177955,1080,1920
Südamerika,Paraguay,ferrari.com.py,8511,1080,1920
Südamerika,Paraguay,filovirtual.fil.una.py,1937038,1080,1920
Südamerika,Paraguay,foro.hot.com.py,699400,2623,1920
Südamerika,Paraguay,freemeteo.com.py,1067209,4300,1920
Südamerika,Paraguay,games.solbet.com.py,30729,1080,1920
Südamerika,Paraguay,id.tigo.com.py,13798,1080,1920
Südamerika,Paraguay,identidad.mtess.gov.py,164018,1147,1920
Südamerika,Paraguay,identidad.paraguay.gov.py,8511,1080,1920
Südamerika,Paraguay,inaesvirtual.edu.py,39771,1080,1920
Südamerika,Paraguay,marangatu.set.gov.py,2463497,1080,1920
Südamerika,Paraguay,metasports.com.py,45228,1080,1920
Südamerika,Paraguay,moodlevirtual.uep.edu.py,3279755,2536,1920
Südamerika,Paraguay,mopc.gov.py,2678233,3289,1921
Südamerika,Paraguay,motores.com.py,43828,1080,1920
Südamerika,Paraguay,musichall.com.py,1578561,7266,1920
Südamerika,Paraguay,nanduti.com.py,45959,1080,1920
Südamerika,Paraguay,nuevo.superseis.com.py,2288921,4277,1920
Südamerika,Paraguay,onix.sah.org.py,65642,1080,1920
Südamerika,Paraguay,ordenes.dncp.gov.py,109605,1080,1920
Südamerika,Paraguay,portal.ips.gov.py,820688,4689,1920
Südamerika,Paraguay,portal.tupisa.com.py,40251,1080,1920
Südamerika,Paraguay,posweb.aquipago.com.py,65439,1080,1920
Südamerika,Paraguay,procesos.dncp.gov.py,109605,1080,1920
Südamerika,Paraguay,servicios.ips.gov.py,26797,1080,1920
Südamerika,Paraguay,simple.claro.com.py,28298,1080,1920
Südamerika,Paraguay,tiendamovil.com.py,682121,9085,11355
Südamerika,Paraguay,uvirtual.unisal.edu.py,573824,1193,1920
Südamerika,Paraguay,wap.playtown.com.py,3103891,3185,1920
Südamerika,Paraguay,www.abc.com.py,1382172,9924,1920
Südamerika,Paraguay,www.ande.gov.py,1938679,1593,1920
Südamerika,Paraguay,www.apf.org.py,17239,1080,1920
Südamerika,Paraguay,www.bancognb.com.py,2144618,3020,1920
Südamerika,Paraguay,www.bancontinental.com.py,497896,5809,2133
Südamerika,Paraguay,www.bnf.gov.py,6164902,5784,1932
Südamerika,Paraguay,www.bristol.com.py,1519101,6029,1920
Südamerika,Paraguay,www.cambioschaco.com.py,569830,1847,1920
Südamerika,Paraguay,www.casaamericana.com.py,2554714,5075,1920
Südamerika,Paraguay,www.chacomer.com.py,3019443,6358,1920
Südamerika,Paraguay,www.claro.com.py,962962,3581,1920
Südamerika,Paraguay,www.contrataciones.gov.py,2344951,4720,1920
Südamerika,Paraguay,www.csj.gov.py,37559,1080,1920
Südamerika,Paraguay,www.dgrp.gov.py,3319714,3465,1920
Südamerika,Paraguay,www.extra.com.py,4446980,10255,1920
Südamerika,Paraguay,www.familiar.com.py,3235114,9218,1920
Südamerika,Paraguay,www.farmacenter.com.py,4167818,4747,1920
Südamerika,Paraguay,www.farmaoliva.com.py,2663778,6971,5890
Südamerika,Paraguay,www.hot.com.py,17582782,24841,1920
Südamerika,Paraguay,www.hoy.com.py,4276337,6934,1920
Südamerika,Paraguay,www.jaha.com.py,610133,1080,1920
Südamerika,Paraguay,www.lanacion.com.py,2349742,4833,1920
Südamerika,Paraguay,www.meteored.com.py,608512,2923,1920
Südamerika,Paraguay,www.meteorologia.gov.py,1915785,2190,1920
Südamerika,Paraguay,www.mre.gov.py,1577603,3273,1920
Südamerika,Paraguay,www.observador.com.py,1515955,4152,1920
Südamerika,Paraguay,www.paraguay.gov.py,652347,3728,1920
Südamerika,Paraguay,www.paraguayconcursa.gov.py,106706,1080,1925
Südamerika,Paraguay,www.personal.com.py,3786778,8203,1920
Südamerika,Paraguay,www.pj.gov.py,1979438,2838,1920
Südamerika,Paraguay,www.puntofarma.com.py,4390033,5105,1920
Südamerika,Paraguay,www.radioimperio.com.py,86887,1080,1920
Südamerika,Paraguay,www.semar.com.py,5261815,11174,1920
Südamerika,Paraguay,www.senete.com.py,1185226,2889,1920
Südamerika,Paraguay,www.shoppingchina.com.py,2478374,3884,1920
Südamerika,Paraguay,www.solbet.com.py,5118171,4071,2133
Südamerika,Paraguay,www.sudameris.com.py,2640601,4919,1920
Südamerika,Paraguay,www.talisman.com.py,1665550,4076,1920
Südamerika,Paraguay,www.telefuturo.com.py,4193957,7870,1920
Südamerika,Paraguay,www.tigosports.com.py,1114912,1080,1920
Südamerika,Paraguay,www.tl.com.py,1849203,8269,1920
Südamerika,Paraguay,www.tupi.com.py,5242585,6281,1935
Südamerika,Paraguay,www.tuti.com.py,5358673,5330,1920
Südamerika,Paraguay,www.ueno.com.py,962438,7139,1920
Südamerika,Paraguay,www.valoragro.com.py,6851827,7238,1920
Südamerika,Paraguay,www.versus.com.py,5798191,6613,1920
Südamerika,Paraguay,www.vue.org.py,1640333,4080,1920
Südamerika,Paraguay,www2.bancontinental.com.py,74240,1080,1920
Südamerika,Paraguay,zonaroja.com.py,5437934,12321,1920
Südamerika,Paraguay,zoy.neo.com.py,86086,1080,1920
Südamerika,Peru,api-seguridad.sunat.gob.pe,14577,1080,1920
Südamerika,Peru,apps.mef.gob.pe,39938,1080,1920
Südamerika,Peru,apps4.mineco.gob.pe,29642,1080,1920
Südamerika,Peru,aulavirtual.ucsm.edu.pe,47186,1080,1920
Südamerika,Peru,aulavirtual.unica.edu.pe,986494,1080,1920
Südamerika,Peru,aulavirtual.unsa.edu.pe,10213,1080,1920
Südamerika,Peru,aulavirtual2.autonomadeica.edu.pe,1262490,1080,1920
Südamerika,Peru,aut.sbs.gob.pe,23874,1080,1920
Südamerika,Peru,buenazo.pe,48031,1080,1920
Südamerika,Peru,campus.perueduca.pe,625495,2354,1920
Südamerika,Peru,campus.uwiener.edu.pe,126088,1080,1920
Südamerika,Peru,campusvirtual.aulavirtualusmp.pe,1883891,3379,1920
Südamerika,Peru,cej.pj.gob.pe,73011,1080,1920
Südamerika,Peru,cientificavirtual.cientifica.edu.pe,1375966,1080,1920
Südamerika,Peru,cu.jeinzmacias.pe,544577,3330,1920
Südamerika,Peru,estudiantes.continental.edu.pe,2038410,1080,1920
Südamerika,Peru,gestion.pe,1883002,13275,1920
Südamerika,Peru,inkafarma.pe,1835443,5180,1920
Südamerika,Peru,innovafamily.pe,582141,1080,1920
Südamerika,Peru,interbank.pe,37004,1080,1920
Südamerika,Peru,intranet.ucss.edu.pe,443713,2340,1920
Südamerika,Peru,intranet.upla.edu.pe,1460773,1080,1920
Südamerika,Peru,intranet.usat.edu.pe,29319,1080,1920
Südamerika,Peru,khata.pe,14089,1080,1920
Südamerika,Peru,landing-engine.contenidospro.pe,10134,1080,1920
Südamerika,Peru,libero.pe,47912,1080,1920
Südamerika,Peru,librepelotatv.pe,828993,3872,1920
Südamerika,Peru,m.latinka.com.pe,82083,1080,1920
Südamerika,Peru,miperfil.entel.pe,8511,1080,1920
Südamerika,Peru,miportal.entel.pe,1769195,11932,1920
Südamerika,Peru,pregrado.upc.edu.pe,2326459,5103,1920
Südamerika,Peru,serviciosportal.reniec.gob.pe,59869,1080,1920
Südamerika,Peru,sihce.minsa.gob.pe,87006,1080,1920
Südamerika,Peru,sodimac.falabella.com.pe,86628,1080,1920
Südamerika,Peru,somosmoto.pe,1537622,5483,1920
Südamerika,Peru,trilce.ucv.edu.pe,1111952,1080,1920
Südamerika,Peru,tvgo.americatv.com.pe,5170342,9662,1920
Südamerika,Peru,utp.edu.pe,2842748,5430,1920
Südamerika,Peru,www.afpintegra.pe,1009310,6495,1920
Südamerika,Peru,www.afpnet.com.pe,62164,1080,1920
Südamerika,Peru,www.bancofalabella.pe,47811,1080,1920
Südamerika,Peru,www.betano.pe,146321,1080,1920
Südamerika,Peru,www.betsafe.pe,59853,1080,1920
Südamerika,Peru,www.cholotube.com.pe,1402014,2478,1920
Südamerika,Peru,www.cineplanet.com.pe,17454,1080,1920
Südamerika,Peru,www.claro.com.pe,5279073,8563,1920
Südamerika,Peru,www.entel.pe,1797655,6021,1920
Südamerika,Peru,www.espn.com.pe,940182,5970,1920
Südamerika,Peru,www.exitosanoticias.pe,4302719,8590,1920
Südamerika,Peru,www.flashscore.pe,1308292,9051,1920
Südamerika,Peru,www.gob.pe,2247339,5101,1936
Südamerika,Peru,www.latina.pe,3294935,6782,1920
Südamerika,Peru,www.locanto.com.pe,44240,1080,1920
Südamerika,Peru,www.luzdelsur.pe,1269097,3523,1920
Südamerika,Peru,www.mercadolibre.com.pe,21389,1080,1920
Südamerika,Peru,www.mifarma.com.pe,1727335,4610,1920
Südamerika,Peru,www.misentinel.com.pe,1461380,4247,1920
Südamerika,Peru,www.movistar.com.pe,1623332,5042,1920
Südamerika,Peru,www.oechsle.pe,1399289,9202,1920
Südamerika,Peru,www.pelotalibre.com.pe,439127,2338,1920
Südamerika,Peru,www.plazavea.com.pe,1253426,1845,1920
Südamerika,Peru,www.prima.com.pe,585465,4304,1920
Südamerika,Peru,www.profuturo.com.pe,21639,2765,1920
Südamerika,Peru,www.promart.pe,1926778,2975,1920
Südamerika,Peru,www.sat.gob.pe,1237046,1485,1920
Südamerika,Peru,www.sbs.gob.pe,38680,1080,1920
Südamerika,Peru,www.scotiabank.com.pe,1499257,4763,1920
Südamerika,Peru,www.skokka.com.pe,44802,1080,1920
Südamerika,Peru,www.sodimac.com.pe,87274,1080,1920
Südamerika,Peru,www.sunat.gob.pe,1530850,6941,1920
Südamerika,Peru,www.tailoy.com.pe,3602229,5378,1920
Südamerika,Peru,www.ticketmaster.pe,5132793,5360,1920
Südamerika,Peru,www.tiendaclaro.pe,1429570,6329,1920
Südamerika,Peru,www.tottus.com.pe,43700,1080,1920
Südamerika,Peru,www.transfermarkt.pe,1164326,6303,1920
Südamerika,Peru,www.udh.edu.pe,767760,2039,1920
Südamerika,Peru,www.upn.edu.pe,1693439,5204,1920
Südamerika,Peru,www2.betsson.pe,68822,1080,1920
Asien,Philippinen,api.narwhalpay.ph,11549,1080,1920
Asien,Philippinen,appointment.apostille.gov.ph,1868303,2178,1920
Asien,Philippinen,arenaplus.ph,931149,4157,1920
Asien,Philippinen,bingoplus.ph,159902,1080,1920
Asien,Philippinen,cash-express.ph,591839,3352,1920
Asien,Philippinen,cec.philhealth.gov.ph,55820,1080,1920
Asien,Philippinen,college.nemco.edu.ph,239142,1080,1920
Asien,Philippinen,csc.gov.ph,37130,1080,1920
Asien,Philippinen,ecommerce.datablitz.com.ph,4790123,13352,1920
Asien,Philippinen,erpo.csc.gov.ph,86893,1080,1920
Asien,Philippinen,etravel.gov.ph,616227,1080,1920
Asien,Philippinen,exam.csc.gov.ph,86875,1080,1920
Asien,Philippinen,getsim.dito.ph,202505,1399,1920
Asien,Philippinen,glife.gzone.ph,118430,1080,1920
Asien,Philippinen,gzone.ph,118430,1080,1920
Asien,Philippinen,idiwa.com.ph,8511,1080,1920
Asien,Philippinen,king.ph,299418,1080,1920
Asien,Philippinen,learn.doh.gov.ph,86309,1080,1920
Asien,Philippinen,lis.deped.gov.ph,159302,1080,1920
Asien,Philippinen,motortrade.com.ph,3957419,4699,1920
Asien,Philippinen,my.smccnasipit.edu.ph,87918,1080,1920
Asien,Philippinen,myhub.atp.ph,63113,1080,1920
Asien,Philippinen,notices.philgeps.gov.ph,907285,5646,1920
Asien,Philippinen,nustar.ph,14816,1080,1920
Asien,Philippinen,nustargame.ph,54960,1080,1920
Asien,Philippinen,online-appointment.marina.gov.ph,2222242,1080,1920
Asien,Philippinen,online.bpi.com.ph,9835,1080,1920
Asien,Philippinen,online.prc.gov.ph,446747,1362,1920
Asien,Philippinen,onlineapp.national-u.edu.ph,44567,1080,1920
Asien,Philippinen,pages.lazada.com.ph,1822324,5271,1920
Asien,Philippinen,pasigpass.pasigcity.gov.ph,139694,1080,1920
Asien,Philippinen,passport.gov.ph,172139,1080,1920
Asien,Philippinen,pinnacle.pnc.edu.ph,8511,1080,1920
Asien,Philippinen,portal.skyro.ph,9445,1080,1920
Asien,Philippinen,psahelpline.ph,2086188,8233,1920
Asien,Philippinen,pvl.ph,4782557,7038,1920
Asien,Philippinen,queen.ph,110820,1080,1920
Asien,Philippinen,sellercenter.lazada.com.ph,1593883,5628,1920
Asien,Philippinen,services.csc.gov.ph,86740,1080,1920
Asien,Philippinen,simreg.smart.com.ph,8511,1080,1920
Asien,Philippinen,sportsplus.ph,18931,1080,1920
Asien,Philippinen,sso.sprout.ph,8511,1080,1920
Asien,Philippinen,static.playtime.ph,86828,1080,1920
Asien,Philippinen,t2mis.tesda.gov.ph,37522,1080,1920
Asien,Philippinen,training.deped.gov.ph,480543,1116,1920
Asien,Philippinen,v2.onlinejobs.ph,349226,3425,1920
Asien,Philippinen,winzir.ph,140348,1080,1920
Asien,Philippinen,www.autodeal.com.ph,1356334,8770,1920
Asien,Philippinen,www.bigbunny.ph,86594,1080,1920
Asien,Philippinen,www.bpi.com.ph,3411916,7583,1920
Asien,Philippinen,www.cln.com.ph,2090194,7529,1920
Asien,Philippinen,www.csc.gov.ph,37138,1080,1920
Asien,Philippinen,www.espn.ph,1120402,5443,1920
Asien,Philippinen,www.etrade.net.ph,832959,3511,1920
Asien,Philippinen,www.flashscore.ph,1564127,12675,1920
Asien,Philippinen,www.ford.com.ph,30346,1080,1920
Asien,Philippinen,www.intercommerce.com.ph,329702,1295,1920
Asien,Philippinen,www.metrobank.com.ph,5536064,8688,1920
Asien,Philippinen,www.nissan.ph,2381567,3660,1920
Asien,Philippinen,www.onlinejobs.ph,349226,3425,1920
Asien,Philippinen,www.pagasa.dost.gov.ph,2362059,2605,1920
Asien,Philippinen,www.pep.ph,2846355,6772,1920
Asien,Philippinen,www.philhealth.gov.ph,1968621,3606,1920
Asien,Philippinen,www.phivolcs.dost.gov.ph,1108702,3215,1920
Asien,Philippinen,www.pna.gov.ph,44045,1080,1920
Asien,Philippinen,www.prc.gov.ph,1831631,3371,1920
Asien,Philippinen,www.psaserbilis.com.ph,192914,1080,1920
Asien,Philippinen,www.pvl.ph,4819559,7038,1920
Asien,Philippinen,www.sportsplus.ph,18931,1080,1920
Asien,Philippinen,www.workabroad.ph,942917,4780,1920
Asien,Philippinen,xoplay.ph,86190,1080,1920
Europa,Polen,business.allegro.pl,66015,1080,1920
Europa,Polen,erli.pl,728266,2532,1920
Europa,Polen,konto.onet.pl,355454,1769,1920
Europa,Polen,m.jbzd.com.pl,6176402,12102,1920
Europa,Polen,mt.rozklad-pkp.pl,414518,1434,1920
Europa,Polen,poczta.o2.pl,220841,1080,1920
Europa,Polen,poczta.onet.pl,354997,1769,1920
Europa,Polen,poczta.wp.pl,216886,1080,1920
Europa,Polen,portal.librus.pl,37329,1080,1920
Europa,Polen,synergia.librus.pl,37577,1080,1920
Europa,Polen,www.90minut.pl,1057435,2130,1920
Europa,Polen,www.auto-swiat.pl,2681373,6243,1920
Europa,Polen,www.autocentrum.pl,1582632,10008,1920
Europa,Polen,www.bankier.pl,3331443,9375,1920
Europa,Polen,www.decathlon.pl,45626,1080,1920
Europa,Polen,www.gov.pl,1733521,3577,1920
Europa,Polen,www.gry-online.pl,3535612,14063,1920
Europa,Polen,www.lidl.pl,3845343,11056,1920
Europa,Polen,www.multipasko.pl,871309,4215,1920
Europa,Polen,www.oponeo.pl,26896,1088,1928
Europa,Polen,www.pirlotv2.pl,55224,1080,1920
Europa,Polen,www.portalsamorzadowy.pl,3867395,7743,1920
Europa,Polen,www.renee.pl,6371758,5502,1935
Europa,Polen,www.rp.pl,2511284,9447,1920
Europa,Polen,www.rynekzdrowia.pl,2698557,6472,1920
Europa,Polen,www.story.pl,4890628,12978,1920
Europa,Polen,www.totalcasino.pl,96679,1080,1920
Europa,Polen,www.wnp.pl,2584192,8985,1920
Europa,Polen,www.znanylekarz.pl,803894,3285,1920
Ozeanien,Samoa,0xxx.ws,1923444,3619,1920
Ozeanien,Samoa,123av.ws,50089,1080,1920
Ozeanien,Samoa,4pics1word.ws,187341,1080,1920
Ozeanien,Samoa,777g.ws,86189,1080,1920
Ozeanien,Samoa,adultload.ws,3268918,9705,1920
Ozeanien,Samoa,alpha.supernova.ws,1595528,1080,1920
Ozeanien,Samoa,android-zone.ws,339203,1550,1920
Ozeanien,Samoa,api.namy.ws,12060,1080,1920
Ozeanien,Samoa,baku.ws,2183558,3718,1920
Ozeanien,Samoa,bk8.ws,177288,1080,1920
Ozeanien,Samoa,bokep.ws,8511,1080,1920
Ozeanien,Samoa,bokepcrot.ws,2399382,2213,1920
Ozeanien,Samoa,bokepid.ws,2168276,2089,1920
Ozeanien,Samoa,bokepviral.ws,1333618,2422,1920
Ozeanien,Samoa,camsho.ws,3253406,3928,1920
Ozeanien,Samoa,cfcrobles.siteseguro.ws,24957,1080,1920
Ozeanien,Samoa,conexo.ws,91369,1080,1920
Ozeanien,Samoa,crustywindo.ws,562006,1839,1920
Ozeanien,Samoa,csgopositive.ws,1994010,2660,1920
Ozeanien,Samoa,eros.ws,2721362,2755,1920
Ozeanien,Samoa,forum.zarulem.ws,163186,1080,1920
Ozeanien,Samoa,gigatorrents.ws,42905,1080,1920
Ozeanien,Samoa,hattrick.ws,338543,1457,1920
Ozeanien,Samoa,hidefporn.ws,14022628,15593,1920
Ozeanien,Samoa,kmk.sova.ws,80845,1080,1920
Ozeanien,Samoa,knigi.ws,13683,1080,1920
Ozeanien,Samoa,lk21.layarkaca21.ws,3000261,3219,1920
Ozeanien,Samoa,marker.ct.ws,48992,1080,1920
Ozeanien,Samoa,marketapp.ws,166235,1080,1920
Ozeanien,Samoa,med-vko.sova.ws,81549,1080,1920
Ozeanien,Samoa,med.sova.ws,89013,1080,1920
Ozeanien,Samoa,members.npf.ws,604796,1080,1920
Ozeanien,Samoa,monitor.espec.ws,853812,3213,1920
Ozeanien,Samoa,motphimchill.ws,2182928,4378,1920
Ozeanien,Samoa,movhub.ws,1253432,1946,1920
Ozeanien,Samoa,muzpak.xn--41a.ws,358573,1448,1920
Ozeanien,Samoa,my.cbox.ws,146966,1080,1920
Ozeanien,Samoa,naza168.ws,13395647,8500,1920
Ozeanien,Samoa,nobodyhome.ws,46367,1080,1920
Ozeanien,Samoa,nzbfinder.ws,284436,1080,1920
Ozeanien,Samoa,oregontrail.ws,441520,6207,1920
Ozeanien,Samoa,pay.alo789pay.ws,39462,1096,1920
Ozeanien,Samoa,playblog.ws,2438743,9619,1920
Ozeanien,Samoa,pornindian.ws,3922200,7970,1920
Ozeanien,Samoa,pornwatch.ws,3681491,3318,1920
Ozeanien,Samoa,qq888.ws,88069,1080,1920
Ozeanien,Samoa,raped.ws,4980224,3180,1920
Ozeanien,Samoa,reefgames.tilda.ws,1677569,3062,1920
Ozeanien,Samoa,rosasidan.ws,896696,2614,1920
Ozeanien,Samoa,seks.ws,1364306,3246,1920
Ozeanien,Samoa,sexvid.ws,1529587,1935,1920
Ozeanien,Samoa,smallgames.ws,4052563,6624,1920
Ozeanien,Samoa,sorte777.ws,87593,1080,1920
Ozeanien,Samoa,sports.ws,875967,3191,1920
Ozeanien,Samoa,tatoo.ws,5842808,5857,1920
Ozeanien,Samoa,tennis-tv.tilda.ws,2179990,7491,1920
Ozeanien,Samoa,tergenit.ws,2744612,3217,1920
Ozeanien,Samoa,tide.ws,604700,1080,1920
Ozeanien,Samoa,trashmail.ws,166572,1176,1920
Ozeanien,Samoa,tv2.terbit21.ws,4734906,4475,1920
Ozeanien,Samoa,uscs.mentorweb.ws,1785160,1080,1920
Ozeanien,Samoa,videoindirxa.ws,3549281,3283,1920
Ozeanien,Samoa,videomin.ws,2152558,2283,1920
Ozeanien,Samoa,vostfree.ws,2903016,3432,1920
Ozeanien,Samoa,watermark.ws,1168655,9019,1920
Ozeanien,Samoa,whathappensnext.webcomic.ws,1089023,8843,1920
Ozeanien,Samoa,wowne.ws,11342324,44082,1920
Ozeanien,Samoa,www-tubidy.ws,2034473,10811,1920
Ozeanien,Samoa,www.91md.ws,2091368,2383,1920
Ozeanien,Samoa,www.banknote.ws,548935,1080,1920
Ozeanien,Samoa,www.blueroms.ws,216359,1430,1920
Ozeanien,Samoa,www.coloring.ws,1464041,7213,1920
Ozeanien,Samoa,www.cybermania.ws,1188791,3344,1920
Ozeanien,Samoa,www.dizimom.ws,2873924,2618,1920
Ozeanien,Samoa,www.duckload.ws,44308,1080,1920
Ozeanien,Samoa,www.electronics-tutorials.ws,662597,3964,1920
Ozeanien,Samoa,www.fanfiction.ws,44975,1080,1940
Ozeanien,Samoa,www.fcporto.ws,923444,3243,1920
Ozeanien,Samoa,www.geocities.ws,45908,1080,1920
Ozeanien,Samoa,www.ihentai.ws,42326,1080,1920
Ozeanien,Samoa,www.islamicbook.ws,812064,1695,1920
Ozeanien,Samoa,www.jetztspielen.ws,4894970,2392,1920
Ozeanien,Samoa,www.juegosjuegos.ws,4721414,2373,1920
Ozeanien,Samoa,www.konabet24.ws,50366,1080,1920
Ozeanien,Samoa,www.megaporn.ws,3242640,3894,1920
Ozeanien,Samoa,www.ppbo.ws,2021519,1728,1920
Ozeanien,Samoa,www.theonewatches.ws,3666650,3964,1920
Ozeanien,Samoa,www1.playdede.ws,21798,1080,1920
Ozeanien,Samoa,www2.cbox.ws,147377,1080,1920
Ozeanien,Samoa,y2mate.ws,219118,1802,1920
Ozeanien,Samoa,yalnizmp3.ws,418515,3464,1920
Ozeanien,Samoa,yourdailypornvideos.ws,1857157,38624,1926
Europa,Schweden,alltommat.expressen.se,3161656,6478,1920
Europa,Schweden,biharmasti.com.se,2891041,6949,1920
Europa,Schweden,biluppgifter.se,44618,1080,1920
Europa,Schweden,bokadetider.1177.se,74220,1080,1920
Europa,Schweden,bostad.stockholm.se,1048576,2776,1920
Europa,Schweden,canvas.gu.se,137028,1080,1920
Europa,Schweden,canvas.kth.se,2307062,1080,1920
Europa,Schweden,cornucopia.se,2637481,6649,1920
Europa,Schweden,djpunjab.com.se,431090,2670,1920
Europa,Schweden,km.se,2690896,6273,1920
Europa,Schweden,m00-mg-local.idp.funktionstjanster.se,20286,1080,1920
Europa,Schweden,m05-mg-local.idp.funktionstjanster.se,20286,1080,1920
Europa,Schweden,m06-mg-local.idp.funktionstjanster.se,20286,1080,1920
Europa,Schweden,m07-mg-local.idp.funktionstjanster.se,20286,1080,1920
Europa,Schweden,malservice.aftonbladet.se,486530,4190,1920
Europa,Schweden,masstamilan.com.se,939287,3224,1920
Europa,Schweden,netbank.nordea.se,437327,1080,1920
Europa,Schweden,psauction.se,4208661,5854,1920
Europa,Schweden,recept.se,2687405,8165,1920
Europa,Schweden,sms.schoolsoft.se,67789,1080,1920
Europa,Schweden,tv-tabla.se,1042513,5155,1920
Europa,Schweden,ucha.se,2951477,8516,1920
Europa,Schweden,web.skola24.se,1783421,1080,1920
Europa,Schweden,www.1177.se,557810,2828,1920
Europa,Schweden,www.antagning.se,966627,2187,1920
Europa,Schweden,www.apotea.se,43646,1080,1920
Europa,Schweden,www.apotekhjartat.se,1382521,4461,1920
Europa,Schweden,www.arbetarbladet.se,2513123,20999,1920
Europa,Schweden,www.atg.se,1934792,7060,1920
Europa,Schweden,www.avanza.se,883967,5421,1920
Europa,Schweden,www.barometern.se,2506365,21025,1920
Europa,Schweden,www.bauhaus.se,2409952,4265,1920
Europa,Schweden,www.biltema.se,1633247,9204,1920
Europa,Schweden,www.blt.se,3756241,35454,1920
Europa,Schweden,www.bonprix.se,5954442,10578,1942
Europa,Schweden,www.bt.se,2788606,21899,1920
Europa,Schweden,www.comviq.se,1751646,6176,1920
Europa,Schweden,www.coop.se,1931913,5877,1920
Europa,Schweden,www.corren.se,2319855,6775,1920
Europa,Schweden,www.dagensps.se,3275604,5158,1920
Europa,Schweden,www.elgiganten.se,392432,3858,1920
Europa,Schweden,www.ellos.se,5050706,8630,1920
Europa,Schweden,www.falukuriren.se,3488236,28754,1920
Europa,Schweden,www.fass.se,546032,3358,1920
Europa,Schweden,www.filmtopp.se,3742908,12920,1920
Europa,Schweden,www.fotbollskanalen.se,4837347,29480,1920
Europa,Schweden,www.friatider.se,3431554,6180,1920
Europa,Schweden,www.hemnet.se,44753,1080,1920
Europa,Schweden,www.hornbach.se,5995044,14708,1920
Europa,Schweden,www.ica.se,727075,4087,1920
Europa,Schweden,www.inet.se,2495626,5168,1920
Europa,Schweden,www.jemfix.se,450348,5134,1920
Europa,Schweden,www.kampanjveckan.se,1783457,4704,1920
Europa,Schweden,www.koket.se,5250135,8154,1920
Europa,Schweden,www.kristianstadsbladet.se,5189573,48381,1920
Europa,Schweden,www.lidl.se,3274652,5098,1920
Europa,Schweden,www.merinfo.se,677702,3212,1920
Europa,Schweden,www.moviezine.se,1983848,14291,1920
Europa,Schweden,www.na.se,2494430,22010,1920
Europa,Schweden,www.netonnet.se,29499,1088,1920
Europa,Schweden,www.norran.se,1732215,6775,1920
Europa,Schweden,www.pensionsmyndigheten.se,973979,3250,1920
Europa,Schweden,www.ratsit.se,43635,1080,1920
Europa,Schweden,www.sellpy.se,3478731,4979,1920
Europa,Schweden,www.smhi.se,7656904,8838,1920
Europa,Schweden,www.stadium.se,506039,7321,1920
Europa,Schweden,www.stadiumoutlet.se,1057697,7784,1920
Europa,Schweden,www.svd.se,2567545,22946,1920
Europa,Schweden,www.svenskalag.se,1591058,7383,1920
Europa,Schweden,www.svenskaspel.se,712798,1972,1920
Europa,Schweden,www.svenskbridge.se,731413,1595,1920
Europa,Schweden,www.sverigesradio.se,3795832,28016,1920
Europa,Schweden,www.swedbank.se,2117538,5961,1920
Europa,Schweden,www.sydsvenskan.se,2645764,30374,1920
Europa,Schweden,www.telenor.se,3739821,4791,1920
Europa,Schweden,www.telia.se,3371980,5407,1920
Europa,Schweden,www.tv4play.se,5323344,4066,1920
Europa,Schweden,www.unt.se,1660837,6775,1920
Europa,Schweden,www.vklass.se,2698661,1080,1920
Europa,Schweden,www.ystadsallehanda.se,2833112,23132,1920
Europa,Schweden,www2.pelisforte.se,777872,1452,1920
Afrika,Senegal,1xbet.sn,8511,1080,1920
Afrika,Senegal,22bet.sn,63625,1080,1920
Afrika,Senegal,3fpt.sn,2089530,2661,1920
Afrika,Senegal,5j0kz55stnhm.unchk.sn,1684014,1080,1920
Afrika,Senegal,6bx8k6o5q6u4-1.unchk.sn,1620345,1080,1920
Afrika,Senegal,6oeu038yo5u6-1.unchk.sn,1620345,1080,1920
Afrika,Senegal,7qjseja8qm0t.unchk.sn,1684014,1080,1920
Afrika,Senegal,7xhmaster8pt.unchk.sn,1620345,1080,1920
Afrika,Senegal,admission.ucad.sn,1559077,1185,1920
Afrika,Senegal,affectation.education.sn,19624,1080,1920
Afrika,Senegal,aps.sn,1943649,6379,1920
Afrika,Senegal,bibnum.ucad.sn,445021,1080,1920
Afrika,Senegal,billetterie.ticketfoot.sn,543360,1850,1920
Afrika,Senegal,boutique.orange.sn,2384548,4702,1920
Afrika,Senegal,bwinners.sn,69494,1080,1920
Afrika,Senegal,change.sn,446623,2557,1920
Afrika,Senegal,crem.education.sn,192338,2440,1920
Afrika,Senegal,dalal-jamm.unchk.sn,1620345,1080,1920
Afrika,Senegal,demdikk.sn,2268294,4950,1976
Afrika,Senegal,dit.sn,2842764,7140,1920
Afrika,Senegal,e-carriere.sec.gouv.sn,946928,1080,1920
Afrika,Senegal,e-evaluations.unchk.sn,106945,1080,1920
Afrika,Senegal,emploijeunes.sn,1986126,2133,1920
Afrika,Senegal,enseignant.education.sn,35177,1080,1920
Afrika,Senegal,ent.unchk.sn,1684014,1080,1920
Afrika,Senegal,epension.sec.gouv.sn,484495,1080,1920
Afrika,Senegal,esolde.sec.gouv.sn,733716,1080,1920
Afrika,Senegal,esp.sn,4171578,5593,1923
Afrika,Senegal,espace.cossuel.sn,41434,1080,1920
Afrika,Senegal,extrantsbac.ucad.sn,374222,1080,1920
Afrika,Senegal,financements.3fpt.sn,45379,1080,1920
Afrika,Senegal,foad.ugb.sn,7474407,40944,1920
Afrika,Senegal,fonctionpublique-actes.sec.gouv.sn,143471,1080,1920
Afrika,Senegal,formation.education.sn,2927975,3905,1935
Afrika,Senegal,formation.force-n.sn,3196197,3595,1920
Afrika,Senegal,formationpro.unchk.sn,1620345,1080,1920
Afrika,Senegal,gamesport.sn,789008,1080,1920
Afrika,Senegal,guindima.sn,1240342,4512,1920
Afrika,Senegal,hometech.sn,2622433,11424,1942
Afrika,Senegal,identification.yas.sn,189713,1994,1920
Afrika,Senegal,jforce.jumia.sn,70855,1080,1920
Afrika,Senegal,jiji.sn,2176562,4243,1920
Afrika,Senegal,kairos.uam.sn,597106,1080,1920
Afrika,Senegal,kfcsenegal.sn,75119,1080,1920
Afrika,Senegal,kvi331lshe5x.unchk.sn,1684014,1080,1920
Afrika,Senegal,lequotidien.sn,13575752,20936,1920
Afrika,Senegal,lesoleil.sn,2251290,6890,1920
Afrika,Senegal,m.betclic.sn,20584,1080,1920
Afrika,Senegal,mail.gendarmerie.sn,620827,1080,1920
Afrika,Senegal,mirador.education.gouv.sn,1811984,2380,1920
Afrika,Senegal,mojabets.sn,2840730,10796,1920
Afrika,Senegal,my.jumia.sn,85154,1080,1920
Afrika,Senegal,mzgbuq3u78p6-1.unchk.sn,1620345,1080,1920
Afrika,Senegal,nova.sn,4439067,6452,1920
Afrika,Senegal,online.groupeism.sn,2931069,4551,1920
Afrika,Senegal,orange.sn,647346,2990,1920
Afrika,Senegal,orangebank.sn,3065682,5412,1920
Afrika,Senegal,orientation.campusen.sn,773233,1133,1920
Afrika,Senegal,payment.dpworld.sn,191160,1080,1920
Afrika,Senegal,planete.education.sn,19938,1080,1920
Afrika,Senegal,portail.unchk.sn,1620345,1080,1920
Afrika,Senegal,prepaid.orange.sn,53737,1080,1920
Afrika,Senegal,pro2.sodipharm.sn,509453,1080,1920
Afrika,Senegal,promo.sn,43725,1080,1920
Afrika,Senegal,raagnale.force-n.sn,133390,1080,1920
Afrika,Senegal,radio.sn,344000,1639,1920
Afrika,Senegal,recrutement.senelec.sn,186631,1080,1920
Afrika,Senegal,resetpassword.education.sn,57088,1080,1920
Afrika,Senegal,s95xu467vd5p-1.unchk.sn,1620345,1080,1920
Afrika,Senegal,senegalservices.sn,1508802,4037,1920
Afrika,Senegal,societegenerale.sn,1001263,1723,1920
Afrika,Senegal,studentcenter.ucad.sn,639703,3491,1920
Afrika,Senegal,sygost.croust.sn,49536,1080,1920
Afrika,Senegal,www.auchan.sn,1331117,2643,1920
Afrika,Senegal,www.cbaonet.sn,809577,1090,1920
Afrika,Senegal,www.decathlon.sn,1777414,4517,1920
Afrika,Senegal,www.directiondesbourses.sn,637355,3909,1920
Afrika,Senegal,www.education.sn,2011844,3570,1920
Afrika,Senegal,www.groupeism.sn,1401004,2044,1920
Afrika,Senegal,www.jumia.sn,38299,1080,1920
Afrika,Senegal,www.mirador.education.gouv.sn,39004,1080,1920
Afrika,Senegal,www.orange.sn,647346,2990,1920
Afrika,Senegal,www.rts.sn,3576397,3115,1920
Afrika,Senegal,www.snhlm.sn,1332232,3978,1920
Afrika,Senegal,www.taftaf.sn,2019898,1969,1920
Afrika,Senegal,www.ubuy.sn,85560,1136,1920
Afrika,Senegal,www.yumyum.sn,841799,1711,1920
Afrika,Senegal,www.zeturf.sn,1482146,3125,1920
Afrika,Senegal,zk682rf6u5zm-1.unchk.sn,1620345,1080,1920
Asien,Singapur,activesg.gov.sg,47374,1080,1920
Asien,Singapur,canvas.suss.edu.sg,237350,1080,1920
Asien,Singapur,cde.nus.edu.sg,1748183,7578,1920
Asien,Singapur,content.mycareersfuture.gov.sg,1454549,4134,1920
Asien,Singapur,dms.cs.shopee.sg,37250,1080,1920
Asien,Singapur,elearn.smu.edu.sg,180675,1080,1920
Asien,Singapur,eservices.ica.gov.sg,430088,2053,1920
Asien,Singapur,eversafe.edu.sg,3436809,11672,1920
Asien,Singapur,form.gov.sg,593101,6174,1920
Asien,Singapur,forms.uob.com.sg,8511,1080,1920
Asien,Singapur,forums.hardwarezone.com.sg,47746,1080,1920
Asien,Singapur,go.gov.sg,212742,2754,1920
Asien,Singapur,homes.hdb.gov.sg,418547,2639,1920
Asien,Singapur,horny.sg,3411560,7788,1920
Asien,Singapur,idp.mims.moe.gov.sg,48331,1080,1920
Asien,Singapur,jobcube.sg,462165,2114,1920
Asien,Singapur,lms.polite.edu.sg,2692274,3289,1920
Asien,Singapur,me.income.com.sg,249825,1828,1920
Asien,Singapur,mothership.sg,87321,1080,1920
Asien,Singapur,mytax.iras.gov.sg,161145,1811,1920
Asien,Singapur,nplms.polite.edu.sg,2692274,3289,1920
Asien,Singapur,nyplms.polite.edu.sg,2692274,3289,1920
Asien,Singapur,onemotoring.lta.gov.sg,969661,5227,1920
Asien,Singapur,onlinelearn.sim.edu.sg,8511,1080,1920
Asien,Singapur,perdis.towertransit.sg,92008,1080,1920
Asien,Singapur,portal.nehr.sg,29834,1080,1920
Asien,Singapur,pruaccess.prudential.com.sg,292314,1080,1932
Asien,Singapur,pruraise-new.prudential.com.sg,32480,1080,1920
Asien,Singapur,rplms.polite.edu.sg,2692274,3289,1920
Asien,Singapur,seller.shopee.sg,13916,1080,1920
Asien,Singapur,sellercenter.lazada.sg,1600997,5801,1920
Asien,Singapur,services2.hdb.gov.sg,569777,3158,1920
Asien,Singapur,shaw.sg,1130424,3587,1920
Asien,Singapur,shop.garena.sg,183836,1320,1920
Asien,Singapur,signup.redeem.gov.sg,200861,1490,1920
Asien,Singapur,splms.polite.edu.sg,2692274,3289,1920
Asien,Singapur,sterra.sg,1266663,5434,1920
Asien,Singapur,studeserv.nyp.edu.sg,374906,4302,1920
Asien,Singapur,theindependent.sg,1628083,9120,1920
Asien,Singapur,ticketmaster.sg,1062928,1080,1920
Asien,Singapur,tms.fcacademy.com.sg,314918,1080,1920
Asien,Singapur,tplms.polite.edu.sg,2692274,3289,1920
Asien,Singapur,vario.sg,2800436,16368,1920
Asien,Singapur,vle.learning.moe.edu.sg,81204,1261,1920
Asien,Singapur,www.8days.sg,2390613,6025,1920
Asien,Singapur,www.amazon.sg,2696358,3687,1920
Asien,Singapur,www.businesstimes.com.sg,4827209,6863,1920
Asien,Singapur,www.carousell.sg,44428,1080,1920
Asien,Singapur,www.cimb.com.sg,1528474,3647,1920
Asien,Singapur,www.cimbclicks.com.sg,47881,1080,1920
Asien,Singapur,www.comp.nus.edu.sg,1366647,4583,1920
Asien,Singapur,www.courts.com.sg,26755,1080,1920
Asien,Singapur,www.cpf.gov.sg,1498081,4478,1920
Asien,Singapur,www.dbs.com.sg,555263,1080,1920
Asien,Singapur,www.ebay.com.sg,588712,1321,1920
Asien,Singapur,www.elitigation.sg,375606,3026,1920
Asien,Singapur,www.espn.com.sg,1434614,7188,1920
Asien,Singapur,www.fairprice.com.sg,1225343,2504,1920
Asien,Singapur,www.fastjobs.sg,48043,1080,1920
Asien,Singapur,www.fidelity.com.sg,8751,1080,1920
Asien,Singapur,www.glassdoor.sg,76515,1080,1920
Asien,Singapur,www.guardian.com.sg,378219,1348,1920
Asien,Singapur,www.gv.com.sg,43992,1080,1920
Asien,Singapur,www.hdb.gov.sg,176477,1080,1920
Asien,Singapur,www.healthhub.sg,2279327,4109,1920
Asien,Singapur,www.ica.gov.sg,2373627,3214,1920
Asien,Singapur,www.irace.com.sg,1360547,2431,1920
Asien,Singapur,www.locanto.sg,43617,1080,1920
Asien,Singapur,www.mewatch.sg,1725277,10954,1920
Asien,Singapur,www.mistermobile.com.sg,2649604,8365,1920
Asien,Singapur,www.moe.gov.sg,1230911,4280,1920
Asien,Singapur,www.mom.gov.sg,524625,2067,1920
Asien,Singapur,www.mycareersfuture.gov.sg,269704,1874,1920
Asien,Singapur,www.myskillsfuture.gov.sg,292458,1558,1920
Asien,Singapur,www.ntu.edu.sg,3526557,4352,1920
Asien,Singapur,www.onepa.gov.sg,60417,1080,1920
Asien,Singapur,www.police.gov.sg,2301343,3063,1920
Asien,Singapur,www.propertyguru.com.sg,50075,1080,1920
Asien,Singapur,www.singaporepools.com.sg,1444104,3526,1920
Asien,Singapur,www.skyscanner.com.sg,102108,1080,1920
Asien,Singapur,www.ssdcl.com.sg,45572,1080,1920
Asien,Singapur,www.stomp.sg,4417067,6279,1920
Asien,Singapur,www.tal.sg,4027501,5574,1920
Asien,Singapur,www.tnp.sg,4478509,6279,1920
Asien,Singapur,www.tripadvisor.com.sg,47125,1080,1920
Asien,Singapur,www.weather.gov.sg,673131,2200,1920
Asien,Singapur,www.zaobao.com.sg,1261332,6181,1920
Asien,Singapur,xsite.singaporetech.edu.sg,1431393,1080,1920
Europa,Spanien,amp.elmundo.es,14640,1080,1920
Europa,Spanien,andaluciainforma.eldiario.es,3501086,20557,1920
Europa,Spanien,areaprivada.cofares.es,98089,1080,1920
Europa,Spanien,campus.europaeducationgroup.es,38598,1080,1920
Europa,Spanien,dle.rae.es,43546,1080,1920
Europa,Spanien,domestico24.es,17004,1080,1920
Europa,Spanien,ess1.guerrastribales.es,637190,1080,1920
Europa,Spanien,familia.edu.gva.es,80762,1080,1920
Europa,Spanien,info.mercadona.es,93870,1080,1920
Europa,Spanien,johnpyesubastas.es,46249,1080,1920
Europa,Spanien,login.laliga.es,16473,1080,1920
Europa,Spanien,moodle.uco.es,1026880,2744,1920
Europa,Spanien,moodle.unizar.es,494953,1574,1920
Europa,Spanien,paradores.es,86509,1080,1920
Europa,Spanien,portal.gestion.sedepkd.red.gob.es,85271,1080,1920
Europa,Spanien,www.alsa.es,2452163,3568,1935
Europa,Spanien,www.arquitecturaydiseno.es,30569,1080,1920
Europa,Spanien,www.bbva.es,34825,1080,1920
Europa,Spanien,www.bet365.es,87113,1080,1920
Europa,Spanien,www.bonviveur.es,5919609,8097,1920
Europa,Spanien,www.bricodepot.es,44688,1080,1920
Europa,Spanien,www.citapreviadnie.es,20076,1080,1920
Europa,Spanien,www.clara.es,2509975,14191,1920
Europa,Spanien,www.cope.es,5610737,22757,1920
Europa,Spanien,www.diariodenavarra.es,4701615,20612,1920
Europa,Spanien,www.diezminutos.es,4966377,11162,1920
Europa,Spanien,www.druni.es,1904514,5925,1920
Europa,Spanien,www.ebay.es,2067936,3355,1920
Europa,Spanien,www.edreams.es,1270150,4831,1930
Europa,Spanien,www.eldiariomontanes.es,4812523,25464,1920
Europa,Spanien,www.elmira.es,2499022,8883,1920
Europa,Spanien,www.fotogramas.es,4221438,14759,1920
Europa,Spanien,www.fragrantica.es,44949,1080,1920
Europa,Spanien,www.instyle.es,2130435,14545,1920
Europa,Spanien,www.lasprovincias.es,5572509,31672,1920
Europa,Spanien,www.mediamarkt.es,44862,1080,1920
Europa,Spanien,www.movistarplus.es,8424877,13028,1920
Europa,Spanien,www.mundicolor.es,2096618,2817,1920
Europa,Spanien,www.publico.es,3719273,18763,1920
Europa,Spanien,www.revistavanityfair.es,4804873,16534,1920
Europa,Spanien,www.sspa.juntadeandalucia.es,10746,1080,1920
Europa,Spanien,www.turismosocial.es,2010251,2739,1920
Europa,Spanien,www.tvguia.es,1443595,7309,1920
Europa,Spanien,www.vinted.es,2929664,3377,1920
Afrika,Südafrika,app.jobjack.co.za,16571,1080,1920
Afrika,Südafrika,bettabets.co.za,177414,1949,1920
Afrika,Südafrika,braaibosskzn.co.za,1685724,7037,1920
Afrika,Südafrika,capetown.adsafrica.co.za,763861,3928,1920
Afrika,Südafrika,casprd.nwu.ac.za,237970,1080,1920
Afrika,Südafrika,dateclub.co.za,1561445,2443,1920
Afrika,Südafrika,decofurnsa.co.za,4469331,6932,1920
Afrika,Südafrika,doi.mtndep.co.za,10110,1080,1920
Afrika,Südafrika,fzmovie.co.za,5143370,5140,1920
Afrika,Südafrika,galxboy.co.za,5669371,8812,1920
Afrika,Südafrika,gcet25.co.za,1109346,10760,1920
Afrika,Südafrika,id.discovery.co.za,36433,1080,1920
Afrika,Südafrika,istorepreowned.co.za,1808574,4814,1920
Afrika,Südafrika,jobs.gauteng.gov.za,836989,1727,1920
Afrika,Südafrika,johannesburg.adsafrica.co.za,750858,3860,1920
Afrika,Südafrika,learn.sants.co.za,46005,1080,1920
Afrika,Südafrika,lendplus.co.za,1576392,5946,1920
Afrika,Südafrika,maroelamedia.co.za,86932,1080,1920
Afrika,Südafrika,mpowafin.co.za,300470,1566,1920
Afrika,Südafrika,myadmin.unisa.ac.za,529289,1171,1920
Afrika,Südafrika,mybroadband.co.za,44923,1080,1920
Afrika,Südafrika,northcoastradio104.co.za,396239,1596,1920
Afrika,Südafrika,omoholoprinters.co.za,341843,2002,1920
Afrika,Südafrika,primeloans.co.za,1185210,4842,1920
Afrika,Südafrika,ragesa.co.za,834885,2063,1920
Afrika,Südafrika,sassa-status.web.za,2991733,13706,1920
Afrika,Südafrika,tashs.co.za,2300356,5181,1920
Afrika,Südafrika,tekkietown.co.za,2314578,2821,1920
Afrika,Südafrika,www.absa.co.za,2373012,3215,1920
Afrika,Südafrika,www.ackermans.co.za,1259424,3454,1920
Afrika,Südafrika,www.adsafrica.co.za,697756,3831,1920
Afrika,Südafrika,www.auctionnation.co.za,1248590,1854,1920
Afrika,Südafrika,www.bobshop.co.za,1871717,5896,1920
Afrika,Südafrika,www.businesslive.co.za,3164844,6980,1920
Afrika,Südafrika,www.cao.ac.za,1641320,1556,1920
Afrika,Südafrika,www.capitecbank.co.za,46903,1080,1920
Afrika,Südafrika,www.carfind.co.za,3213131,4597,1920
Afrika,Südafrika,www.cars.co.za,43339,1080,1920
Afrika,Südafrika,www.cashconverters.co.za,1516638,4350,1920
Afrika,Südafrika,www.checkers.co.za,47908,1080,1920
Afrika,Südafrika,www.citizen.co.za,1569496,9805,1920
Afrika,Südafrika,www.dailymaverick.co.za,4712962,9047,1920
Afrika,Südafrika,www.dischem.co.za,44635,1080,1920
Afrika,Südafrika,www.dpsa.gov.za,1008571,3193,1920
Afrika,Südafrika,www.education.gov.za,1690162,2711,1920
Afrika,Südafrika,www.esa.co.za,392100,1080,1920
Afrika,Südafrika,www.flashscore.co.za,1324853,9055,1920
Afrika,Südafrika,www.game.co.za,28523,1320,1920
Afrika,Südafrika,www.gobid.co.za,17452,1080,1920
Afrika,Südafrika,www.istore.co.za,3193317,6786,1920
Afrika,Südafrika,www.junkmail.co.za,1458727,4792,1920
Afrika,Südafrika,www.lekkeslaap.co.za,4253686,7338,1920
Afrika,Südafrika,www.onedayonly.co.za,3459829,31359,1920
Afrika,Südafrika,www.pnet.co.za,666528,1620,1920
Afrika,Südafrika,www.psl.co.za,2793730,4317,1920
Afrika,Südafrika,www.radio-south-africa.co.za,914474,3219,1920
Afrika,Südafrika,www.rain.co.za,2493883,2411,1920
Afrika,Südafrika,www.sarugbymag.co.za,4140573,6608,1920
Afrika,Südafrika,www.soccer6.co.za,795906,2196,1920
Afrika,Südafrika,www.spitz.co.za,43544,1080,1920
Afrika,Südafrika,www.sunbet.co.za,6538700,6558,1920
Afrika,Südafrika,www.supabets.co.za,1012781,2492,1920
Afrika,Südafrika,www.tabgold.co.za,2772065,8317,1920
Afrika,Südafrika,www.thefuse.co.za,4752701,56717,1920
Afrika,Südafrika,www.timeslive.co.za,3060987,5890,1920
Afrika,Südafrika,www.zarbet.co.za,194742,2407,1920
Asien,Südkorea,api.cpq.co.kr,14973,1080,1920
Asien,Südkorea,asp.jeomsinpf1.co.kr,136112,1477,1920
Asien,Südkorea,bestshop.lge.co.kr,1710867,6252,1920
Asien,Südkorea,boardlife.co.kr,3093089,6719,1920
Asien,Südkorea,buzzvil.mocation.co.kr,14190,1080,1920
Asien,Südkorea,canvas.dankook.ac.kr,144127,1080,1920
Asien,Südkorea,canvas.knu.ac.kr,38128,1080,1920
Asien,Südkorea,canvas.ssu.ac.kr,26630,1080,1920
Asien,Südkorea,car.withnews.kr,1780602,2817,1920
Asien,Südkorea,cgv.co.kr,399096,1229,1920
Asien,Südkorea,cm.asiae.co.kr,2506597,5365,1920
Asien,Südkorea,cyber.inu.ac.kr,1772784,1080,1920
Asien,Südkorea,dcs-learning.cnu.ac.kr,227176,1080,1920
Asien,Südkorea,diablo2.inven.co.kr,3762931,6397,1920
Asien,Südkorea,ecampus.konkuk.ac.kr,226409,1473,1920
Asien,Südkorea,ecampus.sejong.ac.kr,1090388,3724,1920
Asien,Südkorea,eclass3.cau.ac.kr,30355,1080,1920
Asien,Südkorea,everytime.kr,18335,1080,1920
Asien,Südkorea,g-disk.co.kr,1098059,1591,1920
Asien,Südkorea,gold-rain.co.kr,16806,1080,1920
Asien,Südkorea,hometax.go.kr,8511,1080,1920
Asien,Südkorea,learn.inha.ac.kr,806764,1080,1920
Asien,Südkorea,lms.mju.ac.kr,157595,1191,1920
Asien,Südkorea,login.11st.co.kr,61911,1180,1920
Asien,Südkorea,login.sooplive.co.kr,33478,1080,1920
Asien,Südkorea,m.dhlottery.co.kr,1354576,5373,1920
Asien,Südkorea,m.hanacard.co.kr,8511,1080,1920
Asien,Südkorea,m.jobkorea.co.kr,726878,4550,1920
Asien,Südkorea,m.megafile.co.kr,1137971,2143,1920
Asien,Südkorea,m.mootoon.co.kr,2936880,6963,1920
Asien,Südkorea,m.oliveyoung.co.kr,44252,1080,1920
Asien,Südkorea,m.ondisk.co.kr,2642471,2702,1920
Asien,Südkorea,m.ppomppu.co.kr,14609,1080,1920
Asien,Südkorea,m.sharebox.co.kr,1163746,2414,1920
Asien,Südkorea,m.sktuniverse.co.kr,116997,2346,1920
Asien,Südkorea,m.todayhumor.co.kr,296287,1468,1920
Asien,Südkorea,m.work24.go.kr,1257796,3375,1920
Asien,Südkorea,muko.kr,14089,1080,1920
Asien,Südkorea,myetl.snu.ac.kr,8511,1080,1920
Asien,Südkorea,news.jtbc.co.kr,6852889,10797,1920
Asien,Südkorea,play.sooplive.co.kr,8511,1080,1920
Asien,Südkorea,player.clickmate.kr,13186,1080,1920
Asien,Südkorea,product.kyobobook.co.kr,863362,6592,1920
Asien,Südkorea,race.kra.co.kr,654779,1298,1920
Asien,Südkorea,red52.kr,670549,1894,1920
Asien,Südkorea,search.kyobobook.co.kr,181039,1639,1920
Asien,Südkorea,shop.29cm.co.kr,6759968,12712,1920
Asien,Südkorea,www.11st.co.kr,974201,6413,1920
Asien,Südkorea,www.aladin.co.kr,4605733,8602,1920
Asien,Südkorea,www.ardentnews.co.kr,1728081,3299,1920
Asien,Südkorea,www.auction.co.kr,56929,1080,1920
Asien,Südkorea,www.autobuff.co.kr,3491353,4796,1920
Asien,Südkorea,www.autotribune.co.kr,6199371,5204,1920
Asien,Südkorea,www.blockmedia.co.kr,2330266,7653,1920
Asien,Südkorea,www.cb.or.kr,132496,1080,1920
Asien,Südkorea,www.clipartkorea.co.kr,4173271,5060,1920
Asien,Südkorea,www.digitaltoday.co.kr,1507098,3117,1920
Asien,Südkorea,www.ebsi.co.kr,2048697,3416,1920
Asien,Südkorea,www.harpersbazaar.co.kr,3164234,14429,1920
Asien,Südkorea,www.heye.kr,635841,1080,1920
Asien,Südkorea,www.jobkorea.co.kr,2170569,6146,1920
Asien,Südkorea,www.joongang.co.kr,3802930,11095,1920
Asien,Südkorea,www.khan.co.kr,3097815,7489,1920
Asien,Südkorea,www.mk.co.kr,2828392,9646,1920
Asien,Südkorea,www.news1.kr,4851006,11470,1920
Asien,Südkorea,www.oliveyoung.co.kr,44390,1080,1920
Asien,Südkorea,www.onnuri-mall.co.kr,7237028,41915,1920
Asien,Südkorea,www.ticketlink.co.kr,8511,1080,1920
Asien,Südkorea,www.vogue.co.kr,3281619,11104,3390
Asien,Südkorea,www.weather.go.kr,1231591,2468,1920
Asien,Südkorea,zigzag.kr,84482,1626,1920
Afrika,Tansania,admission.udsm.ac.tz,326233,1613,1920
Afrika,Tansania,aris3.udsm.ac.tz,408671,1080,1920
Afrika,Tansania,betika.co.tz,1103849,1265,1920
Afrika,Tansania,biokyc.vodacom.co.tz,29249,1080,1920
Afrika,Tansania,cms.judiciary.go.tz,50008,1080,1920
Afrika,Tansania,elms.out.ac.tz,2640331,1080,1920
Afrika,Tansania,ems.ifm.ac.tz,53880,1080,1920
Afrika,Tansania,en.betway.co.tz,893496,4758,1920
Afrika,Tansania,epermit.mow.go.tz,90867,1080,1920
Afrika,Tansania,erita.rita.go.tz,853781,1080,1920
Afrika,Tansania,ess.utumishi.go.tz,294858,1080,1930
Afrika,Tansania,etdonline.immigration.go.tz,108434,1080,1920
Afrika,Tansania,ffars.tamisemi.go.tz,278791,1080,1937
Afrika,Tansania,fremis.tfs.go.tz,96912,1080,1920
Afrika,Tansania,gimis.gpsa.go.tz,283961,1080,1920
Afrika,Tansania,gothomis.tamisemi.go.tz,427341,2045,1920
Afrika,Tansania,gsb.co.tz,55888,1080,1920
Afrika,Tansania,helabet.co.tz,674822,1080,1920
Afrika,Tansania,ibanking.nmbbank.co.tz,14139,1088,1920
Afrika,Tansania,identity.nhif.or.tz,34379,1080,1920
Afrika,Tansania,jiji.co.tz,40247,1080,1920
Afrika,Tansania,kiccohas.ac.tz,3091333,4265,1920
Afrika,Tansania,learninghubtz.co.tz,384437,2770,1942
Afrika,Tansania,leonbet.co.tz,422098,1080,1920
Afrika,Tansania,maji.gov.go.tz,2861962,1080,1920
Afrika,Tansania,mct.go.tz,1261421,1988,1920
Afrika,Tansania,meridianbet.co.tz,1145605,1080,1920
Afrika,Tansania,mimis.mifugo.go.tz,607618,1080,1920
Afrika,Tansania,mimis.tpf.go.tz,937673,1080,1920
Afrika,Tansania,ncnd.vodacom.co.tz,854692,3459,1920
Afrika,Tansania,nikonekt.tanesco.co.tz,847658,1295,1920
Afrika,Tansania,oas.must.ac.tz,161681,1080,1920
Afrika,Tansania,oas.nit.ac.tz,128820,1080,1920
Afrika,Tansania,oas.sjut.ac.tz,135622,1080,1920
Afrika,Tansania,oas.tbs.go.tz,148304,1346,1935
Afrika,Tansania,oas.tia.ac.tz,238057,1080,1932
Afrika,Tansania,olas.heslb.go.tz,9576,1080,1920
Afrika,Tansania,omnichannels.crdbbank.co.tz,528635,1080,1920
Afrika,Tansania,onlinesys.necta.go.tz,232924,1125,1920
Afrika,Tansania,orbit.pyramidgroup.co.tz,19802,1080,1920
Afrika,Tansania,osim.kcmuco.ac.tz,147787,1080,1920
Afrika,Tansania,osim.kiut.ac.tz,140872,1080,1920
Afrika,Tansania,osim.makumira.ac.tz,145467,1080,1920
Afrika,Tansania,osim.tudarco.ac.tz,162890,1080,1920
Afrika,Tansania,parimatch.co.tz,11281,1088,1920
Afrika,Tansania,paymentregistration.tra.go.tz,23874,1080,1920
Afrika,Tansania,pmbet.co.tz,720970,1091,2102
Afrika,Tansania,pos.levanda.co.tz,1123585,4178,1920
Afrika,Tansania,premierbetzone.co.tz,859526,1749,1934
Afrika,Tansania,prems.necta.go.tz,16321,1080,1920
Afrika,Tansania,pyramidgroup.co.tz,24913,1080,1920
Afrika,Tansania,saris.iae.ac.tz,37100,1080,1920
Afrika,Tansania,secure.creditinfo.co.tz,82904,1080,1920
Afrika,Tansania,shabiby.co.tz,1341515,2646,1920
Afrika,Tansania,sims.nit.ac.tz,125852,1080,1920
Afrika,Tansania,sims.saut.ac.tz,104438,1080,1920
Afrika,Tansania,sis.lgti.ac.tz,43539,1080,1920
Afrika,Tansania,sokabet.co.tz,186043,3503,1920
Afrika,Tansania,sportpesa.co.tz,1990633,6061,1920
Afrika,Tansania,sr2.udom.ac.tz,900815,1080,1920
Afrika,Tansania,srs.irdp.ac.tz,29236,1080,1920
Afrika,Tansania,system.nbaa.go.tz,1313904,1130,1920
Afrika,Tansania,tanesw.tra.go.tz,227563,1186,1920
Afrika,Tansania,tas.thps.or.tz,958599,1080,2666
Afrika,Tansania,tausi.tamisemi.go.tz,778634,1926,1920
Afrika,Tansania,taxpayerportal.tra.go.tz,629296,2039,1920
Afrika,Tansania,tepp.ports.go.tz,38956,1084,1920
Afrika,Tansania,visa.immigration.go.tz,186243,1080,1920
Afrika,Tansania,vms.vodacom.co.tz,713104,1080,1920
Afrika,Tansania,wims.osha.go.tz,186139,1392,1935
Afrika,Tansania,www.airtel.co.tz,584218,3332,1920
Afrika,Tansania,www.ajira.go.tz,1088037,1865,1920
Afrika,Tansania,www.betika.co.tz,1103764,1265,1920
Afrika,Tansania,www.betway.co.tz,893521,4758,1920
Afrika,Tansania,www.bmcoach.co.tz,3002912,4564,1920
Afrika,Tansania,www.inec.go.tz,1634450,3720,1920
Afrika,Tansania,www.kingbet.co.tz,949133,4247,1920
Afrika,Tansania,www.mwananchi.co.tz,2274350,11650,1920
Afrika,Tansania,www.nactvet.go.tz,1111224,4312,1920
Afrika,Tansania,www.necta.go.tz,1967936,3074,1920
Afrika,Tansania,www.pigabet.co.tz,537124,1236,1920
Afrika,Tansania,www.premierbet.co.tz,986186,3131,1920
Afrika,Tansania,www.tpdf.mil.tz,1664360,4529,1920
Afrika,Tansania,www.tronic.co.tz,1676862,8739,1920
Afrika,Tansania,www.wasafibet.co.tz,1848609,5790,1920
Afrika,Tansania,zolas.zheslb.go.tz,11007,1080,1920
Asien,Thailand,aiscallcenter.ais.co.th,878616,1880,1920
Asien,Thailand,amway.co.th,47515,1080,1920
Asien,Thailand,asset.led.go.th,295468,1493,1920
Asien,Thailand,ces.wu.ac.th,37209,1080,1920
Asien,Thailand,chordtabs.in.th,678606,1543,1920
Asien,Thailand,connect.egov.go.th,614538,1175,1920
Asien,Thailand,ddchpackage.dtac.co.th,8511,1080,1920
Asien,Thailand,dlt-drivingschool.dlt.go.th,1341698,1080,1920
Asien,Thailand,dticket.railway.co.th,8511,1080,1920
Asien,Thailand,e-budget.jobobec.in.th,95798,1080,1920
Asien,Thailand,e-report.dsd.go.th,30362,1080,1935
Asien,Thailand,e-service.doe.go.th,61352,1080,1920
Asien,Thailand,ebiz.dbd.go.th,49515,1080,1920
Asien,Thailand,efiling.led.go.th,121492,1080,1920
Asien,Thailand,efiling.rd.go.th,501338,2618,1920
Asien,Thailand,elearning.set.or.th,7648246,13310,1920
Asien,Thailand,enroll.tsu.ac.th,609744,1865,1920
Asien,Thailand,eworkpermit.doe.go.th,47188,1080,1920
Asien,Thailand,farmer.doae.go.th,287245,1080,1920
Asien,Thailand,hdmall.co.th,2749335,9845,1920
Asien,Thailand,heroobeccare.obec.go.th,698516,1374,1920
Asien,Thailand,imauth.bora.dopa.go.th,37941,1080,1920
Asien,Thailand,job3.ocsc.go.th,8512,1080,1920
Asien,Thailand,jtexpress.co.th,8511,1080,1920
Asien,Thailand,landsmaps.dol.go.th,39810,1080,1920
Asien,Thailand,ltax.dla.go.th,289186,1080,1920
Asien,Thailand,m.ais.co.th,606627,1080,1920
Asien,Thailand,mworkpermit.doe.go.th,62277,1080,1920
Asien,Thailand,my.lazada.co.th,225971,1349,1920
Asien,Thailand,playserver.in.th,1703060,3639,1920
Asien,Thailand,privilege.ais.co.th,113155,1341,1920
Asien,Thailand,process5.gprocurement.go.th,302465,1080,1920
Asien,Thailand,ratchada.ac.th,2046250,4919,1920
Asien,Thailand,rebalance.co.th,1442333,6707,1920
Asien,Thailand,redeem.ff.garena.in.th,1988524,1080,1920
Asien,Thailand,reg.buu.ac.th,66995,1096,1920
Asien,Thailand,s.shopee.co.th,19254,1080,1920
Asien,Thailand,saraban.egov.go.th,44154,1080,1920
Asien,Thailand,spx.co.th,629914,2392,1920
Asien,Thailand,stud.mcu.ac.th,1884340,4708,1920
Asien,Thailand,tdac.immigration.go.th,159425,1080,1920
Asien,Thailand,tfmweb.tfg.co.th,35108,1214,1920
Asien,Thailand,translate.google.co.th,137278,1102,1920
Asien,Thailand,ttsview.railway.co.th,37309,1080,1936
Asien,Thailand,unemploy.doe.go.th,83411,1080,1920
Asien,Thailand,weather.tmd.go.th,637041,1080,1920
Asien,Thailand,www.advice.co.th,64395,1080,1920
Asien,Thailand,www.ais.th,606632,1080,1920
Asien,Thailand,www.allonline.7eleven.co.th,47960,1080,1920
Asien,Thailand,www.aurora.co.th,4489912,9365,1920
Asien,Thailand,www.bnn.in.th,85488,1080,1920
Asien,Thailand,www.central.co.th,86175,1080,1920
Asien,Thailand,www.dailynews.co.th,9191659,15738,1920
Asien,Thailand,www.dtac.co.th,1060205,3102,1920
Asien,Thailand,www.erawancenter.bangkok.go.th,1351743,1080,1920
Asien,Thailand,www.flashexpress.co.th,24626,1080,1920
Asien,Thailand,www.glo.or.th,1874124,1080,1935
Asien,Thailand,www.goldtraders.or.th,1227544,2401,1920
Asien,Thailand,www.gprocurement.go.th,825450,1080,1920
Asien,Thailand,www.gsb.or.th,1040689,3998,1935
Asien,Thailand,www.healthcare.aia.co.th,37886,1080,1920
Asien,Thailand,www.homepro.co.th,44274,1080,1920
Asien,Thailand,www.intergold.co.th,3097787,5544,1920
Asien,Thailand,www.jib.co.th,5337849,6316,1920
Asien,Thailand,www.ktc.co.th,743665,2366,1920
Asien,Thailand,www.mitsubishi-motors.co.th,2526447,8887,1920
Asien,Thailand,www.rama.mahidol.ac.th,3672319,4723,1920
Asien,Thailand,www.rd.go.th,1705143,1445,1920
Asien,Thailand,www.renthub.in.th,4727244,7953,1920
Asien,Thailand,www.scb.co.th,1161395,1080,1920
Asien,Thailand,www.set.or.th,1811569,1104,1920
Asien,Thailand,www.siamsport.co.th,5345732,10201,1920
Asien,Thailand,www.skyscanner.co.th,102202,1080,1920
Asien,Thailand,www.sso.go.th,1889448,2834,1935
Asien,Thailand,www.supersports.co.th,7880163,14932,1920
Asien,Thailand,www.thaischoollunch.in.th,330076,1080,1920
Asien,Thailand,www.tmd.go.th,1016641,1080,1920
Asien,Thailand,www.tnews.co.th,2872809,3917,1920
Asien,Thailand,www.toyota.co.th,2217470,1080,1920
Asien,Thailand,www.true.th,6084622,6893,1920
Ozeanien,Tonga,1flix.to,998254,2857,1920
Ozeanien,Tonga,4545.to,1160559,2151,1920
Ozeanien,Tonga,adjaranets.to,5594157,3250,1920
Ozeanien,Tonga,animekai.to,1445280,2390,1920
Ozeanien,Tonga,arc018.to,660769,3260,1920
Ozeanien,Tonga,asianpinay.to,13175117,7748,1920
Ozeanien,Tonga,camrecord.to,1800181,2529,1920
Ozeanien,Tonga,dashboard.tawk.to,124223,1080,1920
Ozeanien,Tonga,desicinemas.to,1626042,4114,1920
Ozeanien,Tonga,eztvx.to,126990,1080,1920
Ozeanien,Tonga,fapello.to,3833377,9199,1920
Ozeanien,Tonga,fbdownloader.to,771471,3201,1920
Ozeanien,Tonga,filmehd.to,5329947,3692,1920
Ozeanien,Tonga,flightsim.to,19316,1080,1920
Ozeanien,Tonga,fyptt.to,3621439,8227,1920
Ozeanien,Tonga,gomoviestv.to,460747,1113,1920
Ozeanien,Tonga,goyabu.to,533229,1451,1920
Ozeanien,Tonga,hdtodayz.to,437107,1138,1920
Ozeanien,Tonga,kickasstorrents.to,868910,3977,1920
Ozeanien,Tonga,kithara.to,159497,1080,1920
Ozeanien,Tonga,koyso.to,4026526,2608,1920
Ozeanien,Tonga,mcw-casino.to,545533,1080,1920
Ozeanien,Tonga,miraculous.to,431797,1215,1920
Ozeanien,Tonga,movielinkbd.to,2718084,3949,1920
Ozeanien,Tonga,nhentai.to,86405,1080,1920
Ozeanien,Tonga,nnmclub.to,6580578,12767,1920
Ozeanien,Tonga,nsfw247.to,1803731,6403,1920
Ozeanien,Tonga,omegleporn.to,1371115,3591,1920
Ozeanien,Tonga,pixhost.to,67645,1080,1920
Ozeanien,Tonga,poltava.to,6397763,5723,1920
Ozeanien,Tonga,prehraj.to,88069,1080,1920
Ozeanien,Tonga,sflix2.to,71361,1080,1920
Ozeanien,Tonga,streamtape.to,421302,2844,1920
Ozeanien,Tonga,supernova.to,43009,1080,1920
Ozeanien,Tonga,teenager365.to,1681257,4154,1920
Ozeanien,Tonga,thothub.to,1454892,3370,1920
Ozeanien,Tonga,veziseriale.to,9299130,4382,1920
Ozeanien,Tonga,vipergirls.to,1384086,4351,1920
Ozeanien,Tonga,ww3.pelisplus.to,3020082,2290,1920
Ozeanien,Tonga,ww4.pelisplushd.to,44972,1080,1920
Ozeanien,Tonga,www.camvault.to,45388,1080,1920
Ozeanien,Tonga,www.hdfilmizle.to,1250202,2775,1920
Ozeanien,Tonga,www.hindimovies.to,2158730,4622,1920
Ozeanien,Tonga,www.sexaraby.to,1589928,2022,1920
Ozeanien,Tonga,www2.thepiratebay3.to,108582,1080,1920
Ozeanien,Tonga,www5.torrent9.to,1490333,4994,1920
Ozeanien,Tonga,xfights.to,6838833,6755,1920
Ozeanien,Tonga,yflix.to,42288,1080,1920
Ozeanien,Tonga,ytdown.to,250177,1478,1920
Afrika,Tunesien,affilie.cnrps.nat.tn,37606,1080,1920
Afrika,Tunesien,amendes.finances.gov.tn,463954,1080,1920
Afrika,Tunesien,app.cashmayoufech.tn,8511,1080,1920
Afrika,Tunesien,app.ecnplus.tn,73166,1080,1920
Afrika,Tunesien,app.navex.tn,485590,1080,1920
Afrika,Tunesien,assistance.ooredoo.tn,331287,2531,1920
Afrika,Tunesien,b3.interieur.gov.tn,37496,1080,1920
Afrika,Tunesien,batam.com.tn,1827315,2557,1920
Afrika,Tunesien,beautystore.tn,998511,3500,1920
Afrika,Tunesien,bhnet.bhbank.tn,240347,1249,1920
Afrika,Tunesien,bigdatis.tn,28232,1080,1920
Afrika,Tunesien,brico-direct.tn,2097114,2865,1920
Afrika,Tunesien,bricola.tn,2156732,5111,1920
Afrika,Tunesien,celio.tn,6050866,5577,1935
Afrika,Tunesien,cherrybeauty.tn,1274087,6924,1935
Afrika,Tunesien,classi.tn,337034,2121,1920
Afrika,Tunesien,colis.lazajella.tn,37764,1080,1920
Afrika,Tunesien,connexion.ooredoo.tn,41693,1080,1920
Afrika,Tunesien,darty.tn,2621680,4677,1920
Afrika,Tunesien,defense.tn,2589910,4046,1920
Afrika,Tunesien,e-sigourta.carte.com.tn,1902452,1080,1920
Afrika,Tunesien,ebanking.bna.tn,12274,1080,1920
Afrika,Tunesien,espace.steg.com.tn,87174,1080,1920
Afrika,Tunesien,hb-leasing.tn,2323746,6331,1920
Afrika,Tunesien,idaraty.tn,1358123,4818,1920
Afrika,Tunesien,journalistesfaxien.tn,3318613,4922,1920
Afrika,Tunesien,lapresse.tn,4651734,7034,1935
Afrika,Tunesien,lw.atome.tn,41794,1080,1920
Afrika,Tunesien,moodle.medtech.tn,178308,1846,1920
Afrika,Tunesien,motorz.tn,1606488,3961,1920
Afrika,Tunesien,my.adex.tn,26411,1080,1920
Afrika,Tunesien,nutribeast.tn,5723160,6859,1920
Afrika,Tunesien,online.mybiat.tn,149731,1080,1920
Afrika,Tunesien,oxfordcity.tn,4801911,6513,1920
Afrika,Tunesien,pharma-shop.tn,3612344,8429,1920
Afrika,Tunesien,portail.sonede.com.tn,34828,1080,1920
Afrika,Tunesien,prive.education.tn,136011,1080,1920
Afrika,Tunesien,promo.playup.tn,646708,1480,1920
Afrika,Tunesien,promo.youscribe.tn,159777,1080,1920
Afrika,Tunesien,qpr.tn,988971,1396,1920
Afrika,Tunesien,services.justice.gov.tn,16321,1080,1920
Afrika,Tunesien,smartclinic.tn,1526277,2674,1932
Afrika,Tunesien,soudanisami.tn,636891,1779,1920
Afrika,Tunesien,spacenet.tn,6710085,9271,1920
Afrika,Tunesien,telmidh.tn,2084363,7565,1920
Afrika,Tunesien,teskerti.tn,3876570,4876,1920
Afrika,Tunesien,translate.google.com.tn,110381,1122,1920
Afrika,Tunesien,tunitests.tn,3396249,3874,1920
Afrika,Tunesien,webmail.gnet.tn,355520,1080,1920
Afrika,Tunesien,www.alkitab.tn,3151816,8213,1920
Afrika,Tunesien,www.alwosta.tn,1983313,3469,1920
Afrika,Tunesien,www.amennet.com.tn,549705,1317,1920
Afrika,Tunesien,www.aneti-international.tn,1229810,3500,1920
Afrika,Tunesien,www.atct.tn,927017,2586,1920
Afrika,Tunesien,www.attijarirealtime.com.tn,125900,1080,1920
Afrika,Tunesien,www.automobile.tn,2888415,5864,1939
Afrika,Tunesien,www.biat.tn,498075,1800,1920
Afrika,Tunesien,www.bibliotheque.nat.tn,6861686,8202,1935
Afrika,Tunesien,www.businessnews.com.tn,1429372,11577,1920
Afrika,Tunesien,www.carrefour.tn,265846,1612,1920
Afrika,Tunesien,www.concours.gov.tn,269202,1105,1920
Afrika,Tunesien,www.decathlon.tn,44341,1080,1920
Afrika,Tunesien,www.devoir.tn,756620,3791,1920
Afrika,Tunesien,www.emploi.nat.tn,37272,1080,1920
Afrika,Tunesien,www.fiabilo.tn,848446,1080,1920
Afrika,Tunesien,www.maparatunisie.tn,3319760,14733,1920
Afrika,Tunesien,www.med.tn,37119,1080,1920
Afrika,Tunesien,www.meteo.tn,3198612,4275,1920
Afrika,Tunesien,www.mubawab.tn,887580,1555,1920
Afrika,Tunesien,www.mytek.tn,41848,1080,1920
Afrika,Tunesien,www.nutrigym.tn,1375717,1080,1920
Afrika,Tunesien,www.ooredoo.tn,1451608,5539,1920
Afrika,Tunesien,www.optioncarriere.tn,135444,1080,1920
Afrika,Tunesien,www.pointm.tn,1111705,3301,1920
Afrika,Tunesien,www.slouage-mbey.tn,1039850,1080,1920
Afrika,Tunesien,www.slouage-medenine.tn,85853,1080,1920
Afrika,Tunesien,www.tayara.tn,2489776,6239,1920
Afrika,Tunesien,www.tunisianet.com.tn,2132304,2366,1920
Afrika,Tunesien,www.ubuy.tn,85560,1136,1920
Afrika,Tunesien,www.wamia.tn,42661,1080,1920
Afrika,Tunesien,www.watania2.tn,964596,2202,1920
Ozeanien,Tuvalu,egy.cimawbas.tv,3372036,4701,1920
Ozeanien,Tuvalu,eju.tv,1024769,1378,1920
Ozeanien,Tuvalu,eltaott.tv,3672293,4122,1920
Ozeanien,Tuvalu,hentaird.tv,3101452,4451,1920
Ozeanien,Tuvalu,jackbox.tv,135046,1080,1920
Ozeanien,Tuvalu,linkkf.tv,85983,1080,1920
Ozeanien,Tuvalu,livecamrips.tv,43589,1080,1920
Ozeanien,Tuvalu,movies2watch.tv,1178985,4512,1920
Ozeanien,Tuvalu,nooo6.tv,3600067,3354,1920
Ozeanien,Tuvalu,oxax.tv,510443,2343,1920
Ozeanien,Tuvalu,punci.tv,53748,3150,1920
Ozeanien,Tuvalu,spoilerplus.tv,86838,1080,1920
Ozeanien,Tuvalu,tickzoo.tv,1907215,1935,1920
Ozeanien,Tuvalu,turk.ivi.tv,25678,1080,1920
Ozeanien,Tuvalu,watchpeopledie.tv,91151,1080,1920
Ozeanien,Tuvalu,www.arabx.tv,974588,4508,1920
Ozeanien,Tuvalu,www.bcci.tv,29748,1080,1920
Ozeanien,Tuvalu,www.boyfriend.tv,5524720,6872,1920
Ozeanien,Tuvalu,www.diverto.tv,4844869,16188,1920
Ozeanien,Tuvalu,www.erome.tv,1205825,2448,1920
Ozeanien,Tuvalu,www.footao.tv,5801396,100312,1920
Ozeanien,Tuvalu,www.fullhdfilmizlesene.tv,2016959,3611,1920
Ozeanien,Tuvalu,www.icegay.tv,7163314,3802,1920
Ozeanien,Tuvalu,www.iradha.tv,27907,1080,1920
Ozeanien,Tuvalu,www.iwara.tv,40822,1080,1920
Ozeanien,Tuvalu,www.madamlive.tv,4420533,9200,1920
Ozeanien,Tuvalu,www.milfporn.tv,5420670,6975,1920
Ozeanien,Tuvalu,www.moodx.tv,1916437,2122,1920
Ozeanien,Tuvalu,www.naijaprey.tv,2536270,3240,1920
Ozeanien,Tuvalu,www.pornwex.tv,1638458,2205,1920
Ozeanien,Tuvalu,www.pulsz.tv,516828,1080,1920
Ozeanien,Tuvalu,www.seksvideo.tv,3015201,6883,1920
Ozeanien,Tuvalu,www.wco.tv,42965,1080,1920
Ozeanien,Tuvalu,www.wcoflix.tv,44319,1080,1920
Ozeanien,Tuvalu,www.xporn.tv,43278,1080,1920
Europa,UK,49s.co.uk,264689,1080,1920
Europa,UK,apply.jobs.scot.nhs.uk,683703,3309,1920
Europa,UK,auth.next.co.uk,40296,1080,1920
Europa,UK,bank.barclays.co.uk,198368,2183,1920
Europa,UK,c.newsnow.co.uk,71888,1080,1920
Europa,UK,its.co.uk,3090957,5693,1920
Europa,UK,luxury3.gameassists.co.uk,50844,1080,1920
Europa,UK,moodle.gla.ac.uk,1970986,1080,1920
Europa,UK,my.freeads.co.uk,45773,1080,1920
Europa,UK,myportal-uat-blue.northumbria.ac.uk,4417761,6855,1920
Europa,UK,salutemusic.uk,1914204,6743,1920
Europa,UK,struanhomes.co.uk,2990616,2500,1920
Europa,UK,universe.dpdgroup.co.uk,36866,1080,1920
Europa,UK,www.alquds.co.uk,10394429,13672,1920
Europa,UK,www.anglingdirect.co.uk,2882132,3599,1920
Europa,UK,www.autodoc.co.uk,44511,1080,1920
Europa,UK,www.bmstores.co.uk,48097,1080,1920
Europa,UK,www.fool.co.uk,774077,3149,1920
Europa,UK,www.freeads.co.uk,45928,1080,1920
Europa,UK,www.gov.uk,626667,4923,1920
Europa,UK,www.jobs.nhs.uk,291837,2491,1920
Europa,UK,www.jobsatamazon.co.uk,47875,1080,1920
Europa,UK,www.johnpyeauctions.co.uk,48714,1080,1920
Europa,UK,www.ladybanana.co.uk,3374371,4792,1920
Europa,UK,www.lidl.co.uk,1510863,4474,1920
Europa,UK,www.lse.co.uk,42349,1080,1920
Europa,UK,www.newsnow.co.uk,2271366,10878,1920
Europa,UK,www.nhs.uk,793606,3572,1920
Europa,UK,www.openrent.co.uk,1802332,3148,1920
Europa,UK,www.realtimetrains.co.uk,164150,1290,1920
Europa,UK,www.roman.co.uk,9974187,8745,1920
Europa,UK,www.shein.co.uk,702626,2579,1920
Europa,UK,www.sportsmole.co.uk,2179917,9405,1920
Europa,UK,www.stevetonksgardendesign.co.uk,3011651,4598,1920
Europa,UK,www.tax.service.gov.uk,2016127,7424,1920
Europa,UK,www.therange.co.uk,44919,1080,1920
Europa,UK,www.universal-credit.service.gov.uk,162399,1529,1920
Europa,UK,www.wickes.co.uk,2829334,4991,1920
Europa,UK,www.yodel.co.uk,2693118,3731,1920
Nordamerika,USA,adfoc.us,184735,1100,1920
Nordamerika,USA,air168neo.us,87115,1080,1920
Nordamerika,USA,apps.warren.kyschools.us,13186,1080,1920
Nordamerika,USA,arabsex.us,965091,1791,1920
Nordamerika,USA,atlas-myrmv.massdot.state.ma.us,1674890,3125,1920
Nordamerika,USA,auth.band.us,34467,1080,1920
Nordamerika,USA,bia2anime.us,3243941,8708,1920
Nordamerika,USA,c777.us,682905,1080,1920
Nordamerika,USA,casesearch.courts.state.md.us,74510,1080,1920
Nordamerika,USA,cdn-videymp4.us,30079,1080,1920
Nordamerika,USA,chicago69.us,3101618,2485,1920
Nordamerika,USA,cholitas.us,1220441,1793,1920
Nordamerika,USA,clock.payrollservers.us,28111,1150,1920
Nordamerika,USA,commerce.health.state.ny.us,35364,1080,1920
Nordamerika,USA,dewapokersite.us,2281978,2433,1920
Nordamerika,USA,eapps.courts.state.va.us,130328,1080,1920
Nordamerika,USA,events.zoom.us,25090,1088,1920
Nordamerika,USA,fanbinit.us,30418,1080,1920
Nordamerika,USA,fendy188game.us,48230,1080,1920
Nordamerika,USA,hac23.esp.k12.ar.us,57093,1080,1920
Nordamerika,USA,huaren.us,718015,2938,1920
Nordamerika,USA,iapps.courts.state.ny.us,96918,1080,1920
Nordamerika,USA,javhay.us,43348,1080,1920
Nordamerika,USA,latinus.us,5801931,7583,1920
Nordamerika,USA,lms.beth.k12.pa.us,42698,1080,1920
Nordamerika,USA,ltube.us,1657719,2331,1920
Nordamerika,USA,mekym.us,15183,1112,1920
Nordamerika,USA,modo.us,558583,1080,1920
Nordamerika,USA,mydsd.davis.k12.ut.us,8511,1080,1920
Nordamerika,USA,myprize.us,130245,1080,1920
Nordamerika,USA,naza168.us,14240125,8534,1920
Nordamerika,USA,oracle.zoom.us,416083,1080,1920
Nordamerika,USA,our.filmyworlds.us,61952,1080,1920
Nordamerika,USA,publicaccess.courts.state.mn.us,16430,1080,1920
Nordamerika,USA,qu-xx.us,46318,1080,1920
Nordamerika,USA,qua-x.us,14468,1080,1920
Nordamerika,USA,quiz.zep.us,3044445,9569,1920
Nordamerika,USA,quxis.us,114226,4081,1920
Nordamerika,USA,rapidid.jefferson.kyschools.us,13186,1080,1920
Nordamerika,USA,schoology.ccps.us,42698,1080,1920
Nordamerika,USA,schoology.parkhill.k12.mo.us,387687,1080,1920
Nordamerika,USA,sidepot.us,328902,1080,1920
Nordamerika,USA,softseven.us,70574,1080,1920
Nordamerika,USA,steamstat.us,289354,1411,1920
Nordamerika,USA,stockinvest.us,40332,1080,1920
Nordamerika,USA,sv88.us,70786,1080,1920
Nordamerika,USA,tealprod.tea.state.tx.us,91714,1080,1920
Nordamerika,USA,videyfb.us,46294,1080,1920
Nordamerika,USA,vjav.us,1521321,2656,1920
Nordamerika,USA,www.aldi.us,2990987,6029,1920
Nordamerika,USA,www.bark.us,2445554,10894,2133
Nordamerika,USA,www.bootleggers.us,471043,1080,1920
Nordamerika,USA,www.centralislip.k12.ny.us,1903174,5030,1920
Nordamerika,USA,www.chatib.us,86415,1080,1920
Nordamerika,USA,www.chatiw.us,302902,1700,1920
Nordamerika,USA,www.clay.k12.in.us,1340141,3164,1920
Nordamerika,USA,www.desiserials.us,497869,1665,1920
Nordamerika,USA,www.disturbia.us,1934085,8499,1920
Nordamerika,USA,www.dnr.state.mn.us,44385,1080,1920
Nordamerika,USA,www.ecasd.us,2753478,3453,1920
Nordamerika,USA,www.hentaivnx.us,86578,1080,1920
Nordamerika,USA,www.iowacourts.state.ia.us,280056,1080,1920
Nordamerika,USA,www.kenton.kyschools.us,4156702,6667,1920
Nordamerika,USA,www.locanto.us,42546,1080,1920
Nordamerika,USA,www.meshki.us,7593809,6731,1920
Nordamerika,USA,www.mobilize.us,8511,1080,1920
Nordamerika,USA,www.prettylittlething.us,2580853,6132,1920
Nordamerika,USA,www.publicrecords.us,50371,1080,1920
Nordamerika,USA,www.r777.us,3018166,2469,1920
Nordamerika,USA,www.sos.state.tx.us,1567655,2875,1920
Nordamerika,USA,www.track718.us,2859032,5480,1920
Nordamerika,USA,www.workstream.us,2859406,9793,2220
Nordamerika,USA,zep.us,2433955,7778,1920
Nordamerika,USA,zoofilia.us,2410654,3149,1920
Afrika,Uganda,22bet.ug,370068,1080,1920
Afrika,Uganda,ababet.ug,2727866,5405,1920
Afrika,Uganda,airtelmoney.airtel.ug,83107,1080,1920
Afrika,Uganda,alpha.ucu.ac.ug,2727563,1080,1920
Afrika,Uganda,centeonlinebanking.centenarybank.co.ug,8511,1080,1920
Afrika,Uganda,cims.unbs.go.ug,53977,1080,1920
Afrika,Uganda,client-portal.oldmutual.co.ug,479192,1080,1920
Afrika,Uganda,crm.platinumcredit.co.ug,46365,1080,1920
Afrika,Uganda,desktop.fortebet.ug,678787,1362,1920
Afrika,Uganda,dotshule.ug,80529,1080,2560
Afrika,Uganda,ecampus.uict.ac.ug,1035044,2931,1920
Afrika,Uganda,eims.uvtab.go.ug,267910,1080,1926
Afrika,Uganda,elearning.kab.ac.ug,1479038,2145,1920
Afrika,Uganda,elearning.must.ac.ug,2303863,4107,1920
Afrika,Uganda,elearning.umu.ac.ug,2666902,2327,1920
Afrika,Uganda,emis.uvtab.go.ug,81844,1128,1920
Afrika,Uganda,eportal.ku.ac.ug,60547,1080,1920
Afrika,Uganda,eportal.mru.ac.ug,74193,1080,1920
Afrika,Uganda,eportal.yci.ac.ug,55261,1080,1920
Afrika,Uganda,ereg.uneb.ac.ug,458908,1916,1920
Afrika,Uganda,erp.mogo.ug,16407,1080,1920
Afrika,Uganda,everjobs.ug,527224,4624,1920
Afrika,Uganda,fortebet.ug,678501,1362,1920
Afrika,Uganda,gsb.ug,936227,3205,1920
Afrika,Uganda,help.gsb.ug,1736391,45292,1920
Afrika,Uganda,iras.go.ug,349312,3905,1920
Afrika,Uganda,jiji.ug,39845,1080,1920
Afrika,Uganda,jobnotices.ug,775454,3191,1920
Afrika,Uganda,kagwirawo.ug,1068756,3252,1920
Afrika,Uganda,kiu.ac.ug,2626073,4042,1920
Afrika,Uganda,mail.ura.go.ug,25988,1080,1920
Afrika,Uganda,mbu.ug,1678030,5075,1920
Afrika,Uganda,moodle.afru.ac.ug,599604,1756,1920
Afrika,Uganda,moodle.ucu.ac.ug,292552,1323,1920
Afrika,Uganda,mtunda.ug,746553,8769,1920
Afrika,Uganda,mubsep.mubs.ac.ug,1014100,2509,1920
Afrika,Uganda,muele.mak.ac.ug,1348655,2107,1920
Afrika,Uganda,my.jumia.ug,85825,1080,1920
Afrika,Uganda,myportal.busitema.ac.ug,54131,1080,1920
Afrika,Uganda,myportal.gu.ac.ug,89155,1080,1920
Afrika,Uganda,myportal.mubs.ac.ug,80713,1080,1920
Afrika,Uganda,nduels.ndu.ac.ug,525742,2279,1920
Afrika,Uganda,nilepost.co.ug,43298,1080,1920
Afrika,Uganda,nira.go.ug,213738,1080,1920
Afrika,Uganda,observer.ug,4270914,6553,1920
Afrika,Uganda,online.absa.co.ug,24601,1080,1920
Afrika,Uganda,opportunitytracker.ug,5052883,6397,1920
Afrika,Uganda,partners.mogo.co.ug,18899,1080,1920
Afrika,Uganda,passports.go.ug,289624,1080,1931
Afrika,Uganda,pearltunes.ug,3976842,7595,1920
Afrika,Uganda,prereg.nsis.nira.go.ug,8511,1080,1920
Afrika,Uganda,radio.co.ug,321366,1639,1920
Afrika,Uganda,selfservicepro.uedcl.co.ug,9038,1080,1920
Afrika,Uganda,selfservicepro.umeme.co.ug,8511,1080,1920
Afrika,Uganda,stock.itms.ug,51923,1080,1920
Afrika,Uganda,student.kiu.ac.ug,1895291,1080,1920
Afrika,Uganda,touchpoint.ura.go.ug,1045210,1080,1920
Afrika,Uganda,upf.go.ug,773858,4297,1920
Afrika,Uganda,ura.go.ug,1383575,1598,1920
Afrika,Uganda,vacancies.psc.go.ug,372153,2247,2320
Afrika,Uganda,visas.immigration.go.ug,197868,1080,1920
Afrika,Uganda,vle.bsu.ac.ug,446003,2619,1920
Afrika,Uganda,www.ababet.ug,2726901,5405,1920
Afrika,Uganda,www.airtel.co.ug,303299,3261,1920
Afrika,Uganda,www.bongobongo.ug,949883,2499,1920
Afrika,Uganda,www.championbet.ug,680502,1080,1920
Afrika,Uganda,www.djerycom.ug,4536047,4568,1920
Afrika,Uganda,www.ec.or.ug,865197,1698,1920
Afrika,Uganda,www.fortebet.ug,678628,1362,1920
Afrika,Uganda,www.gadgetcraze.ug,202298,1080,1920
Afrika,Uganda,www.independent.co.ug,1145235,8532,1920
Afrika,Uganda,www.jobadverts.ug,1617558,10591,1920
Afrika,Uganda,www.jumia.ug,38984,1080,1920
Afrika,Uganda,www.kagwirawo.ug,1068778,3252,1920
Afrika,Uganda,www.monitor.co.ug,86089,1080,1920
Afrika,Uganda,www.newvision.co.ug,3547354,7260,1932
Afrika,Uganda,www.premierbet.ug,355704,1080,1920
Afrika,Uganda,www.pulse.ug,3362507,5483,1920
Afrika,Uganda,www.sba.co.ug,915439,3018,1920
Afrika,Uganda,www.schoolpay.co.ug,1945976,2907,1920
Afrika,Uganda,www.tilyexpress.ug,1011942,5874,1920
Afrika,Uganda,www.ubuy.ug,85560,1136,1920
Afrika,Uganda,www.updf.go.ug,4077547,5855,1920
Südamerika,Uruguay,anda.com.uy,1409165,1729,1920
Südamerika,Uruguay,apartamento.mercadolibre.com.uy,21389,1080,1920
Südamerika,Uruguay,aplicaciones.antel.com.uy,18583,1080,1920
Südamerika,Uruguay,aplicaciones.corteelectoral.gub.uy,24436,1080,1920
Südamerika,Uruguay,articulo.mercadolibre.com.uy,21389,1080,1920
Südamerika,Uruguay,auftickets.uy,165926,2216,1920
Südamerika,Uruguay,auto.mercadolibre.com.uy,21389,1080,1920
Südamerika,Uruguay,autos.mercadolibre.com.uy,21389,1080,1920
Südamerika,Uruguay,azulfm.com.uy,1313140,3609,1920
Südamerika,Uruguay,ceibal.edu.uy,45193,1080,1920
Südamerika,Uruguay,clicrural.com.uy,2694551,2301,1920
Südamerika,Uruguay,concursos.parlamento.gub.uy,87128,1080,1920
Südamerika,Uruguay,delsol.uy,7735424,8247,1920
Südamerika,Uruguay,eidas.tuid.uy,63708,1080,1920
Südamerika,Uruguay,encuentra.200.com.uy,10290,1080,1920
Südamerika,Uruguay,eva.fcea.udelar.edu.uy,1348282,1125,1920
Südamerika,Uruguay,eva.fing.edu.uy,60532,1080,1920
Südamerika,Uruguay,eva4.fmed.edu.uy,131370,1080,1920
Südamerika,Uruguay,expedientes.poderjudicial.gub.uy,146940,1080,1920
Südamerika,Uruguay,gastronomia.montevideo.com.uy,1126050,2096,1920
Südamerika,Uruguay,hipica.maronas.com.uy,376322,1856,1920
Südamerika,Uruguay,jetour.com.uy,1636218,4474,1920
Südamerika,Uruguay,ladiaria.com.uy,245945,25249,1920
Südamerika,Uruguay,login.udelar.edu.uy,77507,1080,1920
Südamerika,Uruguay,loi.com.uy,2025113,5694,1920
Südamerika,Uruguay,lu.anep.edu.uy,44809,1080,1920
Südamerika,Uruguay,mi.iduruguay.gub.uy,45905,1080,1920
Südamerika,Uruguay,mibelleza.uy,43984,1080,1920
Südamerika,Uruguay,micuentanuevo.oca.com.uy,10705,1080,1920
Südamerika,Uruguay,portafoliodocente.anep.edu.uy,14089,1080,1920
Südamerika,Uruguay,prestamocash.com.uy,382908,1563,1920
Südamerika,Uruguay,radios.com.uy,293029,1643,1920
Südamerika,Uruguay,redtickets.uy,40018,1080,1920
Südamerika,Uruguay,rurales.elpais.com.uy,1061461,7676,3840
Südamerika,Uruguay,servicios.ces.edu.uy,27872,1080,1920
Südamerika,Uruguay,servicios.dgi.gub.uy,746223,4036,1920
Südamerika,Uruguay,sgh.onsc.gub.uy,16321,1080,1920
Südamerika,Uruguay,simple.claro.com.uy,28142,1080,1920
Südamerika,Uruguay,tickantel.com.uy,1094830,1740,1920
Südamerika,Uruguay,tienda.antel.com.uy,1915296,5125,1920
Südamerika,Uruguay,tienda.farmashop.com.uy,2209395,4382,1920
Südamerika,Uruguay,tiendamia.com.uy,70588,1080,1920
Südamerika,Uruguay,trabajo.gallito.com.uy,1681469,3180,1920
Südamerika,Uruguay,www.auf.org.uy,5052261,10832,1920
Südamerika,Uruguay,www.bas.com.uy,1093598,11104,1920
Südamerika,Uruguay,www.bbva.com.uy,35115,1080,1920
Südamerika,Uruguay,www.bps.gub.uy,1278557,4000,1920
Südamerika,Uruguay,www.brou.com.uy,1724587,1465,1920
Südamerika,Uruguay,www.buscojobs.com.uy,767002,5535,1920
Südamerika,Uruguay,www.busqueda.com.uy,3257227,14582,1920
Südamerika,Uruguay,www.carlosgutierrez.com.uy,74186,1080,1920
Südamerika,Uruguay,www.dac.com.uy,1074848,1367,1920
Südamerika,Uruguay,www.dale.com.uy,16806,1080,1920
Südamerika,Uruguay,www.dges.edu.uy,2117462,3355,1920
Südamerika,Uruguay,www.dgr.gub.uy,1251811,4879,1920
Südamerika,Uruguay,www.divino.com.uy,5583464,5484,1920
Südamerika,Uruguay,www.e-sistarbanc.com.uy,2613710,3465,1920
Südamerika,Uruguay,www.elobservador.com.uy,4025332,19152,1920
Südamerika,Uruguay,www.espn.com.uy,1723574,6406,1920
Südamerika,Uruguay,www.fmgente.com.uy,5027719,8033,1920
Südamerika,Uruguay,www.gallito.com.uy,44527,1080,1920
Südamerika,Uruguay,www.guapa.com.uy,1479867,1884,1920
Südamerika,Uruguay,www.gub.uy,2970208,4928,1920
Südamerika,Uruguay,www.impo.com.uy,1277613,2229,1920
Südamerika,Uruguay,www.indian.com.uy,6106374,5740,1920
Südamerika,Uruguay,www.infocasas.com.uy,3958542,3984,1920
Südamerika,Uruguay,www.inumet.gub.uy,726948,2160,1920
Südamerika,Uruguay,www.itau.com.uy,347952,1645,1920
Südamerika,Uruguay,www.itaulink.com.uy,159524,1080,1920
Südamerika,Uruguay,www.labanca.com.uy,44442,1080,1920
Südamerika,Uruguay,www.locanto.com.uy,44008,1080,1920
Südamerika,Uruguay,www.maronasonline.com.uy,954062,1854,1920
Südamerika,Uruguay,www.mercadolibre.com.uy,21389,1080,1920
Südamerika,Uruguay,www.mercadopago.com.uy,21389,1080,1920
Südamerika,Uruguay,www.meteored.com.uy,562105,2923,1920
Südamerika,Uruguay,www.montevideo.gub.uy,1447724,7138,1945
Südamerika,Uruguay,www.remotes.com.uy,3343282,19736,1920
Südamerika,Uruguay,www.santander.com.uy,1242643,3814,1920
Südamerika,Uruguay,www.sodimac.com.uy,198310,4385,1920
Südamerika,Uruguay,www.stadium.com.uy,1006629,4892,1920
Südamerika,Uruguay,www.subrayado.com.uy,1735846,11205,1920
Südamerika,Uruguay,www.sucive.gub.uy,1116925,2820,1920
Südamerika,Uruguay,www.tiendainglesa.com.uy,47980,1080,1920
Südamerika,Uruguay,www.tiendasmontevideo.com.uy,1352169,5379,1920
Südamerika,Uruguay,www.tpm.com.uy,66876,1080,1920
Südamerika,Uruguay,www.urubus.com.uy,727316,4389,1920
Südamerika,Uruguay,www.uruguayconcursa.gub.uy,8535,1083,1920
Südamerika,Uruguay,www.utu.edu.uy,4556619,5778,1920
Südamerika,Uruguay,www1.scotiabank.com.uy,9268,1080,1920
Südamerika,Uruguay,www3.labanca.com.uy,47592,1080,1920
Asien,VAE,adtv.ae,31407,1088,1920
Asien,VAE,ae93.tribalwars.ae,544884,1080,1920
Asien,VAE,aes1.tribalwars.ae,544884,1080,1920
Asien,VAE,aigames.ae,867908,1879,1920
Asien,VAE,app.atlp.ae,675305,1080,1920
Asien,VAE,apps.eclaimlink.ae,296644,1160,1920
Asien,VAE,batik.ae,2786837,5221,1920
Asien,VAE,beta.smartservices.icp.gov.ae,172724,1080,1920
Asien,VAE,bigticket.ae,21756,1080,1920
Asien,VAE,careers.ekfccloud.ae,954647,2740,1920
Asien,VAE,channel.insurancehouse.ae,367411,1080,1920
Asien,VAE,competitii.ae,42754,1080,1920
Asien,VAE,crm.mbrch.gov.ae,4301500,4250,1920
Asien,VAE,crm.mpd.ae,26624,1080,1920
Asien,VAE,cudportal.cud.ac.ae,13522,1080,1920
Asien,VAE,dubailand.gov.ae,3421451,6151,1920
Asien,VAE,dubairetail.ae,4467749,4339,1920
Asien,VAE,ecmpermits.ae,1283458,1080,1920
Asien,VAE,emirateshospitals.ae,7062222,10462,1920
Asien,VAE,eportal.hfza.ae,931854,1080,1920
Asien,VAE,eportal.sharjahcustoms.gov.ae,103583,1080,1920
Asien,VAE,eservices.dubaided.gov.ae,30931,1080,1920
Asien,VAE,eservices.mohre.gov.ae,1014370,4425,1920
Asien,VAE,fitness.ehs.gov.ae,142737,1522,1920
Asien,VAE,garhoud-online.almawakeb.sch.ae,17733,1080,1920
Asien,VAE,icp.gov.ae,172724,1080,1920
Asien,VAE,ids.uaepass.ae,21223,1080,1920
Asien,VAE,igold.ae,1547249,3310,1920
Asien,VAE,inquiry.mohre.gov.ae,123189,1080,1920
Asien,VAE,istyle.ae,878788,8034,1920
Asien,VAE,komiku.ae,2269335,1080,1920
Asien,VAE,lms.midocean.ae,34547,1080,1920
Asien,VAE,lms.moe.gov.ae,875371,1080,1920
Asien,VAE,login.rta.ae,38800,1080,1920
Asien,VAE,makeup.ae,1694806,4269,1920
Asien,VAE,mbzuai.ac.ae,18114,1080,1920
Asien,VAE,myaccount.du.ae,435913,1712,1920
Asien,VAE,openjet.inhealth.ae,15412,1080,1920
Asien,VAE,rakbankonline.ae,2454742,8415,1920
Asien,VAE,receipts.mohre.gov.ae,8511,1080,1920
Asien,VAE,sellercentral.amazon.ae,694975,2655,1920
Asien,VAE,services.dha.gov.ae,178256,1327,1920
Asien,VAE,shop.du.ae,1019038,2952,1920
Asien,VAE,smart.gdrfad.gov.ae,252900,1546,1921
Asien,VAE,smartservices.icp.gov.ae,172724,1080,1920
Asien,VAE,smdf.infinitifutures.ae,3823240,6085,1920
Asien,VAE,themafia.ae,1253191,1080,1920
Asien,VAE,themoviesflix.ae,47224,1089,1920
Asien,VAE,traffic.rta.ae,11909,1080,1920
Asien,VAE,u.ae,2160616,5745,1920
Asien,VAE,ums.rta.ae,176394,1451,1920
Asien,VAE,v4.g.sabaya.ae,6945250,5516,1920
Asien,VAE,watchwrestling.ae,733458,1645,1920
Asien,VAE,www.adjd.gov.ae,1257940,3016,1920
Asien,VAE,www.albayan.ae,5240597,16107,11680
Asien,VAE,www.cleartrip.ae,26583,1080,1920
Asien,VAE,www.damanhealth.ae,2048796,5328,1920
Asien,VAE,www.dc.gov.ae,2930872,4391,1920
Asien,VAE,www.desertcart.ae,40657,1080,1920
Asien,VAE,www.dewa.gov.ae,3377981,6568,1920
Asien,VAE,www.downloadhub.ae,159196,1080,1920
Asien,VAE,www.du.ae,1002608,2952,1920
Asien,VAE,www.dubaitrade.ae,2277672,4351,1920
Asien,VAE,www.eau.ac.ae,567192,7147,1920
Asien,VAE,www.eclaimlink.ae,343626,1160,1920
Asien,VAE,www.etisalat.ae,2061379,5389,1920
Asien,VAE,www.gettyimages.ae,32599257,13696,1920
Asien,VAE,www.mariab.ae,9615318,6488,1920
Asien,VAE,www.mofa.gov.ae,2094059,5123,1920
Asien,VAE,www.mohre.gov.ae,1646346,5110,1920
Asien,VAE,www.next.ae,40726,1080,1920
Asien,VAE,www.nike.ae,6721198,9907,1920
Asien,VAE,www.ounass.ae,840074,1820,1920
Asien,VAE,www.propertyfinder.ae,48019,1080,1920
Asien,VAE,www.rakbank.ae,2454751,8415,1920
Asien,VAE,www.rta.ae,3744395,5714,1920
Asien,VAE,www.skyscanner.ae,101398,1080,1920
Asien,VAE,www.tanishq.ae,85974,1080,1920
Asien,VAE,www.theuaelottery.ae,2395769,4707,1920
Asien,VAE,www.toyota.ae,2201599,9199,1920
Asien,VAE,www.truewin.ae,1629319,1081,1920
Asien,VAE,www.wego.ae,86758,1080,1920
Südamerika,Venezuela,airtek.com.ve,3211784,6044,1920
Südamerika,Venezuela,aplicaciones.unefa.edu.ve,527919,1080,1920
Südamerika,Venezuela,aulapnfd.unem.edu.ve,86232,1080,1920
Südamerika,Venezuela,aulavirtual.unitec.edu.ve,1231685,2381,1920
Südamerika,Venezuela,autogestion.mppe.gob.ve,326783,1080,1920
Südamerika,Venezuela,carros.tucarro.com.ve,21389,1080,1920
Südamerika,Venezuela,certificacioninternacional.mijp.gob.ve,706239,1084,1920
Südamerika,Venezuela,cestaticket.com.ve,1625491,4167,1920
Südamerika,Venezuela,ceunem.unem.edu.ve,40744,1080,1920
Südamerika,Venezuela,cubitt.com.ve,2105327,15205,1920
Südamerika,Venezuela,diariovea.com.ve,1606951,7566,1920
Südamerika,Venezuela,elaragueno.com.ve,717186,2023,1920
Südamerika,Venezuela,elsiglo.com.ve,2427931,12715,1920
Südamerika,Venezuela,elsoldemargarita.com.ve,3446868,5065,1920
Südamerika,Venezuela,faovel.banavih.gob.ve,1200583,1080,1930
Südamerika,Venezuela,fibra.simple.com.ve,1141494,6041,1920
Südamerika,Venezuela,financia.ipasme.gob.ve,55970,1080,1920
Südamerika,Venezuela,inscripciones.dre.ucv.ve,539375,1080,1920
Südamerika,Venezuela,legalizacionve.mppre.gob.ve,495169,1080,1920
Südamerika,Venezuela,melbet.com.ve,257031,1080,1920
Südamerika,Venezuela,mi.vnet.com.ve,470117,1080,1920
Südamerika,Venezuela,miparley.com.ve,3597508,4923,1920
Südamerika,Venezuela,modulo7.ucab.edu.ve,360702,1080,1920
Südamerika,Venezuela,multimax.com.ve,2819599,10076,1920
Südamerika,Venezuela,myaccount.mercadolibre.com.ve,21389,1080,1920
Südamerika,Venezuela,pagos.corpoelec.com.ve,168508,1080,1920
Südamerika,Venezuela,pagos.wow.com.ve,3589677,1080,1920
Südamerika,Venezuela,pregrado.campusvirtualuba.net.ve,198224,1080,1920
Südamerika,Venezuela,primicia.com.ve,2985755,6981,1920
Südamerika,Venezuela,radio.co.ve,328744,1643,1920
Südamerika,Venezuela,registroadultomayor.minaamp.gob.ve,228584,1080,1920
Südamerika,Venezuela,registroestudiantes.fevp.gob.ve,957341,1089,1920
Südamerika,Venezuela,rentahouse.com.ve,2526983,3914,1920
Südamerika,Venezuela,secretariauba.net.ve,156698,1090,1920
Südamerika,Venezuela,sematiribarren.com.ve,1181732,1100,1920
Südamerika,Venezuela,sigesai.insai.gob.ve,987961,3489,1930
Südamerika,Venezuela,siic.saime.gob.ve,8511,1080,1920
Südamerika,Venezuela,sistemas.alcaldiagirardot.gob.ve,1694917,1080,1920
Südamerika,Venezuela,sni.opsu.gob.ve,619812,1303,1920
Südamerika,Venezuela,socrates.faces.uc.edu.ve,120450,1080,1920
Südamerika,Venezuela,supergana.com.ve,392383,2551,1920
Südamerika,Venezuela,tesoroenlinea.bt.com.ve,234170,1080,1920
Südamerika,Venezuela,totaltoolsoficial.com.ve,2439297,4925,1920
Südamerika,Venezuela,tramites.saren.gob.ve,1578917,1080,1920
Südamerika,Venezuela,ultimasnoticias.com.ve,1696729,12201,1920
Südamerika,Venezuela,unc.edu.ve,2577102,5517,1951
Südamerika,Venezuela,uneticket.com.ve,59337,1080,1920
Südamerika,Venezuela,www.bancaribe.com.ve,1594076,2919,1920
Südamerika,Venezuela,www.bancocaroni.com.ve,87362,1080,1920
Südamerika,Venezuela,www.bcv.org.ve,37499,1080,1920
Südamerika,Venezuela,www.bdt.com.ve,1480825,4001,1920
Südamerika,Venezuela,www.bfc.com.ve,667340,4169,1920
Südamerika,Venezuela,www.cinex.com.ve,954322,2884,1920
Südamerika,Venezuela,www.digitel.com.ve,5016812,7091,1920
Südamerika,Venezuela,www.familynes.ve,734329,7960,1920
Südamerika,Venezuela,www.farmatodo.com.ve,77219,1081,1920
Südamerika,Venezuela,www.guacharoactivo.com.ve,794026,4302,1920
Südamerika,Venezuela,www.ivss.gov.ve,1275397,2329,1920
Südamerika,Venezuela,www.locanto.com.ve,44267,1080,1920
Südamerika,Venezuela,www.mercadoenvios.com.ve,1371531,3649,1920
Südamerika,Venezuela,www.misionsucre.gob.ve,1020389,2268,1920
Südamerika,Venezuela,www.movistar.com.ve,1170192,3587,1920
Südamerika,Venezuela,www.multi-canal.com.ve,45913,1080,1920
Südamerika,Venezuela,www.nestle.com.ve,44208,1080,1920
Südamerika,Venezuela,www.notitarde.com.ve,2877390,5180,1920
Südamerika,Venezuela,www.saime.gob.ve,3962419,5068,1920
Südamerika,Venezuela,www.saren.gob.ve,1651449,4822,1920
Südamerika,Venezuela,www.sisgeccom.org.ve,88663,1080,1920
Südamerika,Venezuela,www.unes.com.ve,5443702,7354,1920
Südamerika,Venezuela,www20.bfc.com.ve,40063,1080,1920
Südamerika,Venezuela,www3.bancaribe.com.ve,24739,1080,1920
Afrika,Ägypten,2b.com.eg,42809,1080,1920
Afrika,Ägypten,academy.moi.gov.eg,8511,1080,1920
Afrika,Ägypten,app.etisalat.eg,37357,1080,1920
Afrika,Ägypten,aqarmap.com.eg,48061,1080,1920
Afrika,Ägypten,asu2learn.asu.edu.eg,3834004,7861,1920
Afrika,Ägypten,azhar.gov.eg,114749,1080,1920
Afrika,Ägypten,azu.edu.eg,36578,1080,1920
Afrika,Ägypten,books.google.com.eg,28352,1080,1920
Afrika,Ägypten,cservices.shmff.gov.eg,931235,1744,1920
Afrika,Ägypten,digital.gov.eg,587558,4262,1920
Afrika,Ägypten,dsl.orange.eg,513359,1705,1920
Afrika,Ägypten,dulms.deltauniv.edu.eg,1362101,1208,1970
Afrika,Ägypten,e-books.helwan.edu.eg,919752,1080,1920
Afrika,Ägypten,e-learning.msa.edu.eg,1723490,1782,1920
Afrika,Ägypten,egyptpost.gov.eg,88542,1080,1920
Afrika,Ägypten,ellibrary.moe.gov.eg,135887,1080,1920
Afrika,Ägypten,eservice.incometax.gov.eg,20647,1080,1920
Afrika,Ägypten,gate.ahram.org.eg,11202741,12265,1920
Afrika,Ägypten,hij.moi.gov.eg,19176,1080,1920
Afrika,Ägypten,inform.manpower.gov.eg,1309399,1080,1970
Afrika,Ägypten,invoicing.eta.gov.eg,548291,1080,1920
Afrika,Ägypten,jobs.caoa.gov.eg,37524,1080,1920
Afrika,Ägypten,lands.nuca.gov.eg,1408176,2066,1920
Afrika,Ägypten,lms.edaegypt.gov.eg,353590,1099,1920
Afrika,Ägypten,lms.lum.edu.eg,142357,1080,1920
Afrika,Ägypten,lms.nv.edu.eg,1500855,1208,1970
Afrika,Ägypten,lms.rst.edu.eg,2171376,1080,1920
Afrika,Ägypten,maharatech.gov.eg,4659301,6218,1920
Afrika,Ägypten,moi.gov.eg,3197622,4428,1920
Afrika,Ägypten,mom.manpower.gov.eg,110167,1316,1920
Afrika,Ägypten,moodlelms.eelu.edu.eg,1233880,1096,1920
Afrika,Ägypten,my.te.eg,77605,1080,1920
Afrika,Ägypten,myu.bu.edu.eg,2172819,1080,1920
Afrika,Ägypten,myu.helwan.edu.eg,2625707,1080,1920
Afrika,Ägypten,myu.mans.edu.eg,1096675,1080,1920
Afrika,Ägypten,portal.hu.edu.eg,2878636,1080,1920
Afrika,Ägypten,portal.nub.edu.eg,901803,1080,1920
Afrika,Ägypten,portal.pua.edu.eg,92008,1080,1920
Afrika,Ägypten,scholar.google.com.eg,37982,1080,1920
Afrika,Ägypten,sellercentral.amazon.eg,206747,1080,1920
Afrika,Ägypten,service.azhar.eg,688136,1183,1920
Afrika,Ägypten,shop.orange.eg,2310538,4632,1920
Afrika,Ägypten,sis.nmu.edu.eg,8511,1080,1920
Afrika,Ägypten,sismed.merit.edu.eg,1689740,1080,1920
Afrika,Ägypten,sls.sphinx.edu.eg,2217454,1208,1970
Afrika,Ägypten,smartlearning.must.edu.eg,112383,1080,1920
Afrika,Ägypten,student.metmans.edu.eg,419629,1080,1920
Afrika,Ägypten,studentactivities.zu.edu.eg,23874,1080,1920
Afrika,Ägypten,tagned.mod.gov.eg,20734,1080,1920
Afrika,Ägypten,tdb.tanta.edu.eg,409761,1080,1920
Afrika,Ägypten,tdb2.tanta.edu.eg,1024992,2567,17190
Afrika,Ägypten,te.eg,2390536,3000,1920
Afrika,Ägypten,traffic.moi.gov.eg,8511,1080,1920
Afrika,Ägypten,translate.google.com.eg,110164,1122,1920
Afrika,Ägypten,ums.asu.edu.eg,3135661,5262,1920
Afrika,Ägypten,web.vodafone.com.eg,673266,2075,2880
Afrika,Ägypten,winjigo-ejs.moe.gov.eg,43088,1080,1920
Afrika,Ägypten,www.alahlynet.com.eg,27108,1088,1920
Afrika,Ägypten,www.arabbank.com.eg,4338583,5224,1920
Afrika,Ägypten,www.defacto.com.eg,1129605,1151,1920
Afrika,Ägypten,www.dubizzle.com.eg,21527,1080,1920
Afrika,Ägypten,www.elections.eg,1447481,2760,1920
Afrika,Ägypten,www.etisalat.eg,37427,1080,1920
Afrika,Ägypten,www.experienceegypt.eg,5023360,6643,1920
Afrika,Ägypten,www.gafi.gov.eg,1846849,1080,1920
Afrika,Ägypten,www.jumia.com.eg,40761,1080,1920
Afrika,Ägypten,www.lcwaikiki.eg,30150,1080,1920
Afrika,Ägypten,www.moss.gov.eg,2939727,5007,1920
Afrika,Ägypten,www.nbe.com.eg,1285010,3159,1920
Afrika,Ägypten,www.nosi.gov.eg,841589,2499,1920
Afrika,Ägypten,www.orange.eg,1769632,3451,1920
Afrika,Ägypten,www.propertyfinder.eg,47907,1080,1920
Afrika,Ägypten,www.skyscanner.com.eg,101942,1080,1920
Afrika,Ägypten,www.te.eg,2390536,3000,1920
Afrika,Ägypten,www.ubuy.com.eg,85560,1136,1920
Afrika,Ägypten,yellowpages.com.eg,87490,1080,1920
Europa,Österreich,erotik.laendleanzeiger.at,2399229,5089,1920
Europa,Österreich,files.rewe.co.at,8645,1080,1920
Europa,Österreich,finanzonline.bmf.gv.at,413631,1692,1920
Europa,Österreich,geizhals.at,1348664,2820,1920
Europa,Österreich,jysk.at,1886710,6919,1920
Europa,Österreich,kaernten.orf.at,1308100,3607,1920
Europa,Österreich,kra40.at,42149,1080,1920
Europa,Österreich,litelink.at,263861,1445,1920
Europa,Österreich,lms.at,866759,5433,1920
Europa,Österreich,login.id-austria.gv.at,818004,2903,1920
Europa,Österreich,m.noen.at,3987710,28734,1920
Europa,Österreich,mods.vintagestory.at,1197176,1991,1920
Europa,Österreich,moodle.jku.at,215676,1452,1920
Europa,Österreich,moodle.univie.ac.at,113448,1080,1920
Europa,Österreich,noe.orf.at,1392946,3507,1920
Europa,Österreich,oesterreich.orf.at,937273,2885,1920
Europa,Österreich,on.orf.at,14543232,27344,7920
Europa,Österreich,salzburg.orf.at,2103036,3420,1920
Europa,Österreich,senzula.at,1133393,4046,1920
Europa,Österreich,shop.asfinag.at,409117,1631,1920
Europa,Österreich,sports.admiral.at,31311,1080,1920
Europa,Österreich,steiermark.orf.at,1887669,3283,1920
Europa,Österreich,ticker.ligaportal.at,430642,2937,1920
Europa,Österreich,tirol.orf.at,1457378,3461,1920
Europa,Österreich,tiss.tuwien.ac.at,180526,1080,1920
Europa,Österreich,tv.orf.at,2734371,4898,1920
Europa,Österreich,tvheute.at,2553077,6502,1920
Europa,Österreich,vereine.oefb.at,2853995,5257,1920
Europa,Österreich,vl69.at,1366365,1464,1920
Europa,Österreich,vorarlberg.orf.at,1375332,3670,1920
Europa,Österreich,wetter.orf.at,340788,1100,1920
Europa,Österreich,wien.orf.at,1338724,3444,1920
Europa,Österreich,wohnungssuche.wohnberatung-wien.at,131643,1080,1920
Europa,Österreich,www.5min.at,1794090,5748,1920
Europa,Österreich,www.austriansoccerboard.at,2486475,11292,1920
Europa,Österreich,www.autoscout24.at,5440395,15090,1920
Europa,Österreich,www.bauhaus.at,41261,1234,1920
Europa,Österreich,www.bonprix.at,4372118,12218,1920
Europa,Österreich,www.e-ams.at,217266,1080,1920
Europa,Österreich,www.ebay.at,1116241,2159,1920
Europa,Österreich,www.eduscho.at,1281526,12505,1920
Europa,Österreich,www.ernstings-family.at,8501054,9973,1920
Europa,Österreich,www.erotikforum.at,604475,4635,1920
Europa,Österreich,www.finanz.at,41638,1080,1920
Europa,Österreich,www.firmenabc.at,2108583,7164,1920
Europa,Österreich,www.flashscore.at,1292755,8623,1920
Europa,Österreich,www.gayboy.at,87002,1080,1920
Europa,Österreich,www.gmx.at,514684,1080,1920
Europa,Österreich,www.gutekueche.at,4236090,7359,1920
Europa,Österreich,www.hofer-reisen.at,3271566,4953,1920
Europa,Österreich,www.hofer.at,2473302,4268,1920
Europa,Österreich,www.home24.at,47198,1080,1920
Europa,Österreich,www.hornbach.at,4778341,6268,1920
Europa,Österreich,www.idealo.at,1883612,5902,1920
Europa,Österreich,www.immobilienscout24.at,278894,1222,1920
Europa,Österreich,www.laendleanzeiger.at,2876952,7320,1920
Europa,Österreich,www.laola1.at,3076027,8910,1920
Europa,Österreich,www.lidl.at,2531414,7616,1920
Europa,Österreich,www.ligaportal.at,1946331,9337,1920
Europa,Österreich,www.locanto.at,42731,1080,1920
Europa,Österreich,www.magenta.at,2710199,4931,1920
Europa,Österreich,www.mediamarkt.at,44557,1080,1920
Europa,Österreich,www.meineta.at,45010,1080,1920
Europa,Österreich,www.muenzeoesterreich.at,3940662,5787,1920
Europa,Österreich,www.nachrichten.at,3707609,14954,1920
Europa,Österreich,www.obi.at,3669726,8052,1920
Europa,Österreich,www.oe24.at,3955684,28547,1920
Europa,Österreich,www.oebb.at,2503230,5053,1954
Europa,Österreich,www.oefb.at,914970,2200,1920
Europa,Österreich,www.peek-cloppenburg.at,48327,1080,1920
Europa,Österreich,www.post.at,2970056,6143,1920
Europa,Österreich,www.salzburg24.at,3448212,12870,1920
Europa,Österreich,www.shop-apotheke.at,965087,6498,1920
Europa,Österreich,www.sn.at,5632909,17511,1920
Europa,Österreich,www.thalia.at,66152,1080,1920
Europa,Österreich,www.thomann.at,1272105,6199,1920
Europa,Österreich,www.transfermarkt.at,1570221,5923,1920
Europa,Österreich,www.trauerhilfe.at,1024920,1908,1920
Europa,Österreich,www.vinted.at,1950754,2675,1920
Europa,Österreich,www.waffengebraucht.at,2415635,4673,1920
Europa,Österreich,www.wetteronline.at,1236523,3954,1920
Europa,Österreich,www.win2day.at,480876,4670,1920
Europa,Österreich,www.xxxlutz.at,42912,1080,1920
Europa,Österreich,www.zalando.at,113080,1080,1920
Europa,Österreich,zsw.finkzeit.at,35253,1080,1920
