continent,country,domain,canonical_HTML_size,downloaded_HTML_size,number_of_meta_tags,number_of_script_tags,number_of_link_tags,total_images,character_count
Europa,Deutschland,https://m.ladies.de,7.46,10544,8,2,2,1,184
Europa,Deutschland,https://www.merkur.de,616.54,698135,13,20,15,105,31608
Europa,Deutschland,https://m.bild.de,672.63,688279,17,19,25,257,15765
Europa,Deutschland,https://www.ebay.de,754.58,778592,21,27,61,82,8591
Europa,Deutschland,https://www.kicker.de,1356.09,1563285,39,25,25,420,38944
Europa,Deutschland,https://www.spiegel.de,1878.2,1923398,30,21,33,555,36841
Europa,Deutschland,https://www.otto.de,203.93,264451,11,54,107,11,13506
Europa,Deutschland,https://www.kleinanzeigen.de,225.65,249805,21,46,11,24,6506
Europa,Deutschland,https://www.amazon.de,0.0,0,0,0,0,0,0
Europa,Deutschland,https://www.focus.de,1570.78,1606621,22,23,62,218,40254
Europa,Deutschland,https://www.joyclub.de,61.38,64166,6,44,43,10,4369
Europa,Deutschland,https://www.n-tv.de,1331.13,1367633,29,42,58,171,43495
Europa,Deutschland,https://www.t-online.de,1265.14,1360866,22,52,18,310,22507
Europa,Deutschland,https://www.welt.de,1104.08,1220604,34,158,14,85,36831
Europa,Deutschland,https://m.mobile.de,3.8,5598,2,1,0,2,942
Europa,Deutschland,https://www.abendblatt.de,1094.71,1207959,37,23,45,151,31568
Europa,Deutschland,https://www.autoscout24.de,1586.62,1635194,13,23,11,168,24549
Europa,Deutschland,https://www.tagesspiegel.de,1154.21,1183753,14,29,60,104,34891
Europa,Deutschland,https://lightmailer-bs.web.de,359.51,375876,7,16,7,144,24839
Europa,Deutschland,https://www.deine-tierwelt.de,90.71,117681,11,35,28,27,3758
Europa,Deutschland,https://www.fr.de,445.77,504172,10,19,14,77,31061
Europa,Deutschland,https://www.ardmediathek.de,461.64,473986,38,4,49,27,3931
Europa,Deutschland,https://www.gegen-hartz.de,422.94,444499,24,25,32,25,153258
Europa,Deutschland,https://www.sportschau.de,1702.85,2455104,31,6,45,310,27072
Europa,Deutschland,https://www.swr.de,270.79,278283,53,67,27,56,17383
Europa,Deutschland,https://erotik.markt.de,34.38,36804,17,14,17,2,1008
Europa,Deutschland,https://www.bahn.de,49.42,57880,18,14,31,12,2078
Europa,Deutschland,https://www.br.de,193.94,200679,30,9,4,172,13967
Europa,Deutschland,https://www.tagesschau.de,1041.4,1455825,46,7,51,64,14222
Europa,Deutschland,https://www.ruhr24.de,306.06,339395,11,22,15,73,16920
Europa,Deutschland,https://www.wort-suchen.de,165.96,195771,18,19,6,18,5675
Europa,Deutschland,https://lightmailer-bap.web.de,359.86,376234,7,16,7,144,24773
Europa,Deutschland,https://web.de,359.86,376234,7,16,7,144,24773
Europa,Deutschland,https://www.filmstarts.de,477.81,531567,40,18,11,127,9816
Europa,Deutschland,https://www.bonprix.de,424.41,661356,17,41,25,84,7014
Europa,Deutschland,https://www.immobilienscout24.de,482.53,506763,8,33,16,4,5992
Europa,Deutschland,https://www.tchibo.de,1632.92,1691277,4,3,169,36,3671
Europa,Deutschland,https://www.schwaebische.de,1136.57,1167417,16,29,14,114,15464
Europa,Deutschland,https://suchen.mobile.de,3.8,5598,2,1,0,2,942
Europa,Deutschland,https://www.dhl.de,154.46,195887,9,22,11,13,8428
Europa,Deutschland,https://www.hoerzu.de,89.53,102281,11,7,15,42,5850
Europa,Deutschland,https://www.lidl.de,1686.04,1735331,7,57,32,165,12068
Europa,Deutschland,https://www.immowelt.de,0.75,773,0,2,0,0,55
Europa,Deutschland,https://www.ernstings-family.de,526.98,543549,21,168,27,32,5684
Europa,Deutschland,https://www.morgenpost.de,1048.36,1158412,37,24,45,136,29311
Europa,Deutschland,https://www.hornbach.de,2.35,3101,2,1,2,1,226
Europa,Deutschland,https://www.rewe.de,247.69,253652,3,2,0,2,830
Europa,Deutschland,https://www.sueddeutsche.de,2051.91,2186790,28,259,8,197,24099
Europa,Deutschland,https://www.idealo.de,1101.51,1137064,9,20,21,96,12823
Europa,Deutschland,https://www.obi.de,0.0,0,0,0,0,0,0
Europa,Deutschland,https://m.tvspielfilm.de,461.72,649816,28,23,37,346,14691
Europa,Deutschland,https://www.mediamarkt.de,1050.66,1080808,18,17,52,46,17982
Europa,Deutschland,https://www.hna.de,490.36,564755,13,19,12,91,28687
Europa,Deutschland,https://www.pornpics.de,71.31,78179,11,8,25,180,2359
Europa,Deutschland,https://www.mobile.de,3.8,5598,2,1,0,2,942
Europa,Deutschland,https://www.zeit.de,922.33,1122900,29,184,47,137,64353
Europa,Deutschland,https://www.thomann.de,484.68,637540,14,49,38,165,9148
Europa,Deutschland,https://www.chip.de,551.11,658227,12,41,68,192,19876
Europa,Deutschland,https://www.arbeitsagentur.de,184.66,190714,15,67,13,7,2962
Europa,Deutschland,https://www.gala.de,285.71,292685,40,53,16,94,10996
Europa,Deutschland,https://www.markt.de,111.86,124530,17,22,16,22,8129
Europa,Deutschland,https://www.finya.de,30.24,40371,15,5,6,9,5287
Europa,Deutschland,https://www.rs-pankratz.de,2.1,2431,2,0,0,0,55
Europa,Deutschland,https://www.ndr.de,196.81,307740,28,3,13,56,9685
Europa,Deutschland,https://www.qvc.de,316.61,367034,9,36,17,119,16446
Europa,Deutschland,https://www.stern.de,381.7,430046,30,5,7,121,24915
Europa,Deutschland,https://www.vinted.de,2273.49,2337430,15,238,60,27,2229
Europa,Deutschland,https://www.sport.de,714.15,734160,25,41,10,543,36677
Europa,Deutschland,https://web.arbeitsagentur.de,175.53,180189,14,63,13,8,2970
Europa,Deutschland,https://www.bild.de,688.69,704723,17,19,26,217,21946
Europa,Deutschland,https://www.fernsehserien.de,109.56,112581,29,27,20,23,7949
Europa,Deutschland,https://www.chefkoch.de,569.24,582880,18,15,23,142,7343
Europa,Deutschland,https://www.fussball.de,134.69,157484,19,19,9,29,10296
Europa,Deutschland,https://www.nordkurier.de,1140.6,1171273,16,29,14,121,15417
Europa,Deutschland,https://www.wetteronline.de,193.86,209301,21,53,15,24,6381
Europa,Deutschland,https://www.gamestar.de,605.38,620505,29,56,43,155,45386
Europa,Deutschland,https://www.thalia.de,28.71,31272,3,2,0,0,542
Europa,Deutschland,https://www.sport1.de,723.2,753935,20,53,25,60,2663
Europa,Deutschland,https://www.einfachbacken.de,1189.27,1219520,26,41,69,131,6313
Europa,Deutschland,https://www.joyn.de,137.24,140662,20,57,66,9,1138
Europa,Deutschland,https://aida.de,0.27,355,0,0,0,0,199
Europa,Deutschland,https://www.dm.de,10.29,10979,5,30,30,1,50
Europa,Deutschland,https://www.quoka.de,142.77,171830,16,16,4,2,7880
Europa,Deutschland,https://www.tripadvisor.de,0.76,776,0,2,0,0,58
Europa,Deutschland,https://rp-online.de,711.56,973315,44,27,18,98,32508
Europa,Deutschland,https://www.mdr.de,228.67,243815,34,9,29,111,26081
Europa,Deutschland,https://www.gold.de,112.22,115296,27,4,9,101,10539
Europa,Deutschland,https://www.presseportal.de,128.09,135894,8,23,15,30,14828
Europa,Deutschland,https://www.kino.de,399.74,424483,41,22,10,158,19030
Europa,Deutschland,https://www.parfumo.de,101.44,111854,10,16,21,141,7485
Europa,Deutschland,https://www.skyscanner.de,0.7,708,4,2,4,0,10
Europa,Deutschland,https://www.thueringer-allgemeine.de,995.12,1096439,37,25,45,144,29685
Europa,Deutschland,https://www1.wdr.de,482.28,497739,17,91,41,92,16493
Europa,Deutschland,https://utopia.de,282.71,301611,17,41,63,96,12818
Europa,Deutschland,https://jysk.de,283.1,342066,11,24,28,32,3752
Europa,Deutschland,https://toom.de,714.24,735748,12,20,10,40,7028
Europa,Deutschland,https://www.desired.de,208.8,231012,40,15,22,100,11576
Europa,Frankreich,https://actu.fr,117.96,158048,32,14,11,69,10272
Europa,Frankreich,https://www.lefigaro.fr,803.99,1131443,52,52,231,331,43383
Europa,Frankreich,https://m.flashscore.fr,39.24,41210,12,11,8,5,12428
Europa,Frankreich,https://www.amazon.fr,0.0,0,0,0,0,0,0
Europa,Frankreich,https://www.lequipe.fr,1183.83,1201038,24,18,10,174,17400
Europa,Frankreich,https://www.vinted.fr,2312.07,2381149,15,257,61,29,2663
Europa,Frankreich,https://www.leparisien.fr,3746.72,3886449,39,19,12,214,31411
Europa,Frankreich,https://www.allocine.fr,526.81,581874,39,16,11,137,11205
Europa,Frankreich,https://www.leroymerlin.fr,0.76,776,0,2,0,0,58
Europa,Frankreich,https://www.leboncoin.fr,0.75,773,0,2,0,0,56
Europa,Frankreich,https://www.franceinfo.fr,1444.4,1701023,35,73,102,628,38435
Europa,Frankreich,https://www.ladepeche.fr,319.54,472159,23,7,21,129,49102
Europa,Frankreich,https://www.ouest-france.fr,13.95,15323,2,0,6,0,255
Europa,Frankreich,https://france3-regions.franceinfo.fr,651.99,807782,26,16,20,115,42715
Europa,Frankreich,https://www.lemonde.fr,514.79,536327,65,25,30,110,19776
Europa,Frankreich,https://cfspart-idp.impots.gouv.fr,77.57,113542,8,16,10,5,8179
Europa,Frankreich,https://www.zone-turf.fr,137.32,158215,17,49,16,119,20243
Europa,Frankreich,https://www.carrefour.fr,562.13,575621,3,2,3,1,167
Europa,Frankreich,https://www.rtl.fr,1327.2,1528720,23,5,1,94,23609
Europa,Frankreich,https://www.but.fr,208.08,219540,9,56,5,34,6995
Europa,Frankreich,https://www.midilibre.fr,274.06,421787,23,7,19,125,41433
Europa,Frankreich,https://www.zalando.fr,128.92,132449,5,17,12,0,178
Europa,Frankreich,https://www.service-public.gouv.fr,46.58,53255,22,18,8,16,3885
Europa,Frankreich,https://www.liberation.fr,0.76,775,0,2,0,0,57
Europa,Frankreich,https://www.laredoute.fr,633.56,653754,2,2,2,0,250
Europa,Frankreich,https://actu.orange.fr,173.72,306965,24,18,9,74,4864
Europa,Frankreich,https://www.letelegramme.fr,310.63,341615,25,9,26,123,37504
Europa,Frankreich,https://www.labanquepostale.fr,140.35,226898,12,9,10,20,15648
Europa,Frankreich,https://www.creditmutuel.fr,30.72,35752,12,23,16,15,3372
Europa,Frankreich,https://m.turfomania.fr,6.82,6980,5,1,0,0,16
Europa,Frankreich,https://www.auchan.fr,148.32,161160,23,110,36,58,6453
Europa,Frankreich,https://assure.ameli.fr,0.34,334,0,1,0,0,141
Europa,Frankreich,https://www.gala.fr,490.48,641280,26,35,133,220,21465
Europa,Frankreich,https://www.bricodepot.fr,489.22,508368,8,28,14,43,52441
Europa,Frankreich,https://www.lanouvellerepublique.fr,0.9,919,1,0,0,0,553
Europa,Frankreich,https://www.lindependant.fr,291.34,445470,23,7,19,110,48137
Europa,Frankreich,https://www.radiofrance.fr,1977.33,2019656,21,10,78,258,39517
Europa,Frankreich,https://cuisine.journaldesfemmes.fr,197.76,227622,24,23,36,17,4868
Europa,Frankreich,https://www.electrodepot.fr,331.72,362409,8,54,20,80,11153
Europa,Frankreich,https://www.huffingtonpost.fr,184.1,191379,39,18,12,45,8971
Europa,Frankreich,https://www.lesechos.fr,0.28,369,0,0,0,0,209
Europa,Frankreich,https://www.francetravail.fr,22.68,23206,4,4,6,0,18
Europa,Frankreich,https://www.journaldesfemmes.fr,257.14,330377,24,23,36,78,9271
Europa,Frankreich,https://www.sudouest.fr,390.48,573160,53,24,43,198,45410
Europa,Frankreich,https://www.tf1info.fr,1586.17,1633616,36,40,113,295,39417
Europa,Frankreich,https://www.laposte.fr,246.4,249780,10,80,14,50,4543
Europa,Frankreich,https://www.cnews.fr,120.08,144073,30,9,30,92,10080
Europa,Frankreich,https://www.lepoint.fr,2626.57,2730467,20,21,14,91,16557
Europa,Frankreich,https://cfspart.impots.gouv.fr,77.57,113542,8,16,10,5,8179
Europa,Frankreich,https://www.pappers.fr,6.84,7000,5,1,0,0,16
Europa,Frankreich,https://www.folieporno.fr,60.05,87594,15,15,6,25,2073
Europa,Frankreich,https://zimbra.free.fr,16.67,21774,7,6,6,13,1724
Europa,Frankreich,https://www.zeturf.fr,210.98,280772,6,20,18,2,10704
Europa,Frankreich,https://particuliers.sg.fr,97.34,122039,26,26,9,35,6361
Europa,Frankreich,https://webmail.sfr.fr,14.03,19911,4,8,2,5,2191
Europa,Frankreich,https://www.flashscore.fr,153.72,178987,17,59,46,6,6060
Europa,Frankreich,https://www.doctolib.fr,1466.49,1529888,15,13,3,4,1734
Europa,Frankreich,https://voscomptesenligne.labanquepostale.fr,1.12,1181,5,4,2,0,27
Europa,Frankreich,https://www.pornoplus.fr,252.72,350911,27,32,11,78,8916
Europa,Frankreich,https://www.intersport.fr,0.76,774,0,2,0,0,57
Europa,Frankreich,https://journaldesseniors.20minutes.fr,172.93,181808,20,35,35,38,4790
Europa,Frankreich,https://mobile.free.fr,130.79,134966,24,14,11,55,12808
Europa,Frankreich,https://oidc.franceconnect.gouv.fr,3.37,4187,3,4,9,1,212
Europa,Frankreich,https://www.conforama.fr,6.82,6981,5,1,0,0,16
Europa,Frankreich,https://www.pagesjaunes.fr,7.63,8019,4,2,1,1,159
Europa,Frankreich,https://www.fdj.fr,0.75,768,0,2,0,0,50
Europa,Frankreich,https://www.tube8.fr,344.21,477092,13,33,53,82,9339
Europa,Frankreich,https://www.tf1.fr,4941.21,5074178,32,93,36,586,16954
Europa,Frankreich,https://www.eurosport.fr,763.47,783316,24,65,33,18,6069
Europa,Frankreich,https://www.ebay.fr,673.96,698447,21,27,61,32,5715
Europa,Frankreich,https://www.tripadvisor.fr,0.76,776,0,2,0,0,58
Europa,Frankreich,https://www.credit-agricole.fr,204.58,408843,9,60,7,18,10865
Europa,Frankreich,https://toutelatele.ouest-france.fr,67.73,83098,10,7,8,53,4557
Europa,Frankreich,https://www.20minutes.fr,872.38,895676,13,22,8,184,27408
Europa,Frankreich,https://www.ameli.fr,77.96,88713,12,14,5,27,4125
Europa,Frankreich,https://www.decathlon.fr,6.8,6960,5,1,0,0,16
Europa,Frankreich,https://www.naturabuy.fr,481.27,731533,14,31,25,217,33086
Europa,Frankreich,https://www.leprogres.fr,495.77,910535,19,29,16,130,29103
Europa,Frankreich,https://www.meteociel.fr,134.67,158180,5,17,9,87,3729
Europa,Frankreich,https://www.francebleu.fr,1005.98,1034873,32,26,48,119,62227
Europa,Frankreich,https://www.impots.gouv.fr,238.73,268987,14,6,9,10,5059
Europa,Frankreich,https://www.rugbyrama.fr,217.28,293702,23,7,16,89,23859
Europa,Frankreich,https://la1ere.franceinfo.fr,340.69,428876,26,16,14,94,11778
Europa,Frankreich,https://immobilier.lefigaro.fr,6.85,7008,5,1,0,0,16
Europa,Frankreich,https://www.fsolver.fr,5.24,5774,5,5,1,0,777
Europa,Frankreich,https://www.ffhandball.fr,652.5,681693,13,17,15,0,89
Europa,Frankreich,https://www.lidl.fr,1677.7,1721677,7,54,31,168,11883
Europa,Frankreich,https://www.grazia.fr,458.09,476689,19,91,25,74,9590
Europa,Frankreich,https://www.messagerie.bbox.bouyguestelecom.fr,0.43,442,0,0,0,0,297
Europa,Frankreich,https://www.veepee.fr,494.9,513193,7,63,20,1,521
Europa,Frankreich,https://sports.orange.fr,88.36,104556,22,15,8,50,8254
Europa,Frankreich,https://trucmania.ouest-france.fr,68.97,73651,19,27,32,18,2499
Europa,Frankreich,https://www.chronopost.fr,6.74,6896,5,1,0,0,16
Europa,Frankreich,https://www.lacentrale.fr,0.76,775,0,2,0,0,57
Europa,Frankreich,https://www.legifrance.gouv.fr,6.85,7008,5,1,0,0,16
Europa,Frankreich,https://www.lassuranceretraite.fr,84.37,91129,5,14,4,33,5627
Europa,Frankreich,https://www.pokepedia.fr,72.28,76671,6,4,11,37,5328
Europa,Frankreich,https://www.sfr.fr,130.63,140707,16,10,11,23,19824
Europa,UK,https://www.rightmove.co.uk,266.29,310230,3,13,3,4,3352
Europa,UK,https://www.universal-credit.service.gov.uk,16.34,18580,12,6,7,0,1496
Europa,UK,https://www.ebay.co.uk,848.76,873640,22,27,61,100,9174
Europa,UK,https://www.bbc.co.uk,617.33,632808,23,55,22,83,10850
Europa,UK,https://www.autotrader.co.uk,6.93,7091,5,1,0,0,16
Europa,UK,https://www.gov.uk,74.1,85170,21,7,8,4,5425
Europa,UK,https://www.telegraph.co.uk,0.29,377,0,0,0,0,213
Europa,UK,https://www.independent.co.uk,445.38,449759,24,27,16,132,14563
Europa,UK,https://www.argos.co.uk,1535.99,1573570,4,23,19,42,22581
Europa,UK,https://www.amazon.co.uk,0.0,0,0,0,0,0,0
Europa,UK,https://www.zoopla.co.uk,6.82,6981,5,1,0,0,16
Europa,UK,https://www.express.co.uk,505.83,516163,24,84,38,190,24364
Europa,UK,https://www.next.co.uk,351.36,368094,9,117,49,54,3008
Europa,UK,https://www.tax.service.gov.uk,111.58,128742,24,9,9,21,8970
Europa,UK,https://www.very.co.uk,292.36,299726,33,71,20,15,29335
Europa,UK,https://www.vinted.co.uk,2312.98,2371761,15,250,61,49,2774
Europa,UK,https://tfl.gov.uk,123.77,169166,25,33,14,6,9574
Europa,UK,https://www.thesun.co.uk,1072.27,1136594,31,67,79,92,13684
Europa,UK,https://burntsoup.co.uk,58.22,69578,31,15,6,49,2566
Europa,UK,https://alpha123.uk,52.32,82706,23,6,15,0,586
Europa,UK,https://sellercentral.amazon.co.uk,200.31,206764,15,35,5,21,2946
Europa,UK,https://www.flashscore.co.uk,159.88,185723,16,60,71,6,6044
Europa,UK,https://tuclothing.sainsburys.co.uk,1282.38,1312308,5,26,12,50,24163
Europa,UK,https://www.tripadvisor.co.uk,0.76,779,0,2,0,0,61
Europa,UK,https://www.johnpyeauctions.co.uk,6.87,7033,5,1,0,0,16
Europa,UK,https://www.matalan.co.uk,1376.89,1412241,11,51,14,46,11816
Europa,UK,https://www.vivastreet.co.uk,113.42,140411,4,8,19,9,8126
Europa,UK,https://www.currys.co.uk,6.17,6683,5,5,1,0,645
Europa,UK,https://www.ancestry.co.uk,528.56,542463,7,2,0,1,225
Europa,UK,https://weather.metoffice.gov.uk,90.92,92965,23,35,28,143,7774
Europa,UK,https://www.mirror.co.uk,1018.85,1078711,75,47,47,1,18685
Europa,UK,https://www.nhs.uk,30.41,39700,27,10,9,0,2325
Europa,UK,https://www.ladybanana.co.uk,38.24,39324,19,3,30,50,3246
Europa,UK,https://find-and-update.company-information.service.gov.uk,28.08,32566,6,18,12,1,1749
Europa,UK,https://www.tui.co.uk,0.28,369,0,0,0,0,205
Europa,UK,https://nptf.co.uk,4.96,5493,5,4,1,0,782
Europa,UK,https://struanhomes.co.uk,4.96,5493,5,4,1,0,782
Europa,UK,https://www.therange.co.uk,6.87,7025,5,1,0,0,16
Europa,UK,https://online.hl.co.uk,258.38,265304,34,16,8,11,9328
Europa,UK,https://www.jobsatamazon.co.uk,0.9,919,1,0,0,0,553
Europa,UK,https://www.lidl.co.uk,1222.62,1270350,7,49,27,42,4169
Europa,UK,https://www.standard.co.uk,353.05,364079,14,21,17,90,7927
Europa,UK,https://www.walesonline.co.uk,1764.96,1830540,91,39,36,203,36216
Europa,UK,https://m.flashscore.co.uk,38.82,40742,12,12,8,4,9543
Europa,UK,https://ee.co.uk,159.49,163907,18,47,29,43,4099
Europa,UK,https://salutemusic.uk,45.65,73498,66,9,20,26,9933
Europa,UK,https://secure.halifax-online.co.uk,528.75,555270,3,0,1,0,428
Europa,UK,https://metro.co.uk,589.98,616527,34,45,22,138,18427
Europa,UK,https://m.spareroom.co.uk,69.12,79265,28,14,20,19,3674
Europa,UK,https://www.freeads.co.uk,6.84,7003,5,1,0,0,16
Europa,UK,https://universe.dpdgroup.co.uk,1236.01,1267278,5,6,1,1,391
Europa,UK,https://www.sainsburys.co.uk,0.29,378,0,0,0,0,214
Europa,UK,https://dunloprallytyres.co.uk,4.07,4575,5,3,1,0,783
Europa,UK,https://m.jdsports.co.uk,372.19,413127,29,31,131,84,13564
Europa,UK,https://www.google.co.uk,49.49,50405,2,11,0,1,296
Europa,UK,https://faroutmagazine.co.uk,746.47,767093,28,25,19,286,31700
Europa,UK,https://www.yodel.co.uk,108.8,121614,24,22,7,10,3686
Europa,UK,https://www.lse.co.uk,6.74,6893,5,1,0,0,16
Europa,UK,https://www.coral.co.uk,407.91,426723,5,21,56,0,5
Europa,UK,https://www.newsnow.co.uk,255.76,277038,12,52,52,3,36164
Europa,UK,https://secure.lloydsbank.co.uk,510.04,582186,3,2,1,1,423
Europa,UK,https://c.newsnow.co.uk,15.77,18241,11,7,41,3,570
Europa,UK,https://www.manchestereveningnews.co.uk,1409.12,1467593,44,39,36,206,37875
Europa,UK,https://www.jobs.nhs.uk,21.22,25646,11,6,10,0,1965
Europa,UK,https://www.dailyrecord.co.uk,1334.44,1389946,59,40,36,169,37302
Europa,UK,https://www.sportsmole.co.uk,163.14,199528,83,8,12,134,10857
Europa,UK,https://www.stevetonksgardendesign.co.uk,199.42,207532,12,17,17,21,6173
Europa,UK,https://funeral-notices.co.uk,268.99,301991,6,11,18,43,7675
Europa,UK,https://m.shein.co.uk,802.47,830098,12,35,84,22,459
Europa,UK,https://www.just-eat.co.uk,4.04,4517,5,3,1,0,757
Europa,UK,https://www.openrent.co.uk,191.26,220811,17,42,15,61,10760
Europa,UK,https://www.realtimetrains.co.uk,16.27,22472,7,9,10,0,924
Europa,UK,https://www.roman.co.uk,259.05,261521,23,19,13,85,8068
Europa,UK,https://www.ticketmaster.co.uk,473.72,485453,16,45,3,13,2934
Europa,UK,https://learn2.open.ac.uk,0.43,564,0,1,0,0,15
Europa,UK,https://onlinebanking.nationwide.co.uk,12.8,16020,14,20,7,1,203
Europa,UK,https://www.liverpoolecho.co.uk,1352.3,1409270,45,41,36,196,31842
Europa,UK,https://www.birminghammail.co.uk,1061.53,1110769,45,39,36,186,38298
Europa,UK,https://www.bmstores.co.uk,511.11,522866,5,23,8,50,31455
Europa,UK,https://www.shein.co.uk,1027.5,1061186,9,34,121,42,999
Europa,UK,https://www.wickes.co.uk,421.47,477930,10,43,17,50,14764
Europa,UK,https://inews.co.uk,277.13,300103,27,36,31,69,13727
Europa,UK,https://auth.next.co.uk,303.19,319359,7,108,43,10,3371
Europa,UK,https://identity.company-information.service.gov.uk,0.0,0,0,0,0,0,0
Europa,UK,https://myportal-uat-blue.northumbria.ac.uk,259.9,370497,28,4,9,356,10704
Europa,UK,https://moodle.gla.ac.uk,2.6,3146,3,2,2,0,149
Europa,UK,https://its.co.uk,629.73,679001,9,136,20,125,3405
Europa,UK,https://bank.barclays.co.uk,8.82,12991,3,24,3,1,41
Europa,UK,https://luxury3.gameassists.co.uk,6.89,7053,5,1,0,0,16
Europa,UK,https://my.freeads.co.uk,6.84,7002,5,1,0,0,16
Europa,UK,https://apply.jobs.scot.nhs.uk,99.93,122075,5,27,7,4,4134
Europa,UK,https://www.autodoc.co.uk,6.85,7007,5,1,0,0,16
Europa,UK,https://www.anglingdirect.co.uk,119.96,150008,8,44,16,22,8181
Europa,UK,https://49s.co.uk,9.6,9795,5,16,18,0,4
Europa,UK,https://www.fool.co.uk,359.57,372316,16,48,50,15,8688
Europa,UK,https://www.alquds.co.uk,248.48,341489,19,33,27,97,2423
Europa,Italien,https://www.gazzetta.it,344.91,417635,27,38,29,154,25574
Europa,Italien,https://www.repubblica.it,402.26,496045,20,19,26,227,25327
Europa,Italien,https://www.annunci69.it,6.76,6917,5,1,0,0,16
Europa,Italien,https://www.corriere.it,697.14,904455,23,38,27,235,53711
Europa,Italien,https://www.ilmeteo.it,322.37,366601,29,41,38,40,10098
Europa,Italien,https://www.ilfattoquotidiano.it,668.37,921820,20,81,22,604,33274
Europa,Italien,https://www.amazon.it,0.0,0,0,0,0,0,0
Europa,Italien,https://www.immobiliare.it,0.76,776,0,2,0,0,58
Europa,Italien,https://www.subito.it,0.28,367,0,0,0,0,207
Europa,Italien,https://www.diretta.it,138.89,162503,18,57,46,4,5287
Europa,Italien,https://www.ebay.it,895.36,912706,22,30,57,102,8106
Europa,Italien,https://www.ilmessaggero.it,564.66,602859,18,102,51,167,27681
Europa,Italien,https://kahoot.it,4.05,5272,6,5,4,0,7
Europa,Italien,https://www.idealista.it,0.75,772,0,2,0,0,56
Europa,Italien,https://www.autoscout24.it,1020.61,1054412,13,23,9,108,18669
Europa,Italien,https://www.hdblog.it,90.3,103309,15,25,23,66,7858
Europa,Italien,https://www.fattoincasadabenedetta.it,6.88,7037,5,1,0,0,16
Europa,Italien,https://www.lotto-italia.it,253.64,263067,6,86,22,27,9998
Europa,Italien,https://www.goldbet.it,0.28,366,0,0,0,0,206
Europa,Italien,https://www.lastampa.it,477.87,581962,25,31,25,339,36486
Europa,Italien,https://www.vanityfair.it,1382.55,1426439,34,39,8,45,5388
Europa,Italien,https://mediasetinfinity.mediaset.it,5405.88,5540848,34,1168,8,639,81695
Europa,Italien,https://ippica.snai.it,96.07,137766,8,4,9,0,2663
Europa,Italien,https://www.casa.it,0.75,769,0,2,0,0,51
Europa,Italien,https://www.ilpost.it,217.96,224252,28,29,33,26,7868
Europa,Italien,https://www.ansa.it,409.68,739145,15,46,12,178,29670
Europa,Italien,https://www.rainews.it,1957.72,2009769,30,15,21,3,2053
Europa,Italien,https://areariservata.subito.it,0.29,375,0,0,0,0,215
Europa,Italien,https://login.libero.it,25.98,31726,7,21,10,12,273
Europa,Italien,https://www.planetwin365.it,0.29,373,0,0,0,0,213
Europa,Italien,https://www.leroymerlin.it,0.76,774,0,2,0,0,58
Europa,Italien,https://m.betflag.it,0.28,364,0,0,0,0,204
Europa,Italien,https://nuvola.madisoft.it,4.68,5895,5,3,2,1,654
Europa,Italien,https://www.tgcom24.mediaset.it,2156.25,2211215,33,403,41,286,28392
Europa,Italien,https://www.tecnomat.it,0.75,773,0,2,0,0,55
Europa,Italien,https://justpaste.it,6.09,7443,11,15,16,1,125
Europa,Italien,https://tg24.sky.it,467.79,558563,32,23,18,160,10422
Europa,Italien,https://ricette.giallozafferano.it,232.31,269629,17,42,56,22,6781
Europa,Italien,https://www.poste.it,179.66,240469,21,19,26,31,12626
Europa,Italien,https://www.sportmediaset.mediaset.it,2264.25,2322208,33,460,39,280,25927
Europa,Italien,https://www.tripadvisor.it,0.76,776,0,2,0,0,58
Europa,Italien,https://m.nirvam.it,34.8,36511,9,5,11,6,6649
Europa,Italien,https://www.borsaitaliana.it,60.99,75402,14,56,12,19,3294
Europa,Italien,https://www.ilgazzettino.it,646.56,685219,17,58,54,161,32551
Europa,Italien,https://www.inps.it,344.83,761641,21,18,26,22,45822
Europa,Italien,https://www.decathlon.it,6.78,6938,5,1,0,0,16
Europa,Italien,https://www.lottomatica.it,0.28,370,0,0,0,0,210
Europa,Italien,https://www.portaleargo.it,24.48,45369,6,7,12,3,1445
Europa,Italien,https://www.zalando.it,128.08,131326,5,16,12,0,199
Europa,Italien,https://blog.giallozafferano.it,14.41,15535,9,7,8,5,3024
Europa,Italien,https://sport.sky.it,871.9,1019934,32,24,24,268,22171
Europa,Italien,https://www.lidl.it,1290.57,1331291,6,52,28,49,4360
Europa,Italien,https://www.vinted.it,2369.13,2431545,15,248,61,49,2997
Europa,Italien,https://www.leggo.it,452.01,480219,17,41,47,105,25946
Europa,Italien,https://www.la7.it,685.7,707647,16,44,5,9,6456
Europa,Italien,https://cassetto.agenziaentrate.gov.it,1.94,2656,1,1,1,6,42
Europa,Italien,https://sister.agenziaentrate.gov.it,0.28,289,2,0,0,0,9
Europa,Italien,https://www.iliad.it,50.26,73215,15,19,26,71,8993
Europa,Italien,https://www.ilgiornale.it,283.84,314757,21,27,80,114,19090
Europa,Italien,https://www.fantacalcio.it,126.52,163613,224,9,18,112,8348
Europa,Italien,https://www.raiplay.it,1545.61,1583163,33,22,11,126,4125
Europa,Italien,https://www.trovaprezzi.it,0.76,774,0,2,0,0,58
Europa,Italien,https://www.orizzontescuola.it,428.67,457808,18,14,24,176,33731
Europa,Italien,https://www.tim.it,350.7,473522,21,128,38,103,20170
Europa,Italien,https://posteid.poste.it,35.83,44446,15,41,12,13,4834
Europa,Italien,https://www.comingsoon.it,169.58,174942,15,22,18,128,14498
Europa,Italien,https://www.fanpage.it,0.28,366,0,0,0,0,206
Europa,Italien,https://www.skyscanner.it,0.7,708,4,2,4,0,10
Europa,Italien,https://www.tuttocampo.it,514.19,529496,23,23,21,267,92318
Europa,Italien,https://www.bet365.it,4.04,4512,5,3,1,0,752
Europa,Italien,https://serviziweb2.inps.it,344.83,761641,21,18,26,22,45822
Europa,Italien,https://m.my-personaltrainer.it,427.55,476240,15,23,60,81,9678
Europa,Italien,https://www.agenziaentrate.gov.it,72.47,82638,16,33,11,13,3381
Europa,Italien,https://www.ecoblog.it,198.14,253065,14,20,24,38,9655
Europa,Italien,https://www.fcinter1908.it,185.57,211863,18,34,29,73,11510
Europa,Italien,https://www.tropismi.it,70.98,72793,12,21,15,20,2850
Europa,Italien,https://www.iodonna.it,174.47,223082,24,77,43,46,6639
Europa,Italien,https://www.money.it,180.4,295875,15,53,25,127,16467
Europa,Italien,https://www.cookist.it,296.18,330311,17,14,23,91,6737
Europa,Italien,https://www.mobilitasostenibile.it,110.88,122640,17,27,16,76,4940
Europa,Italien,https://www.ilmattino.it,473.47,505505,18,53,55,180,23651
Europa,Italien,https://ivaservizi.agenziaentrate.gov.it,28.81,36144,5,29,16,3,553
Europa,Italien,https://servizi2.inps.it,0.11,123,1,0,0,0,0
Europa,Italien,https://iampe.agenziaentrate.gov.it,0.83,848,7,2,1,0,30
Europa,Italien,https://www.deghi.it,535.93,551119,14,11,17,10,2997
Europa,Italien,https://questure.poliziadistato.it,30.18,36605,6,17,13,12,3484
Europa,Italien,https://www.brocardi.it,67.05,83714,18,29,5,10,14331
Europa,Italien,https://www.ilgiorno.it,890.41,915879,38,28,22,103,23463
Europa,Italien,https://www.ildolomiti.it,114.45,117655,18,15,22,99,16255
Europa,Italien,https://www.mediaworld.it,6.87,7024,5,1,0,0,16
Europa,Italien,https://www.meteolive.it,387.62,431796,28,52,59,149,13136
Europa,Italien,https://www.miodottore.it,167.99,205221,12,20,30,27,9309
Europa,Italien,https://www.wittytv.it,159.96,244489,37,65,50,53,10006
Europa,Italien,https://nonsolofesta.it,162.74,167841,21,11,11,14,4755
Europa,Italien,https://www.giornalone.it,99.92,103341,13,13,18,199,9657
Europa,Italien,https://www.eurosport.it,781.86,801446,23,65,33,20,6413
Europa,Italien,https://www.superguidatv.it,435.68,449394,22,65,36,191,14516
Europa,Spanien,https://www.eltiempo.es,175.28,281884,18,32,31,7,3076
Europa,Spanien,https://www.amazon.es,0.0,0,0,0,0,0,0
Europa,Spanien,https://www.xnxx.es,111.6,114521,7,11,14,1,1389
Europa,Spanien,https://www.abc.es,329.74,340277,42,25,40,79,12085
Europa,Spanien,https://www.elmundo.es,449.41,482187,30,66,11,45,18333
Europa,Spanien,https://www.xvideos.es,180.92,189034,9,57,18,49,7118
Europa,Spanien,https://cloud.aeolservice.es,45.22,50961,7,27,13,3,1921
Europa,Spanien,https://www.20minutos.es,397.96,417314,50,14,24,194,28650
Europa,Spanien,https://www.fotocasa.es,11.83,12591,6,4,0,1,425
Europa,Spanien,https://www.heraldo.es,410.32,428441,44,19,29,123,15520
Europa,Spanien,https://www.clara.es,202.98,208968,27,29,18,133,11847
Europa,Spanien,https://www.tripadvisor.es,0.76,776,0,2,0,0,58
Europa,Spanien,https://www.larazon.es,971.4,1000276,40,17,21,182,25206
Europa,Spanien,https://dle.rae.es,6.8,6953,5,1,0,0,16
Europa,Spanien,https://sede.sepe.gob.es,46.07,58824,8,28,14,20,5969
Europa,Spanien,https://www.eleconomista.es,410.55,429913,601,48,4,142,19730
Europa,Spanien,https://sede.agenciatributaria.gob.es,63.92,65932,4,1,2,8,8208
Europa,Spanien,https://aules.edu.gva.es,80.13,87226,14,22,30,10,2863
Europa,Spanien,https://www.turismosocial.es,14.88,23335,4,9,3,8,1510
Europa,Spanien,https://www.decathlon.es,6.78,6938,5,1,0,0,16
Europa,Spanien,https://amp.elmundo.es,0.14,153,0,0,0,0,40
Europa,Spanien,https://portal.seg-social.gob.es,69.04,79672,4,49,20,24,3715
Europa,Spanien,https://www.loteriasyapuestas.es,0.29,374,0,0,0,0,214
Europa,Spanien,https://www.aemet.es,60.98,69725,23,17,28,54,4733
Europa,Spanien,https://www.eldiario.es,484.77,914220,21,34,30,201,31561
Europa,Spanien,https://www.leroymerlin.es,0.76,776,0,2,0,0,58
Europa,Spanien,https://www.obramat.es,0.75,770,0,2,0,0,54
Europa,Spanien,https://www.tvguia.es,172.19,184247,11,20,9,54,11977
Europa,Spanien,https://www.telecinco.es,0.28,368,0,0,0,0,208
Europa,Spanien,https://www.lavozdegalicia.es,313.1,443365,26,69,22,92,20863
Europa,Spanien,https://www.carrefour.es,4.96,5457,5,4,1,0,759
Europa,Spanien,https://www.juegosonce.es,175.42,255180,11,35,16,95,7921
Europa,Spanien,https://www.lidl.es,308.85,343902,12,50,28,66,54130
Europa,Spanien,https://www.skyscanner.es,0.7,708,4,2,4,0,10
Europa,Spanien,https://www.flashscore.es,151.92,177474,16,60,55,4,6121
Europa,Spanien,https://www.fotogramas.es,521.15,535546,19,54,7,69,6496
Europa,Spanien,https://www.sport.es,962.55,997474,16,31,30,189,17226
Europa,Spanien,https://www.semana.es,213.17,221673,24,31,19,181,11715
Europa,Spanien,https://www.rtve.es,795.8,1193401,18,7,3,987,49934
Europa,Spanien,https://historia.nationalgeographic.com.es,185.88,192233,28,28,24,121,13143
Europa,Spanien,https://www.arquitecturaydiseno.es,0.29,378,0,0,0,0,218
Europa,Spanien,https://www.freepik.es,3.69,4092,2,0,17,2,324
Europa,Spanien,https://www.cope.es,610.87,762124,38,27,17,225,54007
Europa,Spanien,https://www.lasprovincias.es,889.67,922504,36,40,29,285,37531
Europa,Spanien,https://www.bet365.es,4.04,4512,5,3,1,0,752
Europa,Spanien,https://familia.edu.gva.es,4.66,5671,5,5,2,1,291
Europa,Spanien,https://www.eldiariomontanes.es,807.92,839253,36,33,29,281,33875
Europa,Spanien,https://www.elmira.es,566.34,657341,36,36,23,109,15675
Europa,Spanien,https://www.mundicolor.es,28.09,46919,4,13,4,10,2504
Europa,Spanien,https://www.orange.es,187.12,256666,19,48,7,33,6223
Europa,Spanien,https://computerhoy.20minutos.es,156.7,215394,46,14,24,87,12444
Europa,Spanien,https://www.boe.es,16.94,23117,5,1,5,23,1850
Europa,Spanien,https://www.bbva.es,2.11,2232,1,1,0,2,123
Europa,Spanien,https://www.revistavanityfair.es,1602.49,1651646,34,38,8,75,8288
Europa,Spanien,https://jysk.es,280.09,337202,11,23,28,30,3910
Europa,Spanien,https://andaluciainforma.eldiario.es,137.31,142075,23,18,24,23,2386
Europa,Spanien,https://www.instyle.es,168.43,174640,28,29,13,110,11458
Europa,Spanien,https://www.ebay.es,636.03,648565,22,30,57,96,6587
Europa,Spanien,https://www.fragrantica.es,6.83,6983,5,1,0,0,16
Europa,Spanien,https://www.lne.es,1027.33,1074498,16,33,28,149,21767
Europa,Spanien,https://noticiastrabajo.huffingtonpost.es,180.8,187940,27,15,13,68,11942
Europa,Spanien,https://www.diariodenavarra.es,295.55,321006,40,31,22,127,17714
Europa,Spanien,https://www1.agenciatributaria.gob.es,6.3,6663,6,1,2,0,693
Europa,Spanien,https://www.transfermarkt.es,318.58,436841,9,40,61,267,13411
Europa,Spanien,https://sede.administracionespublicas.gob.es,64.58,85246,6,11,1,16,5942
Europa,Spanien,https://www.google.es,49.4,50318,2,11,0,1,296
Europa,Spanien,https://www.bricodepot.es,6.84,7003,5,1,0,0,16
Europa,Spanien,https://www.movistarplus.es,202.54,225503,20,16,15,264,15470
Europa,Spanien,https://www.publico.es,496.12,517439,19,11,7,83,14156
Europa,Spanien,https://www.druni.es,596.63,789568,8,95,17,67,16593
Europa,Spanien,https://www.sspa.juntadeandalucia.es,0.01,13,0,0,0,0,13
Europa,Spanien,https://www.juntadeandalucia.es,133.24,190143,12,62,40,15,9216
Europa,Spanien,https://sede-tu.seg-social.gob.es,31.71,36400,3,29,11,6,1223
Europa,Spanien,https://www.citapreviadnie.es,0.17,174,1,0,0,0,0
Europa,Spanien,https://www.diezminutos.es,582.51,597292,19,51,9,96,6213
Europa,Spanien,https://www.mediamarkt.es,6.84,7003,5,1,0,0,16
Europa,Spanien,https://www.vinted.es,2286.58,2351519,15,245,61,29,2554
Europa,Spanien,https://sede.seg-social.gob.es,115.65,137863,3,45,12,73,6805
Europa,Spanien,https://www.alsa.es,208.17,232151,23,85,24,30,3259
Europa,Spanien,https://www.bonviveur.es,140.12,164355,21,12,29,71,3358
Europa,Spanien,https://www.edreams.es,105.8,109506,21,50,53,9,5146
Europa,Spanien,https://juegos.loteriasyapuestas.es,0.29,378,0,0,0,0,218
Europa,Spanien,https://www.huffingtonpost.es,345.29,396026,25,20,9,107,13876
Europa,Spanien,https://www.europapress.es,279.05,354681,237,19,23,178,13265
Europa,Spanien,https://areaprivada.cofares.es,72.63,91430,2,144,23,9,1433
Europa,Spanien,https://domestico24.es,119.11,129241,16,16,9,7,4323
Europa,Spanien,http://www.xnxx.es,111.6,114521,7,11,14,1,1389
Europa,Spanien,https://ess1.guerrastribales.es,49.59,50930,7,5,43,20,2441
Europa,Spanien,https://moodle.unizar.es,0.33,382,1,1,0,0,74
Europa,Spanien,https://moodle.uco.es,10.66,13971,4,9,8,13,1390
Europa,Spanien,https://campus.europaeducationgroup.es,1.34,1580,2,1,2,2,64
Europa,Spanien,https://portal.gestion.sedepkd.red.gob.es,2.18,2424,4,3,5,0,242
Europa,Spanien,https://johnpyesubastas.es,6.85,7004,5,1,0,0,16
Europa,Spanien,https://info.mercadona.es,3.48,3908,4,1,1,1,876
Europa,Spanien,https://paradores.es,4.96,5490,5,4,1,0,779
Europa,Spanien,https://login.laliga.es,0.1,103,0,0,0,0,103
Europa,Niederlande,https://www.marktplaats.nl,159.76,165169,27,29,27,5,11118
Europa,Niederlande,https://www.ad.nl,0.46,473,0,1,0,0,243
Europa,Niederlande,https://www.nu.nl,0.43,450,0,1,0,0,220
Europa,Niederlande,https://www.amazon.nl,0.0,0,0,0,0,0,0
Europa,Niederlande,https://www.gelderlander.nl,0.46,474,0,1,0,0,244
Europa,Niederlande,https://www.telegraaf.nl,6.74,6899,5,1,0,0,16
Europa,Niederlande,https://www.buienradar.nl,137.95,194915,14,39,7,29,10697
Europa,Niederlande,https://www.rtl.nl,514.31,529063,17,19,14,110,9930
Europa,Niederlande,https://www.funda.nl,11.97,15463,6,3,7,1,661
Europa,Niederlande,https://nos.nl,863.42,885683,31,34,11,107,11668
Europa,Niederlande,https://www.zalando.nl,128.14,131383,5,16,12,0,210
Europa,Niederlande,https://www.destentor.nl,0.46,475,0,1,0,0,245
Europa,Niederlande,https://www.ed.nl,0.46,473,0,1,0,0,243
Europa,Niederlande,https://www.soccernews.nl,281.81,312156,15,30,24,62,6553
Europa,Niederlande,https://pay.ideal.nl,9.57,13554,17,12,12,3,22
Europa,Niederlande,https://teletekst-data.nos.nl,0.14,153,0,0,0,0,40
Europa,Niederlande,https://www.hema.nl,778.66,947092,17,138,13,142,13512
Europa,Niederlande,https://www.tvgids.nl,165.53,205266,35,45,16,52,9147
Europa,Niederlande,https://www.schadeautos.nl,130.51,137653,4,10,22,27,14920
Europa,Niederlande,https://www.gamma.nl,339.62,347925,3,82,6,60,6358
Europa,Niederlande,https://www.voetbalzone.nl,327.99,336167,14,25,22,72,8018
Europa,Niederlande,https://www.abnamro.nl,1153.87,1174446,14,12,180,13,8363
Europa,Niederlande,https://www.autoweek.nl,0.46,474,0,1,0,0,244
Europa,Niederlande,https://www.bd.nl,0.46,474,0,1,0,0,244
Europa,Niederlande,https://www.hornbach.nl,2.35,3101,2,1,2,1,226
Europa,Niederlande,https://www.vinted.nl,2349.46,2408414,15,252,61,49,3019
Europa,Niederlande,https://jouw.postnl.nl,0.37,383,1,2,0,0,31
Europa,Niederlande,https://sportnieuws.nl,0.46,474,0,1,0,0,244
Europa,Niederlande,https://www.carenzorgt.nl,13.48,17038,7,3,7,3,2590
Europa,Niederlande,https://www.coolblue.nl,0.25,257,0,0,0,0,42
Europa,Niederlande,https://www.bndestem.nl,0.46,473,0,1,0,0,243
Europa,Niederlande,https://www.tui.nl,0.28,362,0,0,0,0,202
Europa,Niederlande,https://www.volkskrant.nl,0.46,475,0,1,0,0,245
Europa,Niederlande,https://www.ah.nl,657.41,673650,18,88,117,82,6362
Europa,Niederlande,https://www.spellingoefenen.nl,16.27,17905,9,4,7,21,5512
Europa,Niederlande,https://www.tubantia.nl,0.46,475,0,1,0,0,245
Europa,Niederlande,https://www.bonprix.nl,442.32,751098,21,12,18,9,11285
Europa,Niederlande,https://www.nrc.nl,331.31,362233,22,8,13,187,28785
Europa,Niederlande,https://www.trouw.nl,0.46,475,0,1,0,0,245
Europa,Niederlande,https://www.wehkamp.nl,299.97,307336,6,1,0,3,323
Europa,Niederlande,https://www.anwb.nl,573.33,587382,20,13,19,23,5689
Europa,Niederlande,https://racingnews365.nl,161.44,196698,38,20,23,61,7919
Europa,Niederlande,https://www.mijnwoordenboek.nl,19.79,22468,4,19,12,8,1187
Europa,Niederlande,https://www.voetbalprimeur.nl,628.34,656141,19,89,27,89,9662
Europa,Niederlande,https://app.digid.nl,149.75,153412,7,37,11,19,1815
Europa,Niederlande,https://ja21.nl,81.97,112343,7,8,6,28,9812
Europa,Niederlande,https://mijnknltb.toernooi.nl,12.82,15063,4,4,10,2,1681
Europa,Niederlande,https://mijn.overheid.nl,17.74,34069,4,4,8,6,1438
Europa,Niederlande,https://brightspace.ru.nl,15.31,18504,9,2,6,3,1292
Europa,Niederlande,https://eenvandaag.avrotros.nl,288.43,292238,25,9,81,14,4160
Europa,Niederlande,https://www.adidas.nl,2.22,2443,2,0,1,0,1212
Europa,Niederlande,https://scientias.nl,555.08,601111,23,48,26,3,10071
Europa,Niederlande,https://www.autowereld.nl,0.46,475,0,1,0,0,245
Europa,Niederlande,https://www.elkspel.nl,269.31,278175,15,14,33,85,3731
Europa,Niederlande,https://www.lilafelice.nl,168.52,173235,20,34,18,44,2672
Europa,Niederlande,https://www.limburger.nl,1149.52,1178474,11,28,23,72,25498
Europa,Niederlande,https://www.corendon.nl,707.22,727480,15,22,24,20,7264
Europa,Niederlande,https://www.onderdelenlijn.nl,69.56,71480,16,22,17,15,6405
Europa,Niederlande,https://www.kinky.nl,291.17,470738,11,9,6,98,15606
Europa,Niederlande,https://www.fcupdate.nl,213.05,363381,27,26,20,246,10872
Europa,Niederlande,https://www.noordhollandsdagblad.nl,6.82,6974,5,1,0,0,16
Europa,Niederlande,https://www.tafeldiploma.nl,55.89,62444,11,9,42,86,6895
Europa,Niederlande,https://www.thuisbezorgd.nl,6.78,6941,5,1,0,0,16
Europa,Niederlande,https://www.buienalarm.nl,6.82,6982,5,1,0,0,16
Europa,Niederlande,https://www.wordfeudwoorden.nl,16.64,16985,10,5,7,5,6082
Europa,Niederlande,https://www.zeelandnet.nl,144.06,220613,5,19,10,18,8674
Europa,Niederlande,https://www.sommenoefenen.nl,13.84,14902,9,3,9,15,3810
Europa,Niederlande,https://www.totaaltv.nl,0.46,473,0,1,0,0,243
Europa,Niederlande,https://alarmeringen.nl,0.46,474,0,1,0,0,244
Europa,Niederlande,https://kro-ncrv.nl,142.48,165183,23,9,11,57,6137
Europa,Niederlande,https://canvas.eur.nl,18.7,22784,9,2,6,5,1296
Europa,Niederlande,https://canvas.maastrichtuniversity.nl,23.77,30674,7,6,1,1,591
Europa,Niederlande,https://www.aldi.nl,209.86,215187,19,34,7,0,3118
Europa,Niederlande,https://www.flair.nl,0.46,473,0,1,0,0,243
Europa,Niederlande,https://staatsloterij.nederlandseloterij.nl,159.06,162462,13,6,133,32,4070
Europa,Niederlande,https://www.mature.nl,96.88,100838,4,12,11,126,7133
Europa,Niederlande,https://www.leukerecepten.nl,502.18,577118,20,20,9,59,5692
Europa,Niederlande,https://www.knmi.nl,42.3,51927,5,4,3,83,2184
Europa,Niederlande,https://www.mediamarkt.nl,6.87,7024,5,1,0,0,16
Europa,Niederlande,https://www.ondeugend-daten.nl,25.11,27773,8,5,5,0,2355
Europa,Niederlande,https://www.lidl.nl,1429.91,1476250,7,56,31,76,5580
Europa,Niederlande,https://www.karwei.nl,209.65,214721,3,80,10,34,2655
Europa,Niederlande,https://www.rijksoverheid.nl,20.41,25643,17,4,9,5,3754
Europa,Niederlande,https://www.pathe.nl,864.4,884568,15,14,31,126,19063
Europa,Niederlande,https://www.msmode.nl,130.74,175397,9,29,26,52,5383
Europa,Niederlande,https://www.expert.nl,372.72,513483,15,11,16,58,26557
Europa,Niederlande,https://www.omoda.nl,890.2,1109233,16,27,21,180,25961
Europa,Niederlande,https://www.omroepwest.nl,338.23,343739,74,23,53,68,5464
Europa,Niederlande,https://www.smartphonehoesjes.nl,669.74,1233797,10,44,26,199,23699
Europa,Niederlande,https://www.peek-cloppenburg.nl,6.95,7115,5,1,0,0,16
Europa,Niederlande,https://www.schuttevaer.nl,107.53,114489,14,34,15,100,19515
Europa,Niederlande,https://www.d-reizen.nl,145.93,149424,17,14,20,9,4570
Europa,Niederlande,https://www.laurasbakery.nl,128.84,134493,16,35,43,83,4705
Europa,Niederlande,https://www.vakantieveilingen.nl,48.41,65648,18,13,15,49,1644
Europa,Niederlande,https://www.maxvandaag.nl,120.87,163946,15,33,25,35,10228
Europa,Niederlande,https://www.thomann.nl,418.01,564538,14,56,38,163,7723
Europa,Polen,https://synergia.librus.pl,80.99,94631,5,7,8,37,4431
Europa,Polen,https://portal.librus.pl,80.99,94631,5,7,8,37,4431
Europa,Polen,https://www.onet.pl,380.7,390257,12,66,64,16,3866
Europa,Polen,https://www.mediaexpert.pl,525.19,538350,8,1,0,2,623
Europa,Polen,https://wiadomosci.wp.pl,259.8,267143,30,17,7,121,11715
Europa,Polen,https://allegro.pl,0.76,778,0,2,0,0,54
Europa,Polen,https://wiadomosci.onet.pl,312.79,321892,10,31,16,94,7516
Europa,Polen,https://www.otomoto.pl,636.08,660035,29,37,27,33,3618
Europa,Polen,https://www.filmweb.pl,328.47,409978,31,74,61,173,15200
Europa,Polen,https://www.wp.pl,339.22,396341,19,25,5,199,17161
Europa,Polen,https://m.olx.pl,1824.78,1886107,19,56,100,42,3368
Europa,Polen,https://tvn24.pl,663.26,681404,22,59,67,118,16023
Europa,Polen,https://businessinsider.com.pl,249.4,311529,9,20,11,65,10232
Europa,Polen,https://www.pomponik.pl,274.22,284735,29,39,135,56,5488
Europa,Polen,https://www.totalcasino.pl,43.87,45913,10,20,14,0,12
Europa,Polen,https://kobieta.wp.pl,432.26,447429,30,40,42,84,10189
Europa,Polen,https://biznes.interia.pl,436.77,453543,29,44,145,109,8707
Europa,Polen,https://poczta.o2.pl,34.61,35555,8,14,5,5,376
Europa,Polen,https://plejada.pl,265.48,273295,13,26,14,90,6199
Europa,Polen,https://www.pracuj.pl,6.84,6999,5,1,0,0,16
Europa,Polen,https://www.pudelek.pl,116.92,125696,30,21,7,56,8053
Europa,Polen,https://forsal.pl,273.12,401231,18,33,62,138,18136
Europa,Polen,https://terazgotuje.pl,195.74,221836,14,16,21,46,6248
Europa,Polen,https://tech.wp.pl,194.13,199838,30,18,7,87,8504
Europa,Polen,https://www.olx.pl,1827.0,1888427,19,57,101,42,3367
Europa,Polen,https://m.jbzd.com.pl,45.74,69928,21,18,2,29,1795
Europa,Polen,https://sport.interia.pl,788.45,813446,29,51,162,92,23637
Europa,Polen,https://pogoda.interia.pl,191.9,240424,12,56,13,30,6292
Europa,Polen,https://telemagazyn.pl,594.37,708637,22,83,33,144,20467
Europa,Polen,https://www.rojadirectaenvivo.pl,5.4,5703,7,6,3,1,844
Europa,Polen,https://www.portalsamorzadowy.pl,118.0,143698,19,18,49,115,10534
Europa,Polen,https://www.vinted.pl,2293.22,2367626,15,244,61,29,3011
Europa,Polen,https://www.rmf24.pl,170.4,285220,15,54,49,39,9768
Europa,Polen,https://m.gazeta.pl,524.48,620848,17,65,22,378,29664
Europa,Polen,https://poczta.interia.pl,14.42,15733,3,7,11,2,248
Europa,Polen,https://www.doz.pl,104.86,211330,9,18,13,61,8932
Europa,Polen,https://www.leroymerlin.pl,0.76,774,0,2,0,0,58
Europa,Polen,https://www.wnp.pl,188.1,261070,19,10,25,99,17031
Europa,Polen,https://www.zus.pl,709.46,1031943,15,37,9,24,85167
Europa,Polen,https://wydarzenia.interia.pl,432.31,448012,29,42,137,106,10082
Europa,Polen,https://www.money.pl,285.3,295131,29,25,5,75,9223
Europa,Polen,https://www.interia.pl,450.1,701310,12,90,33,318,26510
Europa,Polen,https://poczta.onet.pl,92.72,96143,9,32,13,20,2934
Europa,Polen,https://poczta.wp.pl,35.08,36046,8,14,5,3,394
Europa,Polen,https://www.infor.pl,162.05,227927,11,32,7,23,29183
Europa,Polen,https://www.centrum24.pl,28.29,29598,4,36,12,14,3891
Europa,Polen,https://www.znanylekarz.pl,167.41,207538,12,20,30,29,9989
Europa,Polen,https://www.sport.pl,203.79,247354,19,50,16,33,11976
Europa,Polen,https://przegladsportowy.onet.pl,418.98,432027,11,30,15,167,15343
Europa,Polen,https://www.amazon.pl,0.0,0,0,0,0,0,0
Europa,Polen,https://www.ceneo.pl,19.47,19939,4,9,0,1,58
Europa,Polen,https://www.fakt.pl,222.84,291130,7,19,10,47,5617
Europa,Polen,https://www.rynekzdrowia.pl,95.94,115048,22,35,27,93,8853
Europa,Polen,https://sportowefakty.wp.pl,266.02,275555,35,6,6,101,18300
Europa,Polen,https://aniagotuje.pl,158.09,162136,19,11,17,25,5180
Europa,Polen,https://www.flashscore.pl,138.2,161913,16,60,46,4,5996
Europa,Polen,https://www.euro.com.pl,0.28,373,0,0,0,0,209
Europa,Polen,https://www.kurnik.pl,4.3,4465,7,5,2,1,748
Europa,Polen,https://www.gov.pl,38.31,39768,17,18,10,67,7583
Europa,Polen,https://www.pirlotv2.pl,5.37,5682,7,6,3,1,828
Europa,Polen,https://wiadomosci.radiozet.pl,475.62,878702,28,63,89,144,15624
Europa,Polen,https://www.zalando.pl,128.17,131412,5,16,12,0,212
Europa,Polen,http://www.90minut.pl,141.84,148250,6,12,2,402,7827
Europa,Polen,https://portal.abczdrowie.pl,275.32,283223,30,16,7,101,11983
Europa,Polen,https://www.o2.pl,323.41,380864,27,26,5,187,16482
Europa,Polen,https://auto.dziennik.pl,159.58,269507,16,33,74,57,13076
Europa,Polen,https://mt.rozklad-pkp.pl,86.96,107756,8,51,30,74,2912
Europa,Polen,https://www.gry-online.pl,282.79,294605,22,17,27,131,23001
Europa,Polen,https://adresowo.pl,81.33,97925,14,7,12,6,8438
Europa,Polen,https://www.multipasko.pl,46.56,52742,9,15,15,4,8982
Europa,Polen,https://www.rp.pl,627.76,813085,24,46,27,113,18092
Europa,Polen,https://next.gazeta.pl,209.4,252012,40,46,10,51,15484
Europa,Polen,https://business.allegro.pl,0.76,778,0,2,0,0,54
Europa,Polen,https://m.bankier.pl,598.65,616665,19,47,67,111,20032
Europa,Polen,https://www.auto-swiat.pl,309.42,318043,11,29,12,96,7398
Europa,Polen,https://krzyzowka.net.pl,14.98,17177,8,9,8,0,4173
Europa,Polen,https://pomorska.pl,5.24,5743,5,4,1,0,778
Europa,Polen,https://wiadomosci.gazeta.pl,224.66,276050,37,48,10,56,22704
Europa,Polen,https://www.story.pl,121.82,156717,8,35,32,47,6982
Europa,Polen,https://www.renee.pl,295.35,312395,17,19,14,67,7917
Europa,Polen,https://epoznan.pl,128.79,168348,8,36,35,12,15103
Europa,Polen,https://allegrolokalnie.pl,1257.79,1666885,7,8,15,8,26526
Europa,Polen,https://finanse.wp.pl,197.19,203184,29,18,7,82,9094
Europa,Polen,https://www.autocentrum.pl,143.07,201438,16,31,19,98,9612
Europa,Polen,https://deccoria.pl,189.48,232166,17,11,22,1,9123
Europa,Polen,https://erli.pl,244.64,251411,17,5,35,48,18368
Europa,Polen,https://eduvulcan.pl,15.34,19337,4,6,3,5,743
Europa,Polen,https://pysznosci.pl,1084.08,1114846,30,45,39,85,9955
Europa,Polen,https://www.decathlon.pl,6.78,6938,5,1,0,0,16
Europa,Polen,https://www.oponeo.pl,285.28,293938,18,22,32,44,8171
Europa,Polen,https://konto.onet.pl,94.35,97247,9,32,13,24,2910
Europa,Polen,https://dziennikzachodni.pl,4.98,5484,5,4,1,0,786
Europa,Polen,https://gm.efortuna.pl,68.69,85964,16,37,8,0,16235
Europa,Polen,https://m.teleman.pl,36.69,51620,6,9,2,0,4836
Europa,Polen,https://born2be.pl,302.02,321674,17,21,18,72,9053
Europa,Polen,https://www.bankier.pl,598.65,616665,19,47,67,111,20032
Europa,Polen,https://www.zalando-lounge.pl,36.46,41625,3,1,1,0,7560
Europa,Polen,https://lubimyczytac.pl,252.53,261473,16,35,58,249,36358
Europa,Polen,https://forumwanda.pl,44.76,51009,3,20,12,8,1556
Europa,Polen,https://www.lidl.pl,1662.39,1714315,7,55,31,142,7010
Europa,Schweden,https://xnxx.com.se,49.62,52296,8,3,2,48,4643
Europa,Schweden,https://www.aftonbladet.se,846.3,868372,29,19,64,28,2269
Europa,Schweden,https://toyhou.se,6.75,6909,5,1,0,0,16
Europa,Schweden,https://www.dn.se,973.79,998712,30,19,13,111,15835
Europa,Schweden,https://www.hitta.se,79.43,81956,32,27,27,30,2794
Europa,Schweden,https://www.blocket.se,325.41,347799,15,46,58,13,4431
Europa,Schweden,https://www.expressen.se,261.94,269216,29,23,11,185,21195
Europa,Schweden,https://pendujatt.com.se,16.22,17260,5,4,4,30,2115
Europa,Schweden,https://www.di.se,512.29,528532,15,14,17,102,19765
Europa,Schweden,https://www.amazon.se,190.35,196915,12,41,10,11,459
Europa,Schweden,https://www.svt.se,245.1,256226,24,8,30,164,8762
Europa,Schweden,https://carup.se,255.79,270480,32,35,37,176,7856
Europa,Schweden,https://www.elgiganten.se,404.81,417323,14,131,17,33,1379
Europa,Schweden,https://www.svd.se,433.66,446651,48,16,38,62,9601
Europa,Schweden,https://pvip.se,87.67,94808,14,37,25,26,2064
Europa,Schweden,https://sms.schoolsoft.se,1.2,1296,1,0,2,2,243
Europa,Schweden,https://www.biltema.se,163.47,192016,8,35,20,15,3920
Europa,Schweden,https://www.atg.se,41.1,43347,13,12,25,0,3
Europa,Schweden,https://www.1177.se,258.23,265494,18,10,21,11,2345
Europa,Schweden,https://spela.svenskaspel.se,401.56,525130,32,227,138,97,5800
Europa,Schweden,https://journalen.1177.se,9.26,11153,3,1,5,0,1009
Europa,Schweden,https://www.zalando.se,128.78,132284,5,17,12,0,230
Europa,Schweden,https://www.hemnet.se,6.8,6956,5,1,0,0,16
Europa,Schweden,https://www.svenskaspel.se,96.98,107672,27,136,69,63,1424
Europa,Schweden,https://www.sydsvenskan.se,539.32,562645,33,9,18,103,25389
Europa,Schweden,https://marcusoscarsson.se,292.37,336895,10,26,21,150,5665
Europa,Schweden,https://www.dagensps.se,263.46,272670,20,16,23,85,19026
Europa,Schweden,https://www.sverigesradio.se,1056.08,1087585,17,142,20,150,13578
Europa,Schweden,https://skolplus.se,12.8,17387,3,5,7,11,1188
Europa,Schweden,https://www.ica.se,197.67,206067,18,19,16,10,345
Europa,Schweden,https://www.apotea.se,6.8,6956,5,1,0,0,16
Europa,Schweden,https://alltommat.expressen.se,209.45,215191,20,18,12,46,3635
Europa,Schweden,https://djpunjab.com.se,13.75,14653,27,5,8,0,1907
Europa,Schweden,https://canvas.gu.se,29.87,37498,7,7,1,1,372
Europa,Schweden,https://km.se,76.7,80266,8,27,46,7,10769
Europa,Schweden,https://www.avanza.se,6.73,9651,9,3,13,0,10
Europa,Schweden,https://www.kampanjveckan.se,226.3,260023,13,34,13,31,5159
Europa,Schweden,https://www.inet.se,263.1,269418,24,25,65,118,14787
Europa,Schweden,https://www.hornbach.se,2.35,3101,2,1,2,1,226
Europa,Schweden,https://www.corren.se,893.52,915157,15,12,21,50,4703
Europa,Schweden,https://www.fass.se,184.1,189011,23,88,17,15,2312
Europa,Schweden,https://www.lidl.se,1216.27,1248039,6,52,28,60,4478
Europa,Schweden,https://www.comviq.se,504.15,657211,5,10,19,13,4078
Europa,Schweden,https://malservice.aftonbladet.se,10.43,10925,14,6,17,0,16
Europa,Schweden,https://www.merinfo.se,6.82,6978,5,1,0,0,16
Europa,Schweden,https://www.svenskbridge.se,31.29,34044,8,21,14,14,2679
Europa,Schweden,https://www2.pelisforte.se,22.72,23890,18,13,9,2,1927
Europa,Schweden,https://www.unt.se,928.02,950789,15,12,21,45,4651
Europa,Schweden,https://www.stadiumoutlet.se,224.88,252760,13,24,36,23,7386
Europa,Schweden,https://biluppgifter.se,6.82,6980,5,1,0,0,16
Europa,Schweden,https://bostad.stockholm.se,36.62,50789,12,12,3,6,4905
Europa,Schweden,https://web.skola24.se,63.28,68864,6,4,1,1,17814
Europa,Schweden,https://www.filmtopp.se,131.19,213402,22,35,12,45,15098
Europa,Schweden,https://www.apotekhjartat.se,328.22,337791,6,9,4,26,1609
Europa,Schweden,https://www.jemfix.se,183.28,257159,14,33,25,22,14672
Europa,Schweden,https://tv-tabla.se,150.19,154141,6,6,13,0,24179
Europa,Schweden,https://www.bonprix.se,437.6,752652,24,14,18,9,10976
Europa,Schweden,https://www.coop.se,109.86,115462,15,12,14,0,87
Europa,Schweden,https://www.ellos.se,864.19,889680,10,19,42,84,6417
Europa,Schweden,https://www.netonnet.se,6.84,7732,0,0,0,0,106
Europa,Schweden,https://www.pensionsmyndigheten.se,67.96,81767,14,17,5,9,5279
Europa,Schweden,https://www.ratsit.se,6.74,6893,5,1,0,0,16
Europa,Schweden,https://www.koket.se,943.93,974389,24,147,13,273,5378
Europa,Schweden,https://www.smhi.se,97.82,108811,14,83,28,20,5098
Europa,Schweden,https://www.sellpy.se,5.58,5928,3,4,38,0,0
Europa,Schweden,https://www.telenor.se,44.36,45876,14,8,10,0,47
Europa,Schweden,https://canvas.kth.se,2.62,3184,3,2,1,0,286
Europa,Schweden,https://m06-mg-local.idp.funktionstjanster.se,1.98,2256,1,4,4,1,145
Europa,Schweden,https://www.bt.se,375.99,393199,14,9,18,75,16509
Europa,Schweden,https://www.barometern.se,321.89,337776,14,9,18,52,14581
Europa,Schweden,https://www.bauhaus.se,310.23,346419,22,68,10,46,23241
Europa,Schweden,https://www.kristianstadsbladet.se,670.26,698449,14,9,18,159,33664
Europa,Schweden,https://www.friatider.se,48.79,51404,27,10,8,16,5273
Europa,Schweden,https://recept.se,56.07,75095,23,20,17,1,62
Europa,Schweden,https://www.ystadsallehanda.se,433.5,452685,14,9,12,85,19834
Europa,Schweden,https://www.swedbank.se,116.95,179420,21,81,70,7,11146
Europa,Schweden,https://www.telia.se,835.67,869875,7,19,27,7,4848
Europa,Schweden,https://www.stadium.se,304.57,346636,13,24,36,21,13207
Europa,Schweden,https://www.falukuriren.se,395.79,413691,16,9,18,67,19290
Europa,Schweden,https://cornucopia.se,215.0,270434,20,33,20,9,12737
Europa,Schweden,https://bokadetider.1177.se,0.69,744,3,3,2,0,4
Europa,Schweden,https://psauction.se,217.01,335630,13,46,17,60,15814
Europa,Schweden,https://netbank.nordea.se,2.84,3095,6,12,4,0,6
Europa,Schweden,https://ucha.se,151.6,171866,27,12,13,9,0
Europa,Schweden,https://www.moviezine.se,263.76,298671,15,38,28,93,8251
Europa,Schweden,https://www.na.se,475.76,496894,18,9,18,97,20088
Europa,Schweden,https://www.svenskalag.se,41.49,42600,6,3,26,41,3687
Europa,Schweden,https://www.tv4play.se,161.99,167847,15,9,15,3,1098
Europa,Schweden,https://www.norran.se,908.25,930553,15,12,21,46,4645
Europa,Schweden,https://www.vklass.se,23.38,27144,3,12,3,4,3889
Europa,Schweden,https://biharmasti.com.se,75.94,78687,26,6,2,180,17540
Europa,Schweden,https://m00-mg-local.idp.funktionstjanster.se,1.98,2256,1,4,4,1,145
Europa,Schweden,https://m05-mg-local.idp.funktionstjanster.se,1.98,2256,1,4,4,1,145
Europa,Schweden,https://m07-mg-local.idp.funktionstjanster.se,1.98,2256,1,4,4,1,145
Europa,Schweden,https://masstamilan.com.se,49.15,56118,14,3,8,75,3557
Europa,Schweden,https://www.blt.se,516.36,538562,14,9,12,115,27107
Europa,Schweden,https://www.antagning.se,31.92,33930,16,12,14,6,5555
Europa,Schweden,https://www.fotbollskanalen.se,1264.66,1300328,16,401,14,201,31199
Europa,Schweden,https://www.arbetarbladet.se,323.09,337439,16,9,12,58,13402
Europa,Belgien,https://www.hln.be,0.46,474,0,1,0,0,244
Europa,Belgien,https://www.redlights.be,287.26,299374,7,19,28,225,43214
Europa,Belgien,https://www.quartier-rouge.be,275.42,291982,6,19,28,223,37399
Europa,Belgien,https://www.immoweb.be,0.75,772,0,2,0,0,54
Europa,Belgien,https://www.sudinfo.be,0.28,366,0,0,0,0,206
Europa,Belgien,https://www.dhnet.be,3846.68,3955035,30,14,28,207,14770
Europa,Belgien,https://sporza.be,439.16,451648,32,11,28,95,14678
Europa,Belgien,https://www.vrt.be,400.85,412003,14,46,24,107,9426
Europa,Belgien,https://www.2dehands.be,205.92,212403,27,30,31,5,16543
Europa,Belgien,https://www.nieuwsblad.be,1779.35,1824564,11,29,24,103,34938
Europa,Belgien,https://www.rtl.be,503.81,531679,24,51,22,344,23575
Europa,Belgien,https://www.amazon.com.be,974.55,1014321,12,82,11,55,3701
Europa,Belgien,https://www.autoscout24.be,43.61,44827,10,1,7,2,235
Europa,Belgien,https://mail.telenet.be,58.64,72134,3,8,7,1,225
Europa,Belgien,https://www.rtbf.be,1720.25,1765375,35,373,41,366,14259
Europa,Belgien,https://www.gva.be,1503.83,1542037,11,29,23,92,31349
Europa,Belgien,https://www.lalibre.be,3056.07,3145293,31,14,28,267,13451
Europa,Belgien,https://anoboy.be,153.66,174606,19,31,14,64,11130
Europa,Belgien,https://www.buienradar.be,101.77,144780,14,31,7,27,7143
Europa,Belgien,https://www.7sur7.be,0.46,475,0,1,0,0,245
Europa,Belgien,https://ufora.ugent.be,4.64,6384,3,2,6,1,159
Europa,Belgien,https://www.zimmo.be,6.78,6934,5,1,0,0,16
Europa,Belgien,https://idp.iamfas.belgium.be,0.3,305,0,1,0,0,62
Europa,Belgien,https://www.demorgen.be,0.46,474,0,1,0,0,244
Europa,Belgien,https://www.standaard.be,6.76,6921,5,1,0,0,16
Europa,Belgien,https://www.2ememain.be,207.85,214718,27,31,31,5,16339
Europa,Belgien,https://www.lesoir.be,0.28,365,0,0,0,0,205
Europa,Belgien,https://www.zalando.be,128.26,131507,5,16,12,0,210
Europa,Belgien,https://www.minfin.fgov.be,57.45,59214,3,6,5,0,8
Europa,Belgien,https://www.brico.be,1161.76,1195582,10,59,15,76,4583
Europa,Belgien,https://www.mediamarkt.be,6.89,7045,5,1,0,0,16
Europa,Belgien,https://www.parismatch.be,1844.59,1899243,28,14,30,150,11072
Europa,Belgien,https://www.leforem.be,57.91,79936,18,18,12,41,3379
Europa,Belgien,https://www.nationale-loterij.be,304.99,359650,19,12,14,7,1331
Europa,Belgien,https://hoo.be,227.46,233133,12,50,17,29,1294
Europa,Belgien,https://www.circus-casino.be,33.91,36790,2,2,0,2,106
Europa,Belgien,https://www.hbvl.be,6.74,6894,5,1,0,0,16
Europa,Belgien,https://www.hubo.be,456.04,500994,13,36,23,66,3719
Europa,Belgien,https://www.doctoranytime.be,449.58,471786,10,24,30,42,4987
Europa,Belgien,https://www.kuleuven.be,32.09,35520,19,16,15,3,3133
Europa,Belgien,https://www.made-in.be,165.89,207838,22,23,38,48,7368
Europa,Belgien,https://www.fr.fnac.be,0.75,768,0,2,0,0,51
Europa,Belgien,https://www.tui.be,0.28,362,0,0,0,0,202
Europa,Belgien,https://www.walfoot.be,141.85,180349,26,17,20,215,6564
Europa,Belgien,https://www.befr.ebay.be,406.31,414867,20,30,57,72,3195
Europa,Belgien,https://starcasino.be,503.21,517105,23,106,50,1,207
Europa,Belgien,https://www.drawnames.be,0.39,430,2,1,0,0,74
Europa,Belgien,https://toledo.kuleuven.be,35.84,39615,17,20,18,9,5457
Europa,Belgien,https://www.decathlon.be,6.8,6959,5,1,0,0,16
Europa,Belgien,https://www.meteovista.be,6.82,6982,5,1,0,0,16
Europa,Belgien,https://www.tuifly.be,0.28,365,0,0,0,0,205
Europa,Belgien,https://www.stib-mivb.be,30.86,37102,5,11,13,13,2550
Europa,Belgien,https://www.standaardboekhandel.be,313.87,424239,12,16,8,101,16971
Europa,Belgien,https://moodle.uclouvain.be,53.82,79525,4,14,4,6,2616
Europa,Belgien,https://jysk.be,308.12,374023,10,33,28,32,3764
Europa,Belgien,https://soirmag.lesoir.be,0.28,369,0,0,0,0,209
Europa,Belgien,https://reserva.be,6.73,6889,5,1,0,0,16
Europa,Belgien,https://mycitizenebox.belgium.be,10.95,11642,2,6,10,0,7
Europa,Belgien,https://www.proximus.be,131.42,172196,23,56,13,22,5311
Europa,Belgien,https://www.weba.be,880.79,1833985,5,94,13,268,12143
Europa,Belgien,https://www.orange.be,207.39,225376,7,14,10,37,4467
Europa,Belgien,https://www.vandenborre.be,383.74,412369,23,19,27,41,22609
Europa,Belgien,https://www.torfs.be,207.04,256197,37,59,62,55,5857
Europa,Belgien,https://www.ticketmaster.be,460.15,471700,16,45,3,10,2691
Europa,Belgien,https://dagelijksekost.vrt.be,325.08,332927,15,49,26,2,473
Europa,Belgien,https://www.dela.be,128.09,154741,19,11,22,14,6336
Europa,Belgien,https://www.engie.be,72.34,74321,11,38,5,14,11292
Europa,Belgien,https://www.eurotierce.be,49.05,63351,3,23,13,37,4563
Europa,Belgien,https://www.dreamland.be,126.24,167460,17,7,14,70,6337
Europa,Belgien,https://www.coolblue.be,0.25,257,0,0,0,0,42
Europa,Belgien,https://secure.telenet.be,54.67,68073,3,8,7,1,225
Europa,Belgien,https://www.beobank.be,85.69,150809,8,22,25,19,7421
Europa,Belgien,https://www.lidl.be,1548.01,1596034,7,55,31,105,8637
Europa,Belgien,https://www.lecho.be,266.13,278025,44,28,24,143,19855
Europa,Belgien,https://www.kiabi.be,0.75,770,0,2,0,0,52
Europa,Belgien,https://www.carrefour.be,4.98,5477,5,4,1,0,779
Europa,Belgien,https://bithumen.be,3.35,5888,3,3,1,0,206
Europa,Belgien,https://www.ah.be,675.62,692151,18,77,110,73,5814
Europa,Belgien,https://www.electrodepot.be,308.11,332303,8,58,19,67,10413
Europa,Belgien,https://www.loterie-nationale.be,331.46,360651,19,12,14,7,1374
Europa,Belgien,https://www.vinted.be,2401.53,2472972,15,255,61,49,2589
Europa,Belgien,https://www.laredoute.be,633.69,653889,2,2,2,0,263
Europa,Belgien,https://auvio.rtbf.be,259.02,266162,27,15,11,115,4078
Europa,Belgien,https://www.az888.be,12.09,13544,8,8,7,3,56
Europa,Belgien,https://www.belgiantrain.be,18.62,20420,6,2,0,0,617
Europa,Belgien,https://www.companyweb.be,120.85,139967,15,14,32,115,4347
Europa,Belgien,https://www.delijn.be,72.92,74791,3,12,14,2,1199
Europa,Belgien,https://www.google.be,49.42,50333,2,11,0,1,296
Europa,Belgien,https://myprivacy.dpgmedia.be,0.03,29,0,0,0,0,14
Europa,Belgien,https://www.humo.be,0.46,475,0,1,0,0,245
Europa,Belgien,https://www2.telenet.be,402.31,483703,18,34,30,30,6807
Europa,Belgien,https://www.vivastreet.be,115.23,136691,3,7,19,2,7930
Europa,Belgien,https://www.libelle-lekker.be,95.06,120969,14,23,14,37,2744
Europa,Belgien,https://kinepolis.be,1.01,1057,3,0,0,0,146
Europa,Belgien,https://www.tripadvisor.be,0.76,776,0,2,0,0,58
Europa,Belgien,https://mijn.fluvius.be,19.97,21322,7,8,12,0,10
Europa,Belgien,https://my.billit.be,21.49,29568,12,19,19,2,3125
Europa,Österreich,https://www.derstandard.at,49.23,50903,2,9,3,1,657
Europa,Österreich,https://kurier.at,740.21,1129243,11,5,23,400,23794
Europa,Österreich,https://www.win2day.at,84.77,88903,19,19,9,0,1562
Europa,Österreich,https://www.willhaben.at,245.7,252780,30,13,23,10,1085
Europa,Österreich,https://orf.at,99.0,110828,24,15,20,25,27709
Europa,Österreich,https://www.kleinezeitung.at,608.51,793792,21,33,21,158,12659
Europa,Österreich,https://www.heute.at,577.46,595935,38,18,18,490,24506
Europa,Österreich,https://www.krone.at,575.48,693052,18,133,45,338,31169
Europa,Österreich,https://www.oe24.at,316.38,483126,18,48,19,193,11806
Europa,Österreich,https://blsp.at,6.78,6933,5,1,0,0,16
Europa,Österreich,https://www.meinbezirk.at,162.08,335351,16,50,19,44,22842
Europa,Österreich,https://sport.orf.at,93.89,104284,24,12,20,16,13805
Europa,Österreich,https://www.bergfex.at,177.15,226089,22,10,33,92,4179
Europa,Österreich,https://www.erotikforum.at,54.6,63771,17,20,5,6,5452
Europa,Österreich,https://litelink.at,8.18,10007,12,14,7,2,742
Europa,Österreich,https://finanzonline.bmf.gv.at,16.87,21255,6,6,13,14,1952
Europa,Österreich,https://moodle.univie.ac.at,61.17,90280,3,12,3,3,3635
Europa,Österreich,https://oesterreich.orf.at,60.87,69174,24,12,21,62,6716
Europa,Österreich,https://salzburg.orf.at,49.56,56525,24,12,21,36,5871
Europa,Österreich,https://tirol.orf.at,41.67,47470,24,12,21,27,4759
Europa,Österreich,https://wohnungssuche.wohnberatung-wien.at,12.45,17920,14,14,15,1,544
Europa,Österreich,https://www.flashscore.at,112.32,136146,17,58,49,4,5205
Europa,Österreich,https://www.finanz.at,6.8,6956,5,1,0,0,16
Europa,Österreich,https://steiermark.orf.at,43.23,49071,24,12,21,35,4531
Europa,Österreich,https://vereine.oefb.at,117.43,124297,23,144,12,0,32
Europa,Österreich,https://www.transfermarkt.at,231.79,315864,9,43,61,220,14395
Europa,Österreich,https://tvheute.at,108.85,141120,11,35,21,39,9338
Europa,Österreich,https://www.laola1.at,88.92,97450,21,8,12,58,6644
Europa,Österreich,https://login.id-austria.gv.at,125.58,128845,14,25,13,8,2105
Europa,Österreich,https://sports.admiral.at,1.83,1843,3,0,1,0,316
Europa,Österreich,https://vl69.at,81.75,88034,12,16,11,21,2136
Europa,Österreich,https://wetter.orf.at,27.15,32335,14,6,17,4,2539
Europa,Österreich,https://www.gutekueche.at,127.08,149981,16,20,7,55,6806
Europa,Österreich,https://www.magenta.at,327.66,384546,13,13,38,68,10114
Europa,Österreich,https://www.shop-apotheke.at,445.9,457697,17,106,44,82,6066
Europa,Österreich,https://geizhals.at,356.52,364686,14,23,16,51,8527
Europa,Österreich,https://jysk.at,285.64,343832,11,26,28,38,3570
Europa,Österreich,https://kaernten.orf.at,44.36,50478,24,12,21,28,5573
Europa,Österreich,https://lms.at,11.47,13382,4,9,6,12,2049
Europa,Österreich,https://senzula.at,103.06,126700,2,11,3,73,7203
Europa,Österreich,https://www.idealo.at,1083.78,1119096,9,21,21,98,13089
Europa,Österreich,https://www.nachrichten.at,450.62,532293,42,104,20,125,25361
Europa,Österreich,https://www.firmenabc.at,210.51,274093,22,9,15,19,4312
Europa,Österreich,https://www.oefb.at,38.24,40497,24,54,10,0,45
Europa,Österreich,https://www.oebb.at,129.35,204689,20,3,13,76,7900
Europa,Österreich,https://www.peek-cloppenburg.at,6.98,7137,5,1,0,0,16
Europa,Österreich,https://www.thalia.at,28.71,31272,3,2,0,0,542
Europa,Österreich,https://www.5min.at,207.78,232404,25,45,39,60,7462
Europa,Österreich,https://files.rewe.co.at,2.79,2817,0,0,0,0,1905
Europa,Österreich,https://www.gmx.at,270.53,282997,7,15,14,120,18189
Europa,Österreich,https://wien.orf.at,41.58,47185,24,12,21,30,4850
Europa,Österreich,https://www.ligaportal.at,142.96,185785,31,28,8,85,11299
Europa,Österreich,https://www.eduscho.at,1570.97,1629013,4,3,178,27,3254
Europa,Österreich,https://www.waffengebraucht.at,48.6,51848,7,12,13,33,3463
Europa,Österreich,https://www.sn.at,418.35,468175,33,63,8,122,33193
Europa,Österreich,https://www.laendleanzeiger.at,125.54,152173,16,18,6,2,6596
Europa,Österreich,https://www.austriansoccerboard.at,425.62,489817,15,25,16,158,21714
Europa,Österreich,https://www.e-ams.at,0.45,535,2,0,0,0,137
Europa,Österreich,https://www.gayboy.at,4.06,4568,5,3,1,0,776
Europa,Österreich,https://www.hofer-reisen.at,181.92,243009,14,17,17,61,17539
Europa,Österreich,https://www.hornbach.at,2.35,3101,2,1,2,1,226
Europa,Österreich,https://www.mediamarkt.at,6.89,7045,5,1,0,0,16
Europa,Österreich,https://www.locanto.at,12.7,14108,3,2,0,0,216
Europa,Österreich,https://www.trauerhilfe.at,14.22,18251,9,6,6,12,3501
Europa,Österreich,https://www.wetteronline.at,186.79,200878,21,53,15,16,6211
Europa,Österreich,https://www.xxxlutz.at,6.86,7021,5,1,0,0,16
Europa,Österreich,https://tv.orf.at,101.51,104731,20,15,11,72,12755
Europa,Österreich,https://ticker.ligaportal.at,61.57,72365,16,29,15,18,2862
Europa,Österreich,https://shop.asfinag.at,67.45,76351,9,5,24,18,2856
Europa,Österreich,https://www.bauhaus.at,759.61,783897,12,6,0,3,356816
Europa,Österreich,https://www.autoscout24.at,1259.49,1299659,13,23,11,158,21674
Europa,Österreich,https://www.obi.at,0.0,0,0,0,0,0,0
Europa,Österreich,https://www.ernstings-family.at,519.5,535868,21,165,27,31,5457
Europa,Österreich,https://www.shorturl.at,6.84,7001,5,1,0,0,16
Europa,Österreich,https://www.vinted.at,2324.04,2389094,15,239,60,47,2368
Europa,Österreich,https://www.orf.at,100.96,113101,24,15,20,25,28586
Europa,Österreich,https://kra42.at,6.65,6802,5,1,0,0,16
Europa,Österreich,https://kra41.at,6.65,6802,5,1,0,0,16
Europa,Österreich,https://kra40.at,6.67,6823,5,1,0,0,16
Europa,Österreich,https://m.noen.at,353.82,563963,23,63,25,124,17448
Europa,Österreich,https://vorarlberg.orf.at,46.52,52660,24,12,21,34,5557
Europa,Österreich,https://tiss.tuwien.ac.at,10.89,13170,8,8,25,0,874
Europa,Österreich,https://www.bonprix.at,412.64,637075,17,41,25,74,6904
Europa,Österreich,https://www.muenzeoesterreich.at,74.43,135621,11,15,7,33,9844
Europa,Österreich,https://www.lidl.at,1463.47,1536399,7,51,28,84,6191
Europa,Österreich,https://www.ebay.at,393.08,401066,22,30,57,62,3974
Europa,Österreich,https://www.meineta.at,20.7,22484,11,13,27,1,427
Europa,Österreich,https://zsw.finkzeit.at,2.64,3026,4,1,2,7,95
Europa,Österreich,https://moodle.jku.at,35.59,52556,4,12,4,2,2718
Europa,Österreich,https://on.orf.at,3186.19,3247630,19,3,50,99,10442
Europa,Österreich,https://www.home24.at,3.92,3897,3,0,1,0,206
Europa,Österreich,https://www.hofer.at,317.43,584407,33,22,45,100,38901
Europa,Österreich,https://www.immobilienscout24.at,3.78,3880,3,2,5,2,429
Europa,Österreich,https://www.post.at,82.71,120674,19,15,19,19,8061
Europa,Österreich,https://www.thomann.at,420.01,567195,14,56,38,164,7867
Europa,Österreich,https://mods.vintagestory.at,23.65,25744,4,8,19,32,6544
Europa,Österreich,https://noe.orf.at,44.17,50104,24,12,21,33,4628
Europa,Österreich,https://www.salzburg24.at,363.6,413103,21,48,21,115,22641
Europa,Österreich,https://erotik.laendleanzeiger.at,89.04,108659,15,19,6,2,2337
Asien,Japan,https://sp.pf.mbga.jp,2.12,2339,3,1,1,0,75
Asien,Japan,https://www.cmoa.jp,168.21,461973,14,23,9,313,1130
Asien,Japan,https://finance.yahoo.co.jp,8.09,10051,2,0,6,1,1848
Asien,Japan,https://m.yahoo.co.jp,8.09,10051,2,0,6,1,1848
Asien,Japan,https://fantia.jp,28.82,34929,18,11,13,23,4055
Asien,Japan,https://member.rakuten-sec.co.jp,0.07,76,1,0,0,0,0
Asien,Japan,https://ecnavi.jp,962.52,1001582,15,28,13,88,0
Asien,Japan,https://game8.jp,151.91,164192,21,18,18,311,492
Asien,Japan,https://auctions.yahoo.co.jp,8.09,10051,2,0,6,1,1848
Asien,Japan,https://tenki.jp,155.77,190830,21,48,145,106,0
Asien,Japan,https://ameblo.jp,119.21,134289,18,18,13,127,0
Asien,Japan,https://sp.jra.jp,93.95,97467,10,14,12,99,1911
Asien,Japan,https://www.amazon.co.jp,0.0,0,0,0,0,0,0
Asien,Japan,https://suumo.jp,62.41,86610,4,14,7,36,801
Asien,Japan,https://s.mogg.ameba.jp,5.69,6070,8,3,4,11,474
Asien,Japan,https://dmarket.docomo.ne.jp,284.42,339348,16,34,6,58,4185
Asien,Japan,https://nlab.itmedia.co.jp,213.02,235640,21,29,15,252,1453
Asien,Japan,https://news.yahoo.co.jp,8.09,10051,2,0,6,1,1848
Asien,Japan,https://www.yahoo.co.jp,8.09,10051,2,0,6,1,1848
Asien,Japan,https://www.sugotoku.docomo.ne.jp,25.46,27115,17,6,21,0,80
Asien,Japan,https://www.oricon.co.jp,308.55,352647,18,55,7,293,0
Asien,Japan,https://zozo.jp,0.28,357,0,0,0,0,201
Asien,Japan,https://detail.chiebukuro.yahoo.co.jp,8.09,10052,2,0,6,1,1848
Asien,Japan,https://transit.yahoo.co.jp,8.09,10051,2,0,6,1,1848
Asien,Japan,https://kakuyomu.jp,227.81,256628,14,30,55,37,0
Asien,Japan,https://www.dmm.co.jp,33.91,34969,4,14,1,6,532
Asien,Japan,https://baseball.yahoo.co.jp,8.09,10051,2,0,6,1,1848
Asien,Japan,https://hiroba.dpoint.docomo.ne.jp,68.02,97247,17,18,10,99,0
Asien,Japan,https://sp.mbga.jp,19.56,24880,16,5,8,28,2694
Asien,Japan,https://nouen.sp.mbga.jp,19.56,24880,16,5,8,28,2701
Asien,Japan,https://weathernews.jp,121.53,151575,22,23,12,160,973
Asien,Japan,https://www.yomiuri.co.jp,258.63,437773,20,51,23,273,0
Asien,Japan,https://beauty.hotpepper.jp,90.88,119685,8,39,4,53,0
Asien,Japan,https://kuji.dmarket.docomo.ne.jp,2.69,3969,9,1,4,1,331
Asien,Japan,https://sports.yahoo.co.jp,8.09,10051,2,0,6,1,1848
Asien,Japan,https://www.jra.go.jp,87.74,91185,10,12,11,101,1800
Asien,Japan,https://topics.smt.docomo.ne.jp,49.19,55911,15,29,5,21,5625
Asien,Japan,https://gamewith.jp,1242.26,2696054,5,23,6,1102,3503
Asien,Japan,https://s.dto.jp,0.9,919,1,0,0,0,553
Asien,Japan,https://mechacomic.jp,117.09,147962,7,37,7,90,4734
Asien,Japan,https://video.dmm.co.jp,33.9,34961,4,14,1,6,532
Asien,Japan,https://search.yahoo.co.jp,8.09,10051,2,0,6,1,1848
Asien,Japan,https://rx.sp.mbga.jp,19.56,24880,16,5,8,28,2686
Asien,Japan,https://www.navitime.co.jp,47.31,52284,4,86,10,5,4550
Asien,Japan,https://jmty.jp,135.34,153452,17,30,5,94,3570
Asien,Japan,https://kamigame.jp,17.94,19163,6,13,9,34,576
Asien,Japan,https://point-news.jp,18.78,28892,13,5,2,54,5080
Asien,Japan,https://tumadouga.jp,164.07,221718,5,24,6,55,6034
Asien,Japan,https://trade.smbcnikko.co.jp,1.96,1991,4,1,0,0,465
Asien,Japan,https://r.gnavi.co.jp,822.23,954638,10,20,21,932,0
Asien,Japan,https://www.huffingtonpost.jp,466.24,519447,48,38,54,75,719
Asien,Japan,https://soccer.yahoo.co.jp,8.09,10051,2,0,6,1,1848
Asien,Japan,https://ponta-sp.dropgame.jp,4.31,7993,2,2,3,8,3039
Asien,Japan,https://www.dreammail.jp,48.39,67140,18,46,7,79,0
Asien,Japan,https://grapee.jp,66.36,83171,16,30,12,66,0
Asien,Japan,https://yanmaga.jp,199.54,225370,18,4,5,242,0
Asien,Japan,https://secure.freee.co.jp,10.96,12750,7,8,7,0,38
Asien,Japan,https://article.yahoo.co.jp,8.09,10052,2,0,6,1,1848
Asien,Japan,http://spc.sp.mbga.jp,19.56,24880,16,5,8,28,2691
Asien,Japan,https://member.pointmail.rakuten.co.jp,16.17,18714,6,9,3,0,15
Asien,Japan,https://altema.jp,49.36,78913,52,39,16,88,0
Asien,Japan,https://site3.sbisec.co.jp,249.94,299481,11,42,16,39,5312
Asien,Japan,https://hotel.travel.rakuten.co.jp,0.03,27,0,0,0,0,26
Asien,Japan,https://m.site777.jp,0.88,862,4,1,0,0,82
Asien,Japan,https://game.granbluefantasy.jp,28.65,31421,10,29,8,0,115
Asien,Japan,https://my.healmate.jp,3.05,3660,7,3,4,2,381
Asien,Japan,https://news.tv-asahi.co.jp,4.71,6037,18,13,8,0,34
Asien,Japan,https://news.mynavi.jp,260.96,360828,35,23,7,116,4441
Asien,Japan,https://vcard.ameba.jp,7.38,8565,13,10,4,12,152
Asien,Japan,https://sellercentral.amazon.co.jp,199.8,208607,15,36,5,29,2776
Asien,Japan,https://renta.papy.co.jp,434.99,524755,5,22,8,520,3035
Asien,Japan,https://ebookjapan.yahoo.co.jp,123.19,127370,5,6,71,4,709
Asien,Japan,https://www.nissen.co.jp,275.58,367928,11,122,52,101,0
Asien,Japan,https://www.palcloset.jp,419.5,710762,19,71,33,213,5663
Asien,Japan,https://tokubai.co.jp,63.15,71201,14,30,22,35,0
Asien,Japan,https://www.trepy.jp,22.04,30383,13,7,3,54,4882
Asien,Japan,https://bookpass.auone.jp,6.12,6895,11,21,6,0,31
Asien,Japan,https://hometrade.nomura.co.jp,56.56,74864,5,19,8,7,3544
Asien,Japan,https://dfashion.docomo.ne.jp,149.79,202430,16,125,28,35,0
Asien,Japan,https://prtimes.jp,288.56,330384,28,17,19,52,116
Asien,Japan,https://toyota.jp,41.59,48008,14,20,10,21,1723
Asien,Japan,https://map.yahoo.co.jp,8.09,10051,2,0,6,1,1848
Asien,Japan,https://pex.jp,26.71,43357,6,20,3,35,3724
Asien,Japan,https://sp-web.search.auone.jp,3.07,3577,15,5,3,0,61
Asien,Japan,https://www.alphapolis.co.jp,166.99,382954,10,17,7,170,981
Asien,Japan,https://www.jma.go.jp,12.81,15499,6,16,6,22,2094
Asien,Japan,https://www.daily.co.jp,37.89,52674,6,25,3,39,0
Asien,Japan,https://www.nhk.jp,5.58,5856,17,4,4,0,33
Asien,Japan,https://vmall-sp.dropgame.jp,3.79,6678,2,2,3,8,2215
Asien,China,https://m.weibo.cn,6.61,9245,1,3,0,0,19
Asien,China,https://buyer-h5.cantonfair.org.cn,3.5,3729,5,8,13,0,1
Asien,China,https://yz.chsi.com.cn,55.15,98714,5,15,10,8,0
Asien,China,https://www.visaforchina.cn,43.51,65003,4,7,6,62,1969
Asien,China,https://crm.xiaoman.cn,7.02,7195,5,12,25,0,27
Asien,China,https://juejin.cn,79.13,83340,9,14,39,3,883
Asien,China,http://bm.scs.gov.cn,0.56,612,0,0,0,0,291
Asien,China,https://my.chsi.com.cn,10.75,16744,5,8,9,1,3280
Asien,China,https://www.kdocs.cn,16.01,23126,1,10,0,0,0
Asien,China,https://www.apple.com.cn,163.28,183951,17,13,157,1,5094
Asien,China,https://pan.quark.cn,1.79,2556,7,4,2,0,20
Asien,China,https://zh.moegirl.org.cn,493.7,598912,20,18,17,12,87
Asien,China,https://bbs.nga.cn,4.0,4416,2,7,0,0,216
Asien,China,https://zb.yuyantv.cn,19.58,19796,6,16,27,29,848
Asien,China,https://m.gamespot.com.cn,25.0,39136,19,12,17,44,2026
Asien,China,https://www.taptap.cn,17.22,17625,3,2,0,0,71
Asien,China,https://www.globaltimes.cn,20.56,21857,19,19,3,17,5705
Asien,China,https://www.tapd.cn,138.58,174229,12,14,4,46,6101
Asien,China,https://team-sg.data.maidaotech.cn,0.68,682,5,1,3,0,6
Asien,China,https://www.wjx.cn,36.56,60548,12,11,6,104,0
Asien,China,https://leetcode.cn,7.06,7221,5,1,0,0,16
Asien,China,https://www.cantonfair.org.cn,1112.23,1232032,8,46,10,0,66
Asien,China,https://coach.haoyueke.cn,34.79,40296,2,6,3,1,1105
Asien,China,https://wecruit.hotjob.cn,0.14,146,0,0,0,0,33
Asien,China,https://www.autohome.com.cn,600.97,651023,15,34,27,151,1066
Asien,China,https://project.feishu.cn,175.52,186511,15,15,9,164,0
Asien,China,https://www.boc.cn,59.15,77982,4,8,3,21,2105
Asien,China,https://coe.leme.hk.cn,111.86,116255,5,8,13,11,1152
Asien,China,https://www.letpub.com.cn,62.76,92399,5,20,9,85,736
Asien,China,https://consular.mfa.gov.cn,0.0,0,0,0,0,0,0
Asien,China,https://2fa.cn,10.97,13174,4,3,2,0,1137
Asien,China,https://accounts.feishu.cn,5.68,5863,14,5,3,0,0
Asien,China,https://finance.sina.com.cn,368.44,398833,9,113,5,186,1780
Asien,China,https://www.guancha.cn,265.19,342925,4,12,4,265,0
Asien,China,https://www.weather.com.cn,84.23,146572,5,20,7,50,1914
Asien,China,https://www.y2mate.com.cn,11.04,16896,4,10,9,5,2262
Asien,China,https://seller.shopee.cn,8.42,9075,6,13,6,0,0
Asien,China,https://www.mcmod.cn,137.98,182365,6,27,10,177,0
Asien,China,https://bio.visaforchina.cn,43.27,64754,4,4,6,62,1969
Asien,China,https://alienth.cn,346.45,382030,28,56,261,175,12341
Asien,China,https://www.coze.cn,65.98,67719,5,39,10,0,123
Asien,China,https://www.dm5.cn,343.26,698652,4,20,5,109,2837
Asien,China,https://www.zcool.com.cn,463.12,502339,14,49,4,182,6637
Asien,China,http://www.lakawon.cn,16.09,22676,12,15,8,17,1073
Asien,China,https://dazi.kukuw.cn,9.96,12295,6,9,3,1,1168
Asien,China,https://bf.7m.com.cn,31.02,37131,7,48,3,2,1010
Asien,China,https://365.kdocs.cn,15.84,22831,1,10,0,0,0
Asien,China,https://kyfw.12306.cn,13.09,14828,2,4,5,7,1866
Asien,China,https://g6.globalwits.cn,1.22,1233,6,4,3,0,19
Asien,China,https://cova.mfa.gov.cn,0.22,252,0,1,0,0,10
Asien,China,https://gdlusdt.cn,9.85,19356,4,7,1,1,4290
Asien,China,https://info.warning.360.cn,0.16,169,0,0,0,0,40
Asien,China,https://open.feishu.cn,6.01,6303,8,9,4,1,20
Asien,China,https://oc.sjtu.edu.cn,0.05,75,0,0,0,0,83
Asien,China,https://littleskin.cn,5.28,7355,7,7,6,0,1110
Asien,China,https://uniapp.dcloud.net.cn,60.25,67399,8,7,20,41,0
Asien,China,https://space.coze.cn,65.98,67719,5,39,10,0,123
Asien,China,https://www.asus.com.cn,7.33,7689,5,8,77,0,126
Asien,China,https://www.italent.cn,4.66,5660,1,16,4,0,51
Asien,China,https://bbs.kafan.cn,58.5,74240,8,10,6,43,2741
Asien,China,https://www.chsi.com.cn,3.06,3131,2,3,0,0,0
Asien,China,https://api.e-toys.cn,6.12,6856,3,4,5,1,155
Asien,China,https://flowus.cn,5.29,6050,9,9,7,0,52
Asien,China,https://www.amziale.cn,8.62,13908,3,2,3,6,2065
Asien,China,https://pss-system.cponline.cnipa.gov.cn,2.32,2379,2,3,0,0,0
Asien,China,https://weather.cma.cn,55.87,76913,8,18,6,27,593
Asien,China,https://www.pokemon.cn,37.45,45967,14,12,12,35,2466
Asien,China,https://www.kuwee.cn,0.9,1307,0,2,0,0,9
Asien,China,https://www.speedtest.cn,16.15,22337,12,20,20,2,227
Asien,China,https://www2.scut.edu.cn,1.14,1171,7,1,4,1,3
Asien,China,https://www.xiaoheihe.cn,34.9,36064,11,6,115,1,531
Asien,China,https://www.tsinghua.edu.cn,72.62,100473,6,39,6,65,0
Asien,China,http://www.cecet.cn,50.8,56277,5,3,1,33,0
Asien,China,https://www.xtransfer.cn,239.61,251309,9,18,10,14,5855
Asien,China,https://ext.dcloud.net.cn,85.65,198312,4,28,10,161,7372
Asien,China,https://amazon.rooomy.com.cn,34.26,37133,35,15,6,1,338
Asien,China,https://data.7m.com.cn,639.14,672419,3,18,2,2,339
Asien,China,https://e-cda.cn,0.98,951,3,8,3,0,23
Asien,China,https://course.pku.edu.cn,20.76,26783,1,2,1,1,258
Asien,China,https://m.chinesetest.cn,597.13,610938,4,13,12,45,2286
Asien,China,https://mirrors.tuna.tsinghua.edu.cn,21.88,22350,12,7,11,4,1826
Asien,China,https://my.duoplus.cn,13.0,13284,13,29,14,1,10
Asien,China,http://watchhealth.com.cn,9.72,12166,2,8,3,7,0
Asien,China,https://ic.ustc.edu.cn,18.66,30026,8,7,6,35,4784
Asien,China,https://portal.bshg.com.cn,21.45,32091,3,3,5,0,908
Asien,China,https://paper.people.com.cn,0.26,267,4,0,0,0,3
Asien,China,https://htcs.jtexpress.com.cn,4.57,5477,2,7,2,1,0
Asien,China,https://lotto.sina.cn,3.51,3739,16,12,3,0,40
Asien,China,https://rastarsdd.wjx.cn,15.56,23196,10,13,3,1,217
Asien,China,https://stock.finance.sina.com.cn,146.6,185800,3,22,4,6,1273
Asien,Indien,https://linkmake.in,7.28,10077,8,3,2,0,1639
Asien,Indien,https://services.gst.gov.in,4.65,4847,7,9,3,0,49
Asien,Indien,https://lotterysambadresult.in,33.42,38233,18,7,4,1,6139
Asien,Indien,https://www.aajtak.in,579.62,681656,26,94,29,151,40
Asien,Indien,https://www.railyatri.in,76.0,78307,18,40,23,49,8100
Asien,Indien,https://www.epfindia.gov.in,286.57,304600,5,24,6,66,47243
Asien,Indien,https://passbook.epfindia.gov.in,23.29,37028,19,5,6,5,827
Asien,Indien,https://www.amazon.in,0.0,0,0,0,0,0,0
Asien,Indien,https://www.screener.in,12.18,16375,6,10,10,10,1172
Asien,Indien,https://uidai.gov.in,4.46,5164,3,0,4,2,135
Asien,Indien,https://www.goodreturns.in,4.06,4541,5,3,1,0,781
Asien,Indien,https://return.gst.gov.in,3.64,3806,6,7,3,0,181
Asien,Indien,https://accounts.digitallocker.gov.in,49.13,71738,25,8,7,61,2719
Asien,Indien,https://parivahan.gov.in,255.95,293166,5,2,6,48,7378
Asien,Indien,https://pmmvy.wcd.gov.in,0.11,118,0,0,0,0,27
Asien,Indien,https://contents.irctc.co.in,2.11,2510,1,0,3,2,119
Asien,Indien,https://groww.in,112.67,115742,32,18,14,2,15408
Asien,Indien,https://www.skokka.in,6.74,6893,5,1,0,0,16
Asien,Indien,https://www.ukbhashasansthan.in,218.49,232284,12,31,33,9,13361
Asien,Indien,https://www.unionbankonline.co.in,2.68,3320,2,2,2,1,342
Asien,Indien,https://kolkataff.in,150.79,157799,31,31,23,3,23761
Asien,Indien,https://nellaineervalam.in,167.27,180894,13,21,10,11,911
Asien,Indien,https://www.bajajfinserv.in,0.3,383,0,0,0,0,223
Asien,Indien,https://www.apollopharmacy.in,682.64,717014,19,28,18,140,22307
Asien,Indien,https://www.titan.co.in,4.06,4538,5,3,1,0,778
Asien,Indien,https://sewayojan.up.nic.in,52.18,102237,20,25,13,59,2069
Asien,Indien,https://eportal.incometax.gov.in,3.96,7147,3,6,2,1,70
Asien,Indien,https://ndtv.in,0.27,355,0,0,0,0,199
Asien,Indien,https://shuru.co.in,230.04,235980,8,15,5,26,4687
Asien,Indien,https://ksmart.lsgkerala.gov.in,0.92,977,2,2,2,0,36
Asien,Indien,https://udiseplus.gov.in,34.26,35118,10,3,5,0,7
Asien,Indien,https://mahadbt.maharashtra.gov.in,93.72,151011,12,34,16,68,26885
Asien,Indien,https://www.shopsy.in,219.79,225219,18,46,24,25,13377
Asien,Indien,https://dear-lottery.in,66.69,68418,17,14,19,5,7046
Asien,Indien,https://accounts.poshantracker.in,0.11,118,0,0,0,0,27
Asien,Indien,https://freebitco.in,0.08,85,0,0,0,0,85
Asien,Indien,https://nagalandstatelottery.in,182.05,187166,17,21,21,7,25832
Asien,Indien,https://ssoid.net.in,22.53,28503,5,2,4,3,10170
Asien,Indien,https://econnect.bpcl.in,0.28,368,0,0,0,0,208
Asien,Indien,https://tellybiz.in,0.07,69,0,0,0,0,0
Asien,Indien,https://watchanimeworld.in,174.56,237081,15,28,9,156,4210
Asien,Indien,https://www.district.in,1208.36,1241583,14,37,19,16,9240
Asien,Indien,https://unifiedportal-emp.epfindia.gov.in,23.02,32124,6,19,9,11,2235
Asien,Indien,https://www.mca.gov.in,0.28,370,0,0,0,0,206
Asien,Indien,https://www.skyscanner.co.in,0.7,708,4,2,4,0,10
Asien,Indien,https://brainly.in,6.71,6868,5,1,0,0,16
Asien,Indien,https://onlineservices.proteantech.in,25.96,31197,14,11,3,8,923
Asien,Indien,https://majhinaukri.in,6.8,6958,5,1,0,0,16
Asien,Indien,https://www.gst.gov.in,32.71,34759,6,8,3,1,719
Asien,Indien,https://baji999.in,0.88,865,4,1,0,0,83
Asien,Indien,https://www.tanishq.co.in,4.98,5478,5,4,1,0,780
Asien,Indien,https://www.valmo.in,0.28,364,0,0,0,0,204
Asien,Indien,https://www.reliancedigital.in,0.29,376,0,0,0,0,216
Asien,Indien,https://pfms.nic.in,3.28,4897,4,4,0,0,343
Asien,Indien,https://dpbosss.net.in,88.98,99626,38,8,8,3,20024
Asien,Indien,https://ossinformatics.in,126.15,182386,6,24,11,0,19591
Asien,Indien,https://rajshaladarpan.rajasthan.gov.in,72.77,103097,3,10,8,63,2863
Asien,Indien,https://www.decathlon.in,126.68,129731,19,29,55,0,60
Asien,Indien,https://xnxxvideos.in,89.55,95092,19,20,16,30,3173
Asien,Indien,https://altin.in,95.76,109165,10,21,11,7,15617
Asien,Südkorea,https://m.ppomppu.co.kr,0.07,71,0,1,0,0,0
Asien,Südkorea,https://www.inven.co.kr,247.87,475101,11,47,11,269,4048
Asien,Südkorea,https://m.inven.co.kr,36.36,43427,17,36,18,0,1292
Asien,Südkorea,https://www.etoland.co.kr,454.33,783617,21,45,45,645,6491
Asien,Südkorea,https://www.hani.co.kr,173.5,201619,25,15,18,64,4563
Asien,Südkorea,https://www.sooplive.co.kr,13.73,14054,2,34,19,0,0
Asien,Südkorea,https://www.bobaedream.co.kr,45.32,66187,11,12,4,2,593
Asien,Südkorea,https://www.ppomppu.co.kr,60.57,76076,12,31,5,24,5614
Asien,Südkorea,https://link.gmarket.co.kr,17.71,18754,4,1,0,1,344
Asien,Südkorea,https://www.ardentnews.co.kr,69.04,83324,19,28,28,3,0
Asien,Südkorea,https://ondisk.co.kr,3.17,3423,23,4,2,0,55
Asien,Südkorea,https://m.wikitree.co.kr,18.13,19083,15,10,30,6,956
Asien,Südkorea,https://m.bobaedream.co.kr,52.08,78352,13,14,4,36,0
Asien,Südkorea,https://www.avacontents.co.kr,2.49,2574,6,14,3,0,22
Asien,Südkorea,https://livescore.co.kr,6.76,6916,5,1,0,0,16
Asien,Südkorea,https://www.joongang.co.kr,325.52,395363,27,67,13,227,0
Asien,Südkorea,https://mania.kr,320.21,457412,14,16,12,193,649
Asien,Südkorea,https://www.aladin.co.kr,269.92,341403,17,63,12,414,2124
Asien,Südkorea,https://www.yna.co.kr,161.79,182578,34,51,22,56,0
Asien,Südkorea,https://www.news1.kr,607.76,726937,22,18,21,147,3708
Asien,Südkorea,https://orbi.kr,159.32,230355,16,37,10,65,2292
Asien,Südkorea,https://etoland.co.kr,454.24,783421,21,45,45,645,6305
Asien,Südkorea,https://asp.jeomsin.co.kr,14.13,18842,7,14,9,25,799
Asien,Südkorea,https://www.eps.go.kr,0.08,97,1,0,0,0,0
Asien,Südkorea,https://www.khan.co.kr,179.89,320821,28,34,7,87,2233
Asien,Südkorea,https://www.saramin.co.kr,329.24,354733,20,28,16,193,6349
Asien,Südkorea,https://www.11st.co.kr,10.36,11077,6,12,4,0,11
Asien,Südkorea,https://www.jobkorea.co.kr,241.77,347171,20,79,19,166,0
Asien,Südkorea,https://www.autotribune.co.kr,75.18,90952,16,36,10,52,0
Asien,Südkorea,https://soccerline.kr,4.57,4780,22,4,20,0,1
Asien,Südkorea,https://myetl.snu.ac.kr,0.05,81,0,0,0,0,84
Asien,Südkorea,https://eclass3.cau.ac.kr,0.05,81,0,0,0,0,84
Asien,Südkorea,https://dcs-learning.cnu.ac.kr,22.41,37845,6,27,11,5,2074
Asien,Südkorea,https://cm.asiae.co.kr,0.18,181,0,1,0,0,0
Asien,Südkorea,https://lms.mju.ac.kr,0.3,322,1,1,0,0,9
Asien,Südkorea,https://player.clickmate.kr,44.84,48984,31,31,34,10,1742
Asien,Südkorea,https://learn.inha.ac.kr,27.45,30189,10,29,5,11,1458
Asien,Südkorea,https://product.kyobobook.co.kr,96.63,141397,23,41,26,34,4111
Asien,Südkorea,https://kdisk.co.kr,0.47,501,0,2,0,0,0
Asien,Südkorea,https://play.sooplive.co.kr,0.1,106,0,1,0,0,0
Asien,Südkorea,https://www.cb.or.kr,0.26,323,1,0,0,0,71
Asien,Südkorea,https://www.clipartkorea.co.kr,105.76,150239,10,35,21,72,0
Asien,Südkorea,https://www.onnuri-mall.co.kr,940.22,1539045,5,358,12,637,295
Asien,Südkorea,https://www.weather.go.kr,59.35,101994,9,67,20,8,3191
Asien,Südkorea,https://www.ebsi.co.kr,0.1,108,0,1,0,0,0
Asien,Südkorea,https://www.vogue.co.kr,126.59,149122,23,46,19,132,0
Asien,Südkorea,https://buzzvil.mocation.co.kr,0.0,0,0,0,0,0,0
Asien,Südkorea,https://cgv.co.kr,4.04,4512,5,3,1,0,752
Asien,Südkorea,https://boardlife.co.kr,120.05,167498,19,26,12,75,4301
Asien,Südkorea,https://everytime.kr,47.86,49707,14,7,9,0,9
Asien,Südkorea,https://brunch.co.kr,124.87,172768,26,34,8,27,4933
Asien,Südkorea,https://m.ondisk.co.kr,3.17,3423,23,4,2,0,55
Asien,Südkorea,https://m.work24.go.kr,177.16,327020,8,71,12,81,1493
Asien,Südkorea,https://muko.kr,87.51,113643,24,30,10,20,0
Asien,Südkorea,https://ecampus.konkuk.ac.kr,0.43,468,4,1,0,0,17
Asien,Südkorea,https://ecampus.sejong.ac.kr,71.93,117278,6,26,6,24,0
Asien,Südkorea,https://diablo2.inven.co.kr,258.08,424185,11,58,12,232,0
Asien,Südkorea,https://news.jtbc.co.kr,98.21,100776,19,101,25,0,31
Asien,Südkorea,https://www.autobuff.co.kr,62.61,75132,16,25,24,2,0
Asien,Südkorea,https://www.blockmedia.co.kr,573.53,622045,22,63,16,80,5832
Asien,Südkorea,https://gold-rain.co.kr,0.2,209,0,0,0,0,77
Asien,Südkorea,https://race.kra.co.kr,0.53,565,0,1,0,0,0
Asien,Südkorea,https://api.cpq.co.kr,0.14,153,0,0,0,0,40
Asien,Südkorea,https://www.mk.co.kr,225.12,263624,16,22,6,132,0
Asien,Südkorea,https://www.oliveyoung.co.kr,45.97,50671,8,1,0,0,187
Asien,Südkorea,https://www.mt.co.kr,132.26,203322,38,15,16,120,6451
Asien,Südkorea,https://shop.29cm.co.kr,663.32,705421,18,64,11,188,2549
Asien,Südkorea,https://car.withnews.kr,139.05,152291,24,21,21,24,1099
Asien,Südkorea,https://g-disk.co.kr,111.47,126682,12,19,4,190,5048
Asien,Südkorea,https://canvas.ssu.ac.kr,0.05,81,0,0,0,0,84
Asien,Südkorea,https://canvas.dankook.ac.kr,0.05,81,0,0,0,0,84
Asien,Südkorea,https://m.oliveyoung.co.kr,45.97,50669,8,1,0,0,187
Asien,Südkorea,https://bestshop.lge.co.kr,155.05,230407,15,27,15,79,0
Asien,Südkorea,https://m.sktuniverse.co.kr,127.8,192657,10,36,4,1,108
Asien,Südkorea,https://m.sharebox.co.kr,53.41,73372,17,33,7,33,0
Asien,Südkorea,https://m.todayhumor.co.kr,24.29,27558,2,19,7,0,1741
Asien,Südkorea,https://m.megafile.co.kr,0.04,41,0,1,0,0,0
Asien,Südkorea,https://www.auction.co.kr,19.84,20933,4,1,0,1,332
Asien,Südkorea,https://red52.kr,31.52,40897,17,19,16,15,1763
Asien,Südkorea,https://www.heye.kr,35.21,41145,13,22,17,28,4189
Asien,Südkorea,https://www.harpersbazaar.co.kr,160.26,267243,18,23,4,112,1410
Asien,Südkorea,https://search.kyobobook.co.kr,42.27,60129,20,48,24,5,2774
Asien,Südkorea,https://zigzag.kr,50.07,53915,21,32,14,2,1109
Asien,Südkorea,https://hometax.go.kr,3.01,3891,1,1,0,0,28
Asien,Südkorea,https://canvas.knu.ac.kr,0.05,81,0,0,0,0,84
Asien,Südkorea,https://login.sooplive.co.kr,1.07,1606,3,2,2,0,180
Asien,Südkorea,https://login.11st.co.kr,94.54,134876,9,33,3,11,1971
Asien,Südkorea,https://asp.jeomsinpf1.co.kr,14.13,18842,7,14,9,25,799
Asien,Südkorea,https://m.saramin.co.kr,83.91,91134,18,29,16,13,3401
Asien,Südkorea,https://m.mootoon.co.kr,0.32,332,4,1,0,0,0
Asien,Südkorea,https://m.jobkorea.co.kr,174.99,249310,20,55,22,67,6306
Asien,Singapur,https://www.singaporepools.com.sg,26.58,39457,13,9,9,24,3319
Asien,Singapur,https://form.gov.sg,3.28,3557,13,2,7,0,6
Asien,Singapur,https://canvas.suss.edu.sg,22.84,24508,7,11,11,1,352
Asien,Singapur,https://www.myskillsfuture.gov.sg,97.46,110596,22,38,23,13,3792
Asien,Singapur,https://www.cpf.gov.sg,203.87,320311,11,14,21,27,10084
Asien,Singapur,https://www.businesstimes.com.sg,851.65,876122,45,18,10,68,10267
Asien,Singapur,https://www.weather.gov.sg,0.16,175,1,0,0,0,0
Asien,Singapur,https://www.carousell.sg,6.84,7002,5,1,0,0,16
Asien,Singapur,https://shopee.sg,113.25,115936,9,18,22,0,0
Asien,Singapur,https://go.gov.sg,1.34,1347,8,1,8,0,9
Asien,Singapur,https://onemotoring.lta.gov.sg,84.31,95098,6,26,15,53,8774
Asien,Singapur,https://www.skyscanner.com.sg,0.7,708,4,2,4,0,10
Asien,Singapur,https://services2.hdb.gov.sg,365.16,384270,4,14,0,1,402
Asien,Singapur,https://www.dbs.com.sg,88.71,91316,18,30,7,19,938
Asien,Singapur,https://www.gv.com.sg,6.82,6977,5,1,0,0,16
Asien,Singapur,https://www.locanto.sg,12.65,14055,3,2,0,0,207
Asien,Singapur,https://www.propertyguru.com.sg,6.87,7030,5,1,0,0,16
Asien,Singapur,https://www.mom.gov.sg,74.23,90001,25,57,22,19,4004
Asien,Singapur,https://www.stomp.sg,781.53,802716,25,10,4,134,7219
Asien,Singapur,https://elearn.smu.edu.sg,8.84,17053,2,3,3,2,1164
Asien,Singapur,https://shaw.sg,625.5,640459,9,181,21,6,10504
Asien,Singapur,https://forums.hardwarezone.com.sg,190.08,238371,17,34,14,38,19727
Asien,Singapur,https://www.google.com.sg,49.48,50398,2,11,0,1,296
Asien,Singapur,https://eservices.ica.gov.sg,1.86,1911,13,5,3,0,54
Asien,Singapur,https://xsite.singaporetech.edu.sg,7.33,9945,8,3,3,12,831
Asien,Singapur,https://www.ica.gov.sg,33.79,51849,13,17,15,36,2209
Asien,Singapur,https://mothership.sg,4.06,4572,5,3,1,0,780
Asien,Singapur,https://www.amazon.sg,0.0,0,0,0,0,0,0
Asien,Singapur,https://vle.learning.moe.edu.sg,1.74,1964,9,2,6,0,3
Asien,Singapur,https://www.lazada.sg,415.6,468553,12,44,16,102,8087
Asien,Singapur,https://www.zaobao.com.sg,243.86,278753,15,20,12,18,0
Asien,Singapur,https://activesg.gov.sg,6.84,7001,5,1,0,0,16
Asien,Singapur,https://www.espn.com.sg,244.41,251876,25,28,46,84,6678
Asien,Singapur,https://www.ebay.com.sg,545.91,567542,21,27,61,22,2573
Asien,Singapur,https://shop.garena.sg,5.25,6182,2,13,7,1,0
Asien,Singapur,https://www.8days.sg,292.45,350739,33,73,21,47,6335
Asien,Singapur,https://www.mistermobile.com.sg,6.85,7013,5,1,0,0,16
Asien,Singapur,https://www.ssdcl.com.sg,6.78,6934,5,1,0,0,16
Asien,Singapur,https://www.tripadvisor.com.sg,0.76,780,0,2,0,0,62
Asien,Singapur,https://cis.infox.sg,24.47,31034,6,20,4,32,2666
Asien,Singapur,https://www.fastjobs.sg,0.9,919,1,0,0,0,553
Asien,Singapur,https://mytax.iras.gov.sg,2.01,2563,1,1,0,0,0
Asien,Singapur,https://www.moe.gov.sg,36.31,53817,35,14,31,21,3781
Asien,Singapur,https://www.ntu.edu.sg,100.97,130709,13,12,5,3,10125
Asien,Singapur,https://idp.mims.moe.gov.sg,0.18,197,1,0,0,0,14
Asien,Singapur,https://sellercenter.lazada.sg,28.05,29932,22,20,29,0,59
Asien,Singapur,https://ticketmaster.sg,0.02,23,0,0,0,0,23
Asien,Singapur,https://www.courts.com.sg,0.38,430,0,0,0,0,138
Asien,Singapur,https://www.healthhub.sg,76.51,134580,8,56,6,33,5011
Asien,Singapur,https://www.nus.edu.sg,0.21,212,1,1,0,0,0
Asien,Singapur,https://www.police.gov.sg,212.21,426596,22,11,10,95,26937
Asien,Singapur,https://onlinelearn.sim.edu.sg,397.77,435463,0,5,1,0,289
Asien,Singapur,https://www.fidelity.com.sg,42.72,45394,6,444,0,0,22
Asien,Singapur,https://www.mewatch.sg,880.65,913301,14,17,82,54,2331
Asien,Singapur,https://perdis.towertransit.sg,0.64,701,1,0,0,1,18
Asien,Singapur,https://www.tnp.sg,781.53,802716,25,10,4,134,7219
Asien,Singapur,https://theindependent.sg,900.76,1009390,37,69,26,4,18030
Asien,Singapur,https://www.cimbclicks.com.sg,0.9,919,1,0,0,0,553
Asien,Singapur,https://www.glassdoor.sg,48.11,50629,4,4,1,8,2037
Asien,Singapur,https://www.nea.gov.sg,54.69,73893,18,24,16,45,3646
Asien,Singapur,https://pruaccess.prudential.com.sg,12.29,14119,4,15,6,3,1347
Asien,Singapur,https://signup.redeem.gov.sg,6.85,7006,5,1,0,0,16
Asien,Singapur,https://nyplms.polite.edu.sg,25.95,27982,8,10,18,30,4286
Asien,Singapur,https://pruraise-new.prudential.com.sg,2.85,3303,2,3,4,0,198
Asien,Singapur,https://www.income.com.sg,75.35,130355,10,29,25,84,6362
Asien,Singapur,https://www.lta.gov.sg,53.55,74554,5,21,23,33,5072
Asien,Singapur,https://www.tal.sg,18.56,24935,18,7,11,14,3424
Asien,Singapur,https://www.fairprice.com.sg,997.03,1022100,7,41,20,72,2870
Asien,Singapur,https://www.hdb.gov.sg,84.85,89637,3,0,1,1,251
Asien,Singapur,https://www.posb.com.sg,457.94,469582,23,35,15,21,3137
Asien,Singapur,https://www.mycareersfuture.gov.sg,5.87,6872,13,25,6,1,25
Asien,Singapur,https://www.onepa.gov.sg,70.95,73213,12,18,8,0,44
Asien,Singapur,https://eversafe.edu.sg,346.98,399270,38,107,74,138,13030
Asien,Singapur,https://homes.hdb.gov.sg,8.76,9435,3,16,5,0,16
Asien,Singapur,https://me.income.com.sg,2.27,2725,6,6,4,0,32
Asien,Singapur,https://jobcube.sg,18.92,28832,6,15,17,16,904
Asien,Singapur,https://cde.nus.edu.sg,0.21,212,1,1,0,0,0
Asien,Singapur,https://lovet.sg,56.49,73945,8,31,16,28,1845
Asien,Singapur,https://forms.uob.com.sg,0.0,0,0,0,0,0,0
Asien,Singapur,https://portal.nehr.sg,0.28,366,0,0,0,0,206
Asien,Singapur,https://studeserv.nyp.edu.sg,0.71,738,1,1,0,0,178
Asien,Singapur,https://horny.sg,382.36,482847,23,98,58,99,16877
Asien,Singapur,https://sterra.sg,298.64,346447,20,68,24,43,4006
Asien,Singapur,https://content.mycareersfuture.gov.sg,113.66,125190,21,39,23,41,5945
Asien,Singapur,https://www.comp.nus.edu.sg,316.78,335299,6,45,51,15,12231
Asien,Singapur,https://www.guardian.com.sg,91.81,112800,11,12,7,0,25
Asien,Singapur,https://tms.fcacademy.com.sg,26.24,49871,4,10,10,4,173
Asien,Singapur,https://www.cimb.com.sg,152.3,191089,15,19,13,21,6915
Asien,Singapur,https://www.elitigation.sg,45.59,69367,4,32,14,8,3489
Asien,Singapur,https://vario.sg,507.55,549499,16,60,263,749,18193
Asien,Thailand,https://www.google.co.th,77.57,79444,2,9,0,1,153
Asien,Thailand,https://www.thairath.co.th,1376.08,2053018,33,21,61,38,0
Asien,Thailand,https://imauth.bora.dopa.go.th,0.1,103,0,0,0,0,99
Asien,Thailand,https://www.lazada.co.th,402.71,472293,12,45,18,87,7572
Asien,Thailand,https://seller.shopee.co.th,8.98,9767,6,14,6,0,0
Asien,Thailand,https://sellercenter.lazada.co.th,27.65,36896,22,20,29,0,59
Asien,Thailand,https://www.siamsport.co.th,1355.44,1391374,15,41,17,149,0
Asien,Thailand,https://www.set.or.th,474.97,664251,24,18,35,30,3133
Asien,Thailand,https://www.ais.th,10.07,13026,11,12,5,1,74
Asien,Thailand,https://www.true.th,10.63,15732,12,24,17,0,151
Asien,Thailand,https://eworkpermit.doe.go.th,6.85,7007,5,1,0,0,16
Asien,Thailand,https://ratchada.ac.th,1.69,2623,3,0,1,3,283
Asien,Thailand,https://track.thailandpost.co.th,1.34,1266,3,3,14,0,37
Asien,Thailand,https://weather.tmd.go.th,866.8,1050506,8,8,1,1,876
Asien,Thailand,https://process5.gprocurement.go.th,0.25,245,0,0,0,0,141
Asien,Thailand,https://tdac.immigration.go.th,50.55,51807,7,4,8,0,66
Asien,Thailand,https://www.railway.co.th,2.27,3610,9,2,2,4,25
Asien,Thailand,https://www.rd.go.th,8.56,10262,28,6,26,2,167
Asien,Thailand,https://www.supersports.co.th,3257.03,3760273,15,103,34,112,1546
Asien,Thailand,https://www.toyota.co.th,21.89,23779,5,64,70,8,422
Asien,Thailand,https://farmer.doae.go.th,12.46,17068,0,25,10,13,763
Asien,Thailand,https://jtexpress.co.th,1.8,1744,6,7,9,0,0
Asien,Thailand,https://tfmweb.tfg.co.th,4.35,5500,3,12,7,1,27
Asien,Thailand,https://ttsview.railway.co.th,3.48,3940,4,18,9,0,147
Asien,Thailand,https://unemploy.doe.go.th,3.3,4774,6,6,3,2,76
Asien,Thailand,https://www.tmd.go.th,42.95,76628,2,23,19,27,0
Asien,Thailand,https://asset.led.go.th,0.08,81,1,0,0,0,0
Asien,Thailand,https://e-service.doe.go.th,13.04,16812,2,14,8,16,1078
Asien,Thailand,https://www.glo.or.th,616.96,631816,3,27,14,2,25
Asien,Thailand,https://www.skyscanner.co.th,0.7,708,4,2,4,0,10
Asien,Thailand,https://www.dailynews.co.th,2742.64,3102744,25,78,128,557,0
Asien,Thailand,https://www.sso.go.th,162.47,410554,8,46,12,38,1120
Asien,Thailand,https://www.intergold.co.th,105.89,154853,16,48,27,43,365
Asien,Thailand,https://www.flashexpress.co.th,0.39,405,1,0,0,0,137
Asien,Thailand,https://www.khaosod.co.th,6.84,7003,5,1,0,0,16
Asien,Thailand,https://job3.ocsc.go.th,0.25,271,2,0,0,0,3
Asien,Thailand,https://saraban.egov.go.th,6.83,6983,5,1,0,0,16
Asien,Thailand,https://m.ais.co.th,10.07,13026,11,12,5,1,74
Asien,Thailand,https://www.advice.co.th,6.18,6692,5,5,1,0,654
Asien,Thailand,https://translate.google.co.th,31.02,36474,1,0,1,1,2222
Asien,Thailand,https://www.dtac.co.th,262.07,333458,25,31,13,27,2207
Asien,Thailand,https://www.matichon.co.th,2107.96,2226171,27,86,36,140,0
Asien,Thailand,https://www.tnews.co.th,155.45,191051,35,51,16,45,0
Asien,Thailand,https://heroobeccare.obec.go.th,22.89,38577,4,1,13,8,1732
Asien,Thailand,https://connect.egov.go.th,0.71,825,4,3,1,0,5
Asien,Thailand,https://www.bnn.in.th,4.06,4568,5,3,1,0,776
Asien,Thailand,https://www.jib.co.th,867.41,2358826,24,33,19,436,4732
Asien,Thailand,https://www.homepro.co.th,6.82,6982,5,1,0,0,16
Asien,Thailand,https://e-budget.jobobec.in.th,2.04,2671,1,0,1,3,55
Asien,Thailand,https://dlt-drivingschool.dlt.go.th,2.75,3894,2,8,7,0,91
Asien,Thailand,https://rebalance.co.th,551.52,599432,24,40,66,25,0
Asien,Thailand,https://www.goldtraders.or.th,78.3,100089,2,22,4,55,0
Asien,Thailand,https://chordtabs.in.th,12.33,24207,17,4,12,2,0
Asien,Thailand,https://hdmall.co.th,600.69,778023,18,15,16,99,2535
Asien,Thailand,https://www.renthub.in.th,807.2,1012375,9,18,20,174,0
Asien,Thailand,https://ces.wu.ac.th,38.06,39106,1,0,0,0,242
Asien,Thailand,https://efiling.led.go.th,0.07,76,0,1,0,0,0
Asien,Thailand,https://elearning.set.or.th,388.96,616457,17,27,17,178,0
Asien,Thailand,https://www.allonline.7eleven.co.th,1740.35,2402446,12,15,13,1094,0
Asien,Thailand,https://www.mitsubishi-motors.co.th,1003.27,1051111,12,10,38,9,881
Asien,Thailand,https://stud.mcu.ac.th,233.87,265658,19,61,49,4,1939
Asien,Thailand,https://www.scb.co.th,36.46,55190,43,21,17,4,962
Asien,Thailand,https://my.lazada.co.th,57.71,73510,5,50,19,32,1018
Asien,Thailand,https://ebiz.dbd.go.th,1.3,1297,0,1,0,0,574
Asien,Thailand,https://redeem.ff.garena.in.th,8.69,10479,12,11,7,2,155
Asien,Thailand,https://dticket.railway.co.th,0.09,96,1,0,0,0,0
Asien,Thailand,https://www.gprocurement.go.th,0.38,427,1,1,0,0,7
Asien,Thailand,https://enroll.tsu.ac.th,32.65,65780,8,25,6,14,2315
Asien,Thailand,https://efiling.rd.go.th,41.59,67380,3,13,7,4,0
Asien,Thailand,https://landsmaps.dol.go.th,0.88,864,4,1,0,0,83
Asien,Thailand,https://www.central.co.th,4.98,5478,5,4,1,0,780
Asien,Thailand,https://e-report.dsd.go.th,1.96,2976,0,4,1,0,206
Asien,Thailand,https://playserver.in.th,90.07,129415,21,11,6,32,1815
Asien,Thailand,https://reg.buu.ac.th,16.46,17639,1,5,4,15,2429
Asien,Thailand,https://www.gsb.or.th,111.01,144160,7,39,32,66,0
Asien,Thailand,https://www.ktc.co.th,106.58,146644,22,67,25,124,482
Asien,Thailand,https://www.healthcare.aia.co.th,34.03,36386,3,12,4,2,481
Asien,Thailand,https://www.rama.mahidol.ac.th,114.11,201611,11,43,31,91,475
Asien,Thailand,https://www.thaischoollunch.in.th,12.76,18462,5,7,1,11,1135
Asien,Thailand,https://amway.co.th,972.92,1052667,27,48,99,42,0
Asien,Thailand,https://privilege.ais.co.th,11.64,13682,28,24,21,0,70
Asien,Thailand,https://ddchpackage.dtac.co.th,78.12,143354,10,11,4,0,0
Asien,Thailand,https://www.erawancenter.bangkok.go.th,6.61,8745,3,6,7,1,163
Asien,Thailand,https://aiscallcenter.ais.co.th,143.27,159673,21,43,35,23,1365
Asien,VAE,https://visitabudhabi.ae,1959.95,2030836,17,29,30,38,1796
Asien,VAE,https://www.amazon.ae,0.0,0,0,0,0,0,0
Asien,VAE,https://bigticket.ae,0.32,348,0,0,0,0,118
Asien,VAE,https://lms.moe.gov.ae,4.55,5895,3,7,4,0,21
Asien,VAE,https://www.etisalat.ae,273.97,428857,20,14,2,271,14123
Asien,VAE,https://www.dubaipolice.gov.ae,3.65,3864,3,11,2,0,20
Asien,VAE,https://openjet.inhealth.ae,0.07,75,0,0,0,0,75
Asien,VAE,https://watchwrestling.ae,56.8,60143,19,20,11,15,7460
Asien,VAE,https://themoviesflix.ae,63.25,65410,4,6,6,0,275
Asien,VAE,https://smart.gdrfad.gov.ae,147.81,176009,11,70,51,23,0
Asien,VAE,https://smartservices.icp.gov.ae,0.69,721,0,3,0,0,0
Asien,VAE,https://www.eau.ac.ae,196.08,342610,17,19,12,131,10223
Asien,VAE,https://komiku.ae,33.36,34888,17,12,22,1,535
Asien,VAE,https://www.dc.gov.ae,2942.64,3032371,13,58,26,49,1677
Asien,VAE,https://www.albayan.ae,1591.48,1917343,37,24,11,102,3712
Asien,VAE,https://sellercentral.amazon.ae,165.07,170264,16,35,5,10,2676
Asien,VAE,https://www.gdrfad.gov.ae,220.45,262205,7,67,90,14,7065
Asien,VAE,https://www.rta.ae,0.97,1034,0,1,0,0,0
Asien,VAE,https://www.skyscanner.ae,0.7,708,4,2,4,0,10
Asien,VAE,https://ids.uaepass.ae,0.22,212,0,0,0,0,123
Asien,VAE,https://www.propertyfinder.ae,965.77,989372,32,24,47,43,60929
Asien,VAE,https://www.theuaelottery.ae,4.01,4261,6,18,10,0,34
Asien,VAE,https://aigames.ae,33.2,35689,3,8,5,49,430
Asien,VAE,https://v4.g.sabaya.ae,41.33,63104,27,11,6,46,2551
Asien,VAE,https://rakbankonline.ae,200.93,206604,18,21,16,18,665
Asien,VAE,https://www.downloadhub.ae,49.47,50388,2,11,0,1,296
Asien,VAE,https://myaccount.du.ae,0.14,148,0,1,0,0,0
Asien,VAE,https://inquiry.mohre.gov.ae,14.81,20964,3,3,5,7,1789
Asien,VAE,https://www.ounass.ae,143.66,153031,18,14,40,16,1143
Asien,VAE,https://www.mariab.ae,4014.57,4225745,22,90,26,103,6381
Asien,VAE,https://eservices.dubaided.gov.ae,0.29,383,0,0,0,0,219
Asien,VAE,https://eservices.tax.gov.ae,8.26,9554,4,11,0,2,0
Asien,VAE,https://www.wego.ae,10.53,10773,4,3,8,0,4
Asien,VAE,https://eportal.sharjahcustoms.gov.ae,0.09,93,0,1,0,0,0
Asien,VAE,https://beta.smartservices.icp.gov.ae,0.99,1036,0,3,0,0,0
Asien,VAE,https://login.rta.ae,1.06,1189,1,0,2,2,171
Asien,VAE,https://ecmpermits.ae,33.58,58951,3,11,9,3,5623
Asien,VAE,https://www.desertcart.ae,6.64,6798,5,1,0,0,16
Asien,VAE,https://dubailand.gov.ae,117.29,165581,20,73,23,35,3338
Asien,VAE,https://gdrfad.gov.ae,220.44,262197,7,67,90,14,7065
Asien,VAE,https://www.adjd.gov.ae,361.36,653092,15,80,31,59,0
Asien,VAE,https://u.ae,282.9,614128,9,32,7,96,1450
Asien,VAE,https://www.gettyimages.ae,19.62,20295,10,9,16,2,48
Asien,VAE,https://www.nike.ae,282.16,410729,37,21,97,19,6837
Asien,VAE,https://services.dha.gov.ae,40.24,67806,3,22,13,25,1519
Asien,VAE,https://themafia.ae,11.92,14741,5,16,7,8,325
Asien,VAE,https://www.next.ae,329.93,345293,8,118,46,36,2051
Asien,VAE,https://www.dubaitrade.ae,494.14,525702,23,62,27,83,23662
Asien,VAE,https://www.truewin.ae,4.15,4371,8,14,7,0,71
Asien,VAE,https://lms.midocean.ae,29.28,35527,5,16,7,4,352
Asien,VAE,https://www.cleartrip.ae,8.64,8841,3,8,5,0,0
Asien,VAE,https://www.mohre.gov.ae,163.91,162101,28,42,28,47,7218
Asien,VAE,https://www.dewa.gov.ae,0.28,371,0,0,0,0,207
Asien,VAE,https://www.tanishq.ae,4.06,4537,5,3,1,0,777
Asien,VAE,https://receipts.mohre.gov.ae,0.0,0,0,0,0,0,0
Asien,VAE,https://competitii.ae,6.78,6935,5,1,0,0,16
Asien,VAE,https://ums.rta.ae,5.92,6113,6,13,2,0,1408
Asien,VAE,https://smdf.infinitifutures.ae,33.35,46777,20,16,15,3,4575
Asien,VAE,https://www.eclaimlink.ae,24.7,37046,1,13,15,27,1794
Asien,VAE,https://www.du.ae,51.08,240496,38,11,9,6,2915
Asien,VAE,https://www.toyota.ae,4526.88,4637857,9,36,23,117,4035
Asien,VAE,https://www.damanhealth.ae,164.28,235406,20,30,27,93,11478
Asien,VAE,https://aes1.tribalwars.ae,47.73,50360,7,5,43,19,2247
Asien,VAE,https://ae93.tribalwars.ae,47.73,50360,7,5,43,19,2247
Asien,VAE,https://icp.gov.ae,595.22,619830,28,10,10,61,1653
Asien,VAE,https://adtv.ae,976.28,1013917,20,16,18,110,4119
Asien,VAE,https://www.mofa.gov.ae,131.24,246695,14,19,7,34,61
Asien,VAE,https://www.rakbank.ae,200.92,206596,18,21,16,18,665
Asien,VAE,https://shop.du.ae,51.08,240496,38,11,9,6,2915
Asien,VAE,https://batik.ae,143.87,162781,16,31,11,46,2788
Asien,VAE,https://eportal.hfza.ae,0.74,761,0,0,0,0,560
Asien,VAE,https://cudportal.cud.ac.ae,0.04,45,0,0,0,0,45
Asien,VAE,https://crm.mbrch.gov.ae,10331.89,10636328,12,25,5,34,3396
Asien,VAE,https://crm.mpd.ae,0.45,503,0,0,0,0,47
Asien,VAE,https://garhoud-online.almawakeb.sch.ae,47.66,62485,3,15,4,6,849
Asien,VAE,https://dubairetail.ae,39.76,67052,32,12,8,23,3611
Asien,VAE,https://emirateshospitals.ae,208.09,240950,22,48,46,49,21916
Asien,VAE,https://fitness.ehs.gov.ae,507.06,544514,4,36,10,9,1134
Asien,VAE,https://istyle.ae,1617.57,1741311,21,250,68,57,7214
Asien,VAE,https://channel.insurancehouse.ae,20.76,29811,4,32,8,2,185
Asien,VAE,https://careers.ekfccloud.ae,13.57,24955,1,5,6,7,532
Asien,VAE,https://app.atlp.ae,12.53,14024,4,10,8,1,3
Asien,VAE,https://makeup.ae,428.29,439138,11,9,62,59,2746
Asien,VAE,https://portal.shjmun.gov.ae,8.8,9288,11,4,11,0,20
Asien,VAE,https://igold.ae,24.88,34170,6,8,6,26,2957
Asien,VAE,https://mbzuai.ac.ae,291.73,349011,35,39,23,42,10192
Asien,Malaysia,https://www.mudah.my,187.22,199243,21,42,58,19,3975
Asien,Malaysia,https://filmix.my,118.4,131242,16,26,16,42,2878
Asien,Malaysia,https://shopee.com.my,113.74,116442,9,18,22,0,0
Asien,Malaysia,https://hrmis2.eghrmis.gov.my,13.92,19284,3,5,3,7,3167
Asien,Malaysia,https://www.bharian.com.my,6.87,7025,5,1,0,0,16
Asien,Malaysia,https://idme.moe.gov.my,0.88,862,4,1,0,0,82
Asien,Malaysia,https://ufuture.uitm.edu.my,24.93,36816,4,13,13,28,1719
Asien,Malaysia,https://www.hmetro.com.my,44.48,55776,15,29,28,21,1010
Asien,Malaysia,https://tv1.nontondrama.my,274.66,280652,89,7,23,234,17028
Asien,Malaysia,https://s.shopee.com.my,1.79,1769,2,3,8,0,27
Asien,Malaysia,https://www.thestar.com.my,164.22,276629,23,130,34,10,5167
Asien,Malaysia,https://uaserials.my,34.76,44855,14,17,17,30,4
Asien,Malaysia,https://moeispel.moe.gov.my,0.88,862,4,1,0,0,82
Asien,Malaysia,https://www.kosmo.com.my,720.71,773022,21,144,63,64,9292
Asien,Malaysia,https://d2.delima.edu.my,26.31,27689,5,7,6,0,15
Asien,Malaysia,https://www.sinarharian.com.my,91.91,94260,31,24,21,47,5844
Asien,Malaysia,https://ains.moe.gov.my,1.89,2194,6,2,4,1,85
Asien,Malaysia,https://gurubesar.my,158.72,162155,21,18,12,10,1837
Asien,Malaysia,https://radioonline.my,46.01,48624,14,12,110,71,1392
Asien,Malaysia,https://my.ummc.edu.my,5.03,6294,2,2,3,2,337
Asien,Malaysia,https://form.sarawak.gov.my,46.9,53576,4,32,19,7,413
Asien,Malaysia,https://ecentral.my,194.76,205980,16,31,28,67,4997
Asien,Malaysia,https://translate.google.com.my,30.98,33363,1,0,1,1,2134
Asien,Malaysia,https://frdl.my,14.0,17533,7,11,9,24,2470
Asien,Malaysia,https://mangapoi.my,6.78,6933,5,1,0,0,16
Asien,Malaysia,https://kinokrad.my,6.73,6890,5,1,0,0,16
Asien,Malaysia,https://www.enanyang.my,42.3,72931,20,28,16,41,1725
Asien,Malaysia,https://www.vn2b.my,98.9,104048,10,4,2,58,6524
Asien,Malaysia,https://insan.jpa.gov.my,21.68,31041,3,8,15,44,1306
Asien,Malaysia,https://publicgold.com.my,68.23,138415,6,12,5,46,3404
Asien,Malaysia,https://vip.kimcilonlyofc.my,113.13,119756,19,12,11,41,3015
Asien,Malaysia,https://www.aia.com.my,355.17,466755,39,63,3,177,10259
Asien,Malaysia,https://www.cimb.com.my,302.15,369954,16,18,15,63,14837
Asien,Malaysia,https://animex.my,259.63,338434,6,36,30,64,10636
Asien,Malaysia,https://moeissppb.moe.gov.my,0.89,879,4,1,0,0,82
Asien,Malaysia,https://online.ktmb.com.my,62.65,72799,5,43,12,2,2082
Asien,Malaysia,https://www.eprema.com.my,2.75,3229,0,0,1,2,294
Asien,Malaysia,https://www.cimb.bizchannel.com.my,6.92,7076,5,1,0,0,16
Asien,Malaysia,https://www.lazada.com.my,403.9,461674,12,44,16,101,6707
Asien,Malaysia,https://primis-clinical10.protecthealth.com.my,4.07,4579,5,3,1,0,787
Asien,Malaysia,https://ukmfolio.ukm.my,48.4,64646,5,16,4,9,3550
Asien,Malaysia,https://bantuanbaru.my,172.47,176636,19,18,12,10,6001
Asien,Malaysia,https://lolokino.my,143.85,148926,8,24,17,57,4095
Asien,Malaysia,https://elearning.utm.my,0.3,307,1,0,0,0,17
Asien,Malaysia,https://myguru.upsi.edu.my,36.52,57387,3,25,9,13,560
Asien,Malaysia,https://itel.ums.edu.my,62.12,83186,4,16,3,28,3442
Asien,Malaysia,https://italeemc.iium.edu.my,89.7,125697,3,13,3,9,5303
Asien,Malaysia,https://spa9.spa.gov.my,14.01,19494,7,15,8,8,748
Asien,Malaysia,https://seller.shopee.com.my,8.98,9767,6,14,6,0,0
Asien,Malaysia,https://magnum4d.my,131.66,232711,2,20,6,117,7307
Asien,Malaysia,https://eservices.imi.gov.my,0.78,795,0,1,0,1,37
Asien,Malaysia,https://myptptn.ptptn.gov.my,87.93,117508,14,24,14,21,1216
Asien,Malaysia,https://www.playtamil.my,19.39,20061,11,2,3,35,3895
Asien,Malaysia,https://mystudent.uitm.edu.my,2.62,2696,13,8,9,0,9
Asien,Malaysia,https://www.tracking.my,48.46,69611,4,8,2,32,6359
Asien,Malaysia,https://www.sinchew.com.my,358.13,514479,36,58,10,168,0
Asien,Malaysia,https://efs.kehakiman.gov.my,0.97,1089,2,2,0,0,68
Asien,Malaysia,https://lms2.apiit.edu.my,26.91,31670,3,15,4,2,267
Asien,Malaysia,https://9xmoviies.my,149.33,161211,19,11,12,31,6090
Asien,Malaysia,https://picks.my,14.06,23850,12,9,8,2,46
Asien,Malaysia,https://secure.kwsp.gov.my,7.37,7537,5,1,0,0,16
Asien,Malaysia,https://www.redbus.my,345.01,356154,13,12,21,12,12980
Asien,Malaysia,https://www.carlist.my,6.88,7043,5,1,0,0,16
Asien,Malaysia,https://sabong67.my,114.4,132609,32,44,31,25,9948
Asien,Malaysia,https://myservice.aia.com.my,0.32,354,1,0,0,0,13
Asien,Malaysia,https://www.sportstoto.com.my,168.84,193204,4,21,15,37,9510
Asien,Malaysia,https://www.waktusolat.my,23.31,28981,17,13,9,9,4315
Asien,Malaysia,https://www.buletintv3.my,371.86,383968,29,35,25,72,7023
Asien,Malaysia,https://www.u.com.my,368.77,468177,14,14,6,96,13972
Asien,Malaysia,https://www.ticket2u.com.my,60.59,81827,20,22,8,24,6401
Asien,Malaysia,https://majoriti.com.my,94.08,106784,30,55,13,31,8182
Asien,Malaysia,https://learning.uum.edu.my,66.12,97917,3,17,4,6,5406
Asien,Malaysia,https://bizpro.aeoncredit.com.my,4.38,4550,2,1,0,0,12
Asien,Malaysia,https://bjak.my,718.28,736262,22,17,23,105,4906
Asien,Malaysia,https://sso.digital-id.my,145.53,149527,17,43,29,66,6393
Asien,Malaysia,https://unistudent.upsi.edu.my,46.91,61057,6,14,11,19,5654
Asien,Philippinen,https://www.casinoplus.com.ph,793.13,814515,3,1,1,8,161
Asien,Philippinen,https://www.playtime.ph,4.06,4538,5,3,1,0,778
Asien,Philippinen,https://moviebox.ph,1168.02,1203840,38,5,71,160,11246
Asien,Philippinen,https://static.playtime.ph,4.06,4538,5,3,1,0,778
Asien,Philippinen,https://checkout.spotpay.ph,21.66,33165,2,4,4,19,801
Asien,Philippinen,https://arenaplus.ph,1.3,1433,2,1,0,1,15
Asien,Philippinen,https://www.lazada.com.ph,361.21,425179,12,44,16,79,11594
Asien,Philippinen,https://www.sportsplus.ph,7.47,8497,3,0,1,0,103
Asien,Philippinen,https://gzone.ph,1.46,1660,2,1,0,0,8
Asien,Philippinen,https://nustargame.ph,1.26,1655,2,1,1,2,211
Asien,Philippinen,https://www.espn.ph,224.83,232085,25,30,46,73,6502
Asien,Philippinen,https://www.workabroad.ph,76.77,108827,10,49,24,73,7620
Asien,Philippinen,https://m.slotvip.ph,24.02,24913,6,15,5,1,140
Asien,Philippinen,https://e-tesda.gov.ph,21.71,23300,5,13,4,1,654
Asien,Philippinen,https://api.narwhalpay.ph,0.02,23,0,0,0,0,23
Asien,Philippinen,https://lis.deped.gov.ph,30.95,32303,4,9,3,1,305
Asien,Philippinen,https://sso.sss.gov.ph,0.1,99,1,0,0,0,0
Asien,Philippinen,https://www.onlinejobs.ph,27.14,40738,20,22,10,5,2497
Asien,Philippinen,https://m.ph365.com.ph,24.1,25047,8,16,5,2,42
Asien,Philippinen,https://member.sss.gov.ph,0.11,109,1,0,0,0,0
Asien,Philippinen,https://bet88.ph,6.79,6951,5,1,0,0,16
Asien,Philippinen,https://philnews.ph,286.36,294828,21,37,12,60,10941
Asien,Philippinen,https://www.sss.gov.ph,87.88,95876,8,52,40,39,6443
Asien,Philippinen,https://appointment.apostille.gov.ph,22.47,34169,3,5,5,6,4187
Asien,Philippinen,https://exam.csc.gov.ph,4.06,4569,5,3,1,0,777
Asien,Philippinen,https://idiwa.com.ph,0.0,0,0,0,0,0,0
Asien,Philippinen,https://pages.lazada.com.ph,351.94,415655,12,44,16,76,11483
Asien,Philippinen,https://notices.philgeps.gov.ph,54.43,60967,2,6,1,7,12433
Asien,Philippinen,https://learn.doh.gov.ph,4.98,5475,5,4,1,0,777
Asien,Philippinen,https://smmarkets.ph,5.06,6602,4,6,5,2,0
Asien,Philippinen,https://www.bigbunny.ph,4.06,4570,5,3,1,0,778
Asien,Philippinen,https://www.intercommerce.com.ph,22.13,29247,1,2,3,27,3296
Asien,Philippinen,https://www.cln.com.ph,715.57,921081,20,68,19,143,6895
Asien,Philippinen,https://nustar.ph,439.08,449643,1,1,0,1,38
Asien,Philippinen,https://my.smccnasipit.edu.ph,4.07,4577,5,3,1,0,785
Asien,Philippinen,https://online.bpi.com.ph,2.4,2823,5,8,6,0,36
Asien,Philippinen,https://online.prc.gov.ph,57.48,93024,3,20,14,4,21269
Asien,Philippinen,https://sportsplus.ph,7.47,8497,3,0,1,0,103
Asien,Philippinen,https://onlineapp.national-u.edu.ph,6.86,7021,5,1,0,0,16
Asien,Philippinen,https://seller.shopee.ph,8.98,9767,6,14,6,0,0
Asien,Philippinen,https://www.autodeal.com.ph,421.12,615734,12,10,6,325,18599
Asien,Philippinen,https://www.gbet.com.ph,0.91,878,2,5,5,0,8
Asien,Philippinen,https://v2.onlinejobs.ph,27.14,40738,20,22,10,5,2497
Asien,Philippinen,https://www.pep.ph,209.42,242369,26,47,35,11,1966
Asien,Philippinen,https://www.prc.gov.ph,161.31,205869,5,9,3,45,20014
Asien,Philippinen,https://www.pna.gov.ph,6.7,6851,5,1,0,0,16
Asien,Philippinen,https://king.ph,1.16,1448,9,0,0,0,13
Asien,Philippinen,https://passport.gov.ph,192.07,207958,2,8,2,7,6460
Asien,Philippinen,https://etravel.gov.ph,62.25,63795,17,9,8,52,752
Asien,Philippinen,https://portal.skyro.ph,0.84,1036,2,3,2,0,12
Asien,Philippinen,https://queen.ph,1.18,1472,9,0,0,0,13
Asien,Philippinen,https://training.deped.gov.ph,27.99,32570,5,12,4,5,481
Asien,Philippinen,https://cec.philhealth.gov.ph,8.36,9639,6,17,3,4,232
Asien,Philippinen,https://sso.sprout.ph,0.0,0,0,0,0,0,0
Asien,Philippinen,https://services.csc.gov.ph,4.06,4569,5,3,1,0,777
Asien,Philippinen,https://www.flashscore.ph,101.9,123053,14,57,47,2,5764
Asien,Philippinen,https://online-appointment.marina.gov.ph,7.46,11470,2,7,3,0,11
Asien,Philippinen,https://pvl.ph,100.54,163902,4,19,6,118,4197
Asien,Philippinen,https://www.globe.com.ph,6.8,6959,5,1,0,0,16
Asien,Philippinen,https://www.metrobank.com.ph,173.25,178423,22,48,18,40,3372
Asien,Philippinen,https://www.pagasa.dost.gov.ph,1175.73,1338829,2,24,6,103,10334
Asien,Philippinen,https://www.psaserbilis.com.ph,3.7,4197,9,0,0,0,1838
Asien,Philippinen,https://www.pvl.ph,100.92,164294,4,19,6,118,4197
Asien,Philippinen,https://college.nemco.edu.ph,14.18,21186,2,10,2,1,651
Asien,Philippinen,https://getsim.dito.ph,3.39,4150,11,12,4,0,0
Asien,Philippinen,https://t2mis.tesda.gov.ph,2.24,2570,3,11,1,1,104
Asien,Philippinen,https://www.jtexpress.ph,2.5,2599,8,8,6,0,0
Asien,Philippinen,https://www.philhealth.gov.ph,10.46,12806,2,4,6,40,1427
Asien,Philippinen,https://glife.gzone.ph,1.46,1660,2,1,0,0,8
Asien,Philippinen,https://csc.gov.ph,52.2,59897,6,22,12,23,10938
Asien,Philippinen,https://bingoplus.ph,1.3,1421,2,1,0,1,15
Asien,Philippinen,https://motortrade.com.ph,429.5,471216,25,69,14,134,6156
Asien,Philippinen,https://myhub.atp.ph,4.57,6392,7,6,6,2,129
Asien,Philippinen,https://cash-express.ph,65.03,83492,21,12,6,27,34615
Asien,Philippinen,https://sellercenter.lazada.com.ph,29.2,31105,22,20,29,0,59
Asien,Philippinen,https://www.ford.com.ph,0.28,371,0,0,0,0,207
Asien,Philippinen,https://winzir.ph,477.33,489066,2,1,0,3,193
Asien,Philippinen,https://erpo.csc.gov.ph,4.06,4569,5,3,1,0,777
Asien,Philippinen,https://pinnacle.pnc.edu.ph,0.0,0,0,0,0,0,0
Asien,Philippinen,https://ecommerce.datablitz.com.ph,1363.38,1550858,21,179,20,88,4281
Asien,Philippinen,https://www.csc.gov.ph,4.06,4569,5,3,1,0,777
Asien,Philippinen,https://www.etrade.net.ph,16.35,20639,1,8,2,2,4744
Asien,Philippinen,https://www.nissan.ph,1074.79,1202196,21,21,26,52,5153
Asien,Philippinen,https://xoplay.ph,4.06,4568,5,3,1,0,776
Asien,Philippinen,https://pasigpass.pasigcity.gov.ph,4.38,6530,2,5,4,1,227
Asien,Philippinen,https://psahelpline.ph,605.32,645614,12,7,10,20,24712
Asien,Philippinen,https://simreg.smart.com.ph,2.97,3564,16,3,2,0,22
Asien,Philippinen,https://www.bpi.com.ph,141.08,191334,12,31,35,49,4751
Asien,Israel,https://www.ynet.co.il,505.9,572196,22,146,7,165,3034
Asien,Israel,https://www.yad2.co.il,118.55,124721,11,13,5,28,0
Asien,Israel,https://m.maariv.co.il,417.4,469537,17,47,18,86,2880
Asien,Israel,https://www.mako.co.il,1166.09,1267099,22,27,24,222,0
Asien,Israel,https://www.haaretz.co.il,1224.88,1286966,21,458,28,39,2290
Asien,Israel,https://www.kan.org.il,2.53,2729,0,1,0,0,717
Asien,Israel,https://www.gov.il,4.96,5488,5,4,1,0,777
Asien,Israel,https://e-services.clalit.co.il,0.87,861,4,1,0,0,82
Asien,Israel,https://www.israelhayom.co.il,2362.82,2502455,20,56,48,43,59
Asien,Israel,https://shop.super-pharm.co.il,0.44,445,1,2,0,0,0
Asien,Israel,https://www.globes.co.il,143.9,192398,18,71,23,66,0
Asien,Israel,https://www.walla.co.il,617.49,646736,27,34,5,58,39
Asien,Israel,https://ps.btl.gov.il,20.85,27810,4,9,3,0,1361
Asien,Israel,https://m.telesport.co.il,210.57,242377,2,23,10,55,543
Asien,Israel,https://www.9tv.co.il,6.84,6999,5,1,0,0,16
Asien,Israel,https://www.alljobs.co.il,122.44,162806,5,29,18,29,1097
Asien,Israel,https://www.mcc.co.il,13.71,14299,4,0,0,1,557
Asien,Israel,https://www.next.co.il,317.0,335155,11,110,44,19,2177
Asien,Israel,https://www.smartschool.co.il,0.11,118,0,0,0,0,27
Asien,Israel,https://www.payngo.co.il,4.06,4539,5,3,1,0,779
Asien,Israel,https://www.ivory.co.il,988.4,1371716,21,75,62,508,10795
Asien,Israel,https://app.icount.co.il,24.51,27555,3,17,20,2,1107
Asien,Israel,https://my.gov.il,10.09,10358,2,4,3,0,15
Asien,Israel,https://doar.israelpost.co.il,0.24,334,0,0,0,0,108
Asien,Israel,https://13tv.co.il,390.49,447492,19,41,11,144,2998
Asien,Israel,https://www.football.org.il,4.06,4574,5,3,1,0,782
Asien,Israel,https://www.jdn.co.il,409.51,503684,17,103,71,75,1359
Asien,Israel,https://www.n12.co.il,222.14,248107,13,45,15,118,0
Asien,Israel,https://www.emess.co.il,173.49,201683,7,5,52,77,2876
Asien,Israel,https://www.vesty.co.il,143.12,165184,21,75,5,32,1780
Asien,Israel,https://www.zbeng.co.il,34.65,43847,5,24,6,13,2364
Asien,Israel,https://www.hvr.co.il,13.71,14299,4,0,0,1,557
Europa,Deutschland,https://www.zalando.de,128.52,131779,5,16,12,0,192
Europa,Spanien,https://www.zalando.es,128.11,131352,5,16,12,0,222
Europa,Niederlande,https://tuoi69.nl,6.27,7180,5,1,1,0,896
Europa,Belgien,https://www.delhaize.be,1124.22,1153202,15,42,19,49,2029
Europa,Belgien,https://www.gamma.be,340.89,349244,3,76,8,62,6070
Europa,Österreich,https://www.zalando.at,128.43,131683,5,16,12,0,192
Asien,Japan,https://trilltrill.jp,60.09,71231,28,39,6,3,3359
Asien,Japan,https://search.travel.rakuten.co.jp,0.03,28,0,0,0,0,27
Asien,China,https://mi.feishu.cn,92.05,94447,16,7,7,1,0
Asien,China,https://iq.feishu.cn,91.76,94150,16,7,7,1,0
Asien,Indien,https://ssc.nic.in,0.48,625,1,2,0,0,105
Asien,Südkorea,https://cyber.inu.ac.kr,24.97,27407,5,30,5,8,1291
Asien,Singapur,https://seller.shopee.sg,8.98,9767,6,14,6,0,0
Asien,Singapur,https://dms.cs.shopee.sg,7.53,9572,6,7,4,0,23
Asien,Thailand,https://shopee.co.th,112.25,114914,9,18,22,0,0
Asien,Thailand,https://spx.co.th,156.61,183420,21,13,7,21,3489
Asien,Thailand,https://www.honda.co.th,241.75,268993,13,44,16,61,3788
Asien,Thailand,https://s.shopee.co.th,1.79,1769,2,3,8,0,27
Asien,Malaysia,https://bantuantunai2025.hasil.gov.my,61.09,93578,5,30,22,11,2934
Asien,Malaysia,https://auth.digitalid.unifi.my,6.98,8131,7,7,6,1,131
Asien,Malaysia,https://w3.financial-link.com.my,0.05,51,0,0,0,0,24
Asien,Philippinen,https://shopee.ph,113.34,116033,9,18,22,0,0
Asien,Israel,https://hb2.bankleumi.co.il,0.83,1045,2,1,0,0,45
Asien,Israel,https://opal.openu.ac.il,5.05,6977,6,6,3,1,314
Asien,Israel,https://sports.walla.co.il,635.09,663435,17,35,5,33,13333
Asien,Israel,https://www.btl.gov.il,125.18,162148,13,60,15,7,9004
Asien,Israel,https://news.israelinfo.co.il,130.97,151210,176,4,35,25,17979
Asien,Israel,https://www.bhol.co.il,6.8,6958,5,1,0,0,16
Asien,Israel,https://e.walla.co.il,500.84,522637,17,35,5,20,8891
Asien,Israel,https://www.foodsdictionary.co.il,106.67,124011,17,16,16,181,9718
Asien,Israel,https://www.note.co.il,20.36,22955,10,14,9,2,1915
Asien,Israel,https://www.planetcinema.co.il,80.31,99001,14,66,16,71,2071
Asien,Israel,https://www.mybf.co.il,62.21,70742,13,7,19,102,6265
Asien,Israel,https://finance.walla.co.il,563.45,589435,16,35,5,23,13456
Asien,Israel,https://stips.co.il,4.25,4985,12,6,7,0,24
Asien,Israel,https://www.bizportal.co.il,256.14,295812,7,44,7,86,17307
Asien,Israel,https://www.one.co.il,382.44,414366,12,36,31,96,26692
Asien,Israel,https://www.kipa.co.il,182.98,228966,27,33,22,134,11529
Asien,Israel,https://www.shoofra.co.il,669.55,708930,23,107,53,65,9637
Asien,Israel,https://www.solnet.co.il,0.4,413,0,0,0,0,241
Asien,Israel,https://passportnews.co.il,6.85,7012,5,1,0,0,16
Asien,Israel,https://israelpost.co.il,0.24,334,0,0,0,0,108
Asien,Israel,https://www.c14.co.il,440.85,489504,8,47,19,143,6916
Asien,Israel,https://news.walla.co.il,565.64,593754,17,35,5,18,15300
Asien,Israel,https://calendar.2net.co.il,97.12,127329,15,22,27,121,4647
Asien,Israel,https://www.10dakot.co.il,506.1,643822,24,93,118,140,14559
Asien,Israel,https://www.inn.co.il,341.05,376210,22,7,66,130,11113
Asien,Israel,https://www.cinema-city.co.il,140.95,243073,6,31,8,61,10642
Asien,Israel,https://www.harel-group.co.il,489.6,554921,4,14,15,19,4804
Asien,Israel,https://www.newsru.co.il,206.92,295096,19,16,8,127,36925
Asien,Israel,https://www.calcalist.co.il,0.29,377,0,0,0,0,213
Asien,Israel,https://www.bug.co.il,1064.0,1266866,16,26,21,593,32056
Asien,Israel,https://www.sport5.co.il,253.88,409720,13,62,5,130,27550
Asien,Israel,https://www.maariv.co.il,417.07,469330,17,47,18,86,12020
Asien,Israel,https://m.sport5.co.il,0.33,387,0,0,0,0,254
Asien,Israel,https://easy.co.il,65.29,79768,21,7,24,12,2565
Asien,Israel,https://mobile.mako.co.il,110.4,129112,16,43,11,38,3792
Asien,Israel,https://www.decathlon.co.il,217.2,388194,5,20,10,44,5703
Asien,Israel,https://www.mizrahi-tefahot.co.il,56.16,114779,12,16,13,11,3974
Asien,Israel,https://www.kore.co.il,143.2,179572,24,31,22,2,17448
Asien,Israel,https://www.menoramivt.co.il,764.28,871245,9,21,18,32,3617
Asien,Israel,https://www.prog.co.il,6.82,6979,5,1,0,0,16
Asien,Israel,https://www.skyscanner.co.il,0.7,708,4,2,4,0,10
Asien,Israel,https://pplus.ynet.co.il,0.28,374,0,0,0,0,210
Asien,Israel,https://sport1.maariv.co.il,434.19,517050,19,132,26,288,12505
Asien,Israel,https://www.ace.co.il,910.84,1098702,7,148,11,330,66908
Asien,Israel,https://www.isrotel.co.il,144.98,158847,12,15,7,102,8103
Asien,Israel,https://www.midrag.co.il,0.9,919,1,0,0,0,553
Asien,Israel,https://www.lametayel.co.il,6.85,7005,5,1,0,0,16
Asien,Israel,https://www.kolzchut.org.il,37.74,44341,8,10,12,13,4570
Asien,Israel,https://www.zap.co.il,186.92,206112,22,55,31,79,7535
Asien,Israel,https://www.kikar.co.il,516.07,569827,228,97,21,83,8927
Asien,Israel,https://www.maccabi4u.co.il,72.58,152748,6,45,23,112,6945
Asien,Israel,https://m.one.co.il,135.67,144103,20,27,26,100,5660
Asien,Israel,https://m.n12.co.il,190.7,229846,15,34,14,130,8489
Asien,Israel,https://ksp.co.il,20.06,20629,2,0,0,1,198
Asien,Israel,https://www.bankhapoalim.co.il,0.96,950,4,1,0,0,82
Asien,Israel,https://mail.walla.co.il,4.12,4590,8,6,6,0,31
Asien,Israel,https://www.leumi.co.il,62.3,88362,9,95,27,27,4852
Asien,Israel,https://thecage.co.il,13.48,19387,27,14,33,1,1682
Asien,Israel,https://meirkids.co.il,126.05,211298,5,44,14,77,3705
Asien,Israel,https://login.gov.il,114.71,118357,9,2,5,0,106
Asien,Israel,https://news.orbita.co.il,228.04,320683,3,8,5,803,30569
Asien,Israel,https://lgn.edu.gov.il,0.2,215,1,0,0,0,32
Asien,Israel,https://www.homecenter.co.il,3735.36,5229930,15,290,272,1610,51979
Asien,Israel,https://www.max.co.il,695.25,772061,3,12,9,17,3654
Afrika,Südafrika,https://new.betway.co.za,82.13,84288,6,21,27,7,4473
Afrika,Südafrika,https://www.betway.co.za,82.13,84288,6,21,27,7,4473
Afrika,Südafrika,https://m.flashscore.co.za,39.3,41206,12,11,8,10,11967
Afrika,Südafrika,https://iol.co.za,734.24,752659,31,51,18,3,12213
Afrika,Südafrika,https://findsamusic.co.za,48.66,69487,19,6,8,22,7016
Afrika,Südafrika,https://businesstech.co.za,6.85,7004,5,1,0,0,16
Afrika,Südafrika,https://www.privateproperty.co.za,59.34,80271,9,10,7,18,4312
Afrika,Südafrika,https://www.autotrader.co.za,134.18,139510,13,18,10,44,5687
Afrika,Südafrika,https://www.sunbet.co.za,224.34,285535,9,27,33,280,11417
Afrika,Südafrika,https://accounting.sageone.co.za,89.69,103808,4,14,27,2,1137
Afrika,Südafrika,https://www.unisa.ac.za,131.65,292207,17,11,9,33,10072
Afrika,Südafrika,https://interbet.co.za,408.44,641079,6,17,11,35,11038
Afrika,Südafrika,https://clicks.co.za,256.67,295829,3,76,23,158,15175
Afrika,Südafrika,https://sports.betway.co.za,4.78,4860,7,4,12,0,6
Afrika,Südafrika,https://uifonline.labour.gov.za,72.11,100599,10,23,9,4,603
Afrika,Südafrika,https://www.gobid.co.za,0.99,1484,1,0,0,0,109
Afrika,Südafrika,https://mysrd.co.za,87.41,107627,3,10,6,6,36716
Afrika,Südafrika,https://www.lekkeslaap.co.za,295.44,435718,24,69,25,120,18095
Afrika,Südafrika,https://www.flashscore.co.za,126.54,149843,17,60,71,3,5396
Afrika,Südafrika,https://www.gumtree.co.za,270.99,295373,10,37,17,64,13497
Afrika,Südafrika,https://alkantrant.co.za,70.66,93954,19,8,8,22,26150
Afrika,Südafrika,https://lottostar.co.za,346.78,355257,14,21,13,6,1052
Afrika,Südafrika,https://www.supabets.co.za,163.92,196331,10,88,17,10,2703
Afrika,Südafrika,https://www.dischem.co.za,6.84,7003,5,1,0,0,16
Afrika,Südafrika,https://www.citizen.co.za,300.38,324044,19,30,25,188,11125
Afrika,Südafrika,https://efundi.nwu.ac.za,0.08,95,1,0,0,0,0
Afrika,Südafrika,https://redvelvet.co.za,14.26,17868,5,6,2,2,818
Afrika,Südafrika,https://madamandsir.co.za,35.82,36698,10,8,4,1,10635
Afrika,Südafrika,https://www.amazon.co.za,0.0,0,0,0,0,0,0
Afrika,Südafrika,https://easybet.co.za,138.87,142255,2,0,1,1,46
Afrika,Südafrika,https://www.esa.co.za,5.19,5685,6,0,3,1,2245
Afrika,Südafrika,https://www.soccer6.co.za,13.15,13456,4,11,5,10,1802
Afrika,Südafrika,https://reg.betway.co.za,1.48,1524,3,5,2,0,35
Afrika,Südafrika,https://www.mtn.co.za,250.02,270530,3,9,6,18,1584
Afrika,Südafrika,https://www.thefuse.co.za,164.09,174118,8,43,7,108,9764
Afrika,Südafrika,https://www.pnet.co.za,351.21,373736,19,35,21,2,2252
Afrika,Südafrika,https://id.discovery.co.za,15.06,16362,3,7,5,0,377
Afrika,Südafrika,https://dateclub.co.za,6.74,6968,2,7,7,15,1299
Afrika,Südafrika,https://www.adsafrica.co.za,54.51,80650,5,11,5,73,7319
Afrika,Südafrika,https://www.education.gov.za,69.54,74915,10,14,9,28,8768
Afrika,Südafrika,https://fzmovie.co.za,175.77,180832,24,32,19,138,2347
Afrika,Südafrika,https://www.tabgold.co.za,67.76,147715,13,6,11,78,10697
Afrika,Südafrika,https://www.sarugbymag.co.za,104.95,116079,13,45,25,62,5394
Afrika,Südafrika,https://www.dailymaverick.co.za,210.98,216410,25,10,29,103,13624
Afrika,Südafrika,https://www.cars.co.za,6.82,6979,5,1,0,0,16
Afrika,Südafrika,https://www.zarbet.co.za,401.78,412810,4,3,19,8,1235
Afrika,Südafrika,https://www.timeslive.co.za,338.35,350141,11,15,14,42,6370
Afrika,Südafrika,https://www.junkmail.co.za,110.35,193737,23,19,24,84,10964
Afrika,Südafrika,https://sassa-status.web.za,97.03,99615,31,13,22,7,20302
Afrika,Südafrika,https://www.radio-south-africa.co.za,93.71,135872,20,13,16,132,1417
Afrika,Südafrika,https://app.jobjack.co.za,50.5,52911,13,11,16,0,7
Afrika,Südafrika,https://bettabets.co.za,3.23,3657,4,8,2,0,0
Afrika,Südafrika,https://mybroadband.co.za,6.76,6918,5,1,0,0,16
Afrika,Südafrika,https://northcoastradio104.co.za,29.17,29410,3,3,1,1,925
Afrika,Südafrika,https://lendplus.co.za,45.08,46244,23,8,5,44,9581
Afrika,Südafrika,https://braaibosskzn.co.za,68.39,70084,18,8,5,25,14597
Afrika,Südafrika,https://maroelamedia.co.za,5.25,5757,5,4,1,0,785
Afrika,Südafrika,https://www.auctionnation.co.za,26.28,36932,3,24,11,30,1756
Afrika,Südafrika,https://capetown.adsafrica.co.za,54.23,80261,5,10,5,73,7423
Afrika,Südafrika,https://learn.sants.co.za,294.1,328765,0,9,1,0,289
Afrika,Südafrika,https://www.ackermans.co.za,1496.25,1916511,29,181,121,348,19167
Afrika,Südafrika,https://www.dpsa.gov.za,28.93,30737,3,4,3,20,4293
Afrika,Südafrika,https://www.checkers.co.za,0.9,919,1,0,0,0,553
Afrika,Südafrika,https://www.cashconverters.co.za,472.76,506013,19,136,57,108,8481
Afrika,Südafrika,https://www.rain.co.za,73.45,75273,4,46,12,26,415
Afrika,Südafrika,https://istorepreowned.co.za,453.73,550066,9,101,14,20,6526
Afrika,Südafrika,https://ikamva.uwc.ac.za,0.51,533,1,0,0,0,159
Afrika,Südafrika,https://decofurnsa.co.za,652.8,765154,31,89,25,129,7684
Afrika,Südafrika,https://tekkietown.co.za,789.89,1213747,27,69,100,85,14489
Afrika,Südafrika,https://jobs.gauteng.gov.za,10.59,16558,4,21,8,4,1698
Afrika,Südafrika,https://www.businesslive.co.za,303.79,314643,11,14,12,49,7600
Afrika,Südafrika,https://ragesa.co.za,467.06,569444,20,80,27,49,4180
Afrika,Südafrika,https://www.spitz.co.za,6.82,6980,5,1,0,0,16
Afrika,Südafrika,https://www.psl.co.za,92.54,176544,10,20,13,140,6252
Afrika,Südafrika,https://primeloans.co.za,89.62,92426,19,10,5,21,9823
Afrika,Südafrika,https://gcet25.co.za,184.34,191736,12,14,12,15,5810
Afrika,Südafrika,https://johannesburg.adsafrica.co.za,49.92,74034,5,10,5,59,7085
Afrika,Südafrika,https://mpowafin.co.za,28.44,30303,8,10,5,25,7935
Afrika,Südafrika,https://omoholoprinters.co.za,6.87,7751,7,7,4,1,3385
Afrika,Südafrika,https://numetro.co.za,42.83,60347,5,64,31,6,943
Afrika,Südafrika,https://casprd.nwu.ac.za,7.05,11197,0,0,3,1,1763
Afrika,Südafrika,https://www.absa.co.za,69.39,80819,18,12,12,27,4672
Afrika,Südafrika,https://galxboy.co.za,460.4,510983,17,79,31,135,4957
Afrika,Südafrika,https://www.carfind.co.za,327.9,352173,13,14,7,122,5620
Afrika,Südafrika,https://www.game.co.za,20.42,20596,2,9,6,0,152
Afrika,Südafrika,https://www.istore.co.za,748.98,886862,10,108,17,79,12526
Afrika,Südafrika,https://tashs.co.za,180.06,187362,13,13,12,15,9074
Afrika,Südafrika,https://www.bobshop.co.za,270.16,301786,47,67,15,71,8485
Afrika,Südafrika,https://www.capitecbank.co.za,6.71,6862,5,1,0,0,16
Afrika,Südafrika,https://www.cao.ac.za,82.17,91520,18,22,14,32,4110
Afrika,Südafrika,https://myadmin.unisa.ac.za,57.61,71703,17,14,13,23,5136
Afrika,Südafrika,http://doi.mtndep.co.za,0.01,9,0,0,0,0,9
Afrika,Südafrika,https://www.onedayonly.co.za,2854.99,2924730,21,20,27,38,13256
Afrika,Nigeria,https://efacility.jamb.gov.ng,7.01,8949,6,17,13,1,193
Afrika,Nigeria,https://caps.jamb.gov.ng,50.08,80829,5,40,24,31,9934
Afrika,Nigeria,https://m.flashscore.com.ng,40.13,42054,12,11,8,9,12002
Afrika,Nigeria,https://www.flashscore.com.ng,128.59,151559,17,59,71,4,5770
Afrika,Nigeria,https://portal.nelf.gov.ng,9.81,10050,7,12,5,1,412
Afrika,Nigeria,https://www.jumia.com.ng,6.85,7010,5,1,0,0,16
Afrika,Nigeria,https://dailypost.ng,259.62,281383,16,20,20,89,4756
Afrika,Nigeria,https://www.net9ja.com.ng,79.16,83783,17,22,21,25,3250
Afrika,Nigeria,https://elearn.nou.edu.ng,27.15,31845,3,16,3,4,628
Afrika,Nigeria,https://dlilearn.unilag.edu.ng,32.73,36139,3,20,5,6,491
Afrika,Nigeria,https://portal.njfp.ng,6.22,6371,3,18,3,0,30
Afrika,Nigeria,https://ecampus.fuoye.edu.ng,47.02,53938,6,13,5,2,17716
Afrika,Nigeria,https://www.betpawa.ng,2.97,3486,4,11,12,0,0
Afrika,Nigeria,https://www.tvet.education.gov.ng,0.43,476,2,1,2,0,19
Afrika,Nigeria,https://www.seriezloaded.com.ng,144.53,160398,23,21,24,45,6692
Afrika,Nigeria,https://selfservice.mtn.ng,399.24,408847,7,29,13,71,2404
Afrika,Nigeria,https://portal.kwarastatepolytechnic.edu.ng,11.09,17188,2,4,3,15,2952
Afrika,Nigeria,https://guardian.ng,6.93,7093,5,1,0,0,16
Afrika,Nigeria,https://www.tunesloaded.com.ng,197.35,207844,20,23,22,90,12700
Afrika,Nigeria,https://lasu.edu.ng,99.11,136847,6,29,19,6,7976
Afrika,Nigeria,https://possap.gov.ng,19.56,25932,13,13,6,24,2103
Afrika,Nigeria,https://recruitment.cdcfib.gov.ng,107.62,110122,2,3,9,2,528
Afrika,Nigeria,https://www.betway.com.ng,4.78,4860,7,4,12,0,6
Afrika,Nigeria,https://www.betano.ng,1.25,1297,2,1,0,0,20
Afrika,Nigeria,https://bcgamebet.ng,2.86,3159,14,4,7,0,0
Afrika,Nigeria,https://www.businesslist.com.ng,6.73,6885,5,1,0,0,16
Afrika,Nigeria,https://eserve.fidelitybank.ng,1.16,1233,1,0,0,0,181
Afrika,Nigeria,https://myschool.ng,197.12,261799,9,12,3,117,23497
Afrika,Nigeria,https://eportal.oauife.edu.ng,7.36,10831,4,2,2,2,176
Afrika,Nigeria,https://easywin.ng,90.66,129177,8,55,8,87,7768
Afrika,Nigeria,https://nafrecruitment.airforce.mil.ng,30.57,51312,4,9,5,4,3563
Afrika,Nigeria,https://icrp.cac.gov.ng,31.79,32580,2,8,14,2,237
Afrika,Nigeria,https://jiji.ng,6.77,6929,5,1,0,0,16
Afrika,Nigeria,https://thenetnaija.ng,349.72,358340,14,24,11,14,673
Afrika,Nigeria,https://1xbet.ng,2.58,2632,2,3,3,0,0
Afrika,Nigeria,https://nelf.gov.ng,23.54,24214,4,21,3,3,862
Afrika,Nigeria,https://www.bedienungsanleitu.ng,357.76,358053,4,6,75,130,7142
Afrika,Nigeria,https://taxpromax.firs.gov.ng,2.54,2910,3,2,2,1,124
Afrika,Nigeria,https://my.jumia.com.ng,4.98,5477,5,4,1,0,779
Afrika,Nigeria,https://portal.unilorin.edu.ng,1.01,1365,2,2,4,0,15
Afrika,Nigeria,https://winpesa.ng,261.7,268507,5,3,114,54,1975
Afrika,Nigeria,https://www.nouonline.nou.edu.ng,226.0,240046,3,1,3,4,350
Afrika,Nigeria,https://classnotes.ng,317.1,327681,21,25,14,8,9274
Afrika,Nigeria,https://www.zoomscores.ng,2.43,3261,2,2,2,0,80
Afrika,Nigeria,https://admissions.uniosun.edu.ng,4.41,5309,2,4,2,7,282
Afrika,Nigeria,https://esmat.ned.gov.ng,5.24,5774,5,5,1,0,777
Afrika,Nigeria,https://lapolardi.egis.com.ng,0.01,13,0,0,0,0,12
Afrika,Nigeria,https://updates.customs.gov.ng,5.64,6470,5,1,1,0,460
Afrika,Nigeria,https://www.legit.ng,320.11,424870,27,15,21,89,13771
Afrika,Nigeria,https://thenetnaija.com.ng,73.24,77480,18,22,23,21,2674
Afrika,Nigeria,https://cbt.akwaibomstate.gov.ng,3.12,3151,12,2,29,0,48
Afrika,Nigeria,https://portal.oouagoiwoye.edu.ng,9.38,10833,6,8,4,4,1100
Afrika,Nigeria,https://nncpo.ng,9.02,13855,4,8,4,8,1055
Afrika,Nigeria,https://lordfilm.ng,94.05,129511,16,12,22,69,8294
Afrika,Nigeria,https://www.nivea.com.ng,225.78,253064,13,14,19,14,2778
Afrika,Nigeria,https://ug.fulokoja.edu.ng,9.23,12347,5,15,5,1,213
Afrika,Nigeria,https://ug.lidc.lasu.edu.ng,40.28,43179,28,7,34,0,524
Afrika,Nigeria,https://eksuportal.eksu.edu.ng,34.87,47537,5,19,19,17,2664
Afrika,Nigeria,https://fzmovies.ng,156.77,163733,13,22,18,15,718
Afrika,Nigeria,https://agenthub.com.ng,8.71,12913,2,8,7,2,124
Afrika,Nigeria,https://slipsprinting.jamb.gov.ng,0.45,492,2,1,2,0,29
Afrika,Nigeria,https://career.mouau.edu.ng,0.4,413,0,0,0,0,241
Afrika,Nigeria,https://www.airtel.com.ng,3.82,3801,21,15,7,0,31
Afrika,Nigeria,https://portal.uniabuja.edu.ng,0.14,146,2,0,0,0,0
Afrika,Nigeria,https://www.mtn.ng,65.18,65740,16,16,12,26,2851
Afrika,Nigeria,https://imsuonline.edu.ng,30.3,51714,4,18,17,29,6489
Afrika,Nigeria,https://babaijebu.ng,4.81,5218,21,8,5,1,90
Afrika,Nigeria,https://paripesa.ng,677.74,684136,9,10,88,18,4903
Afrika,Nigeria,https://slot.ng,7.9,8717,10,34,14,0,61
Afrika,Nigeria,https://new88.ng,4.06,4535,5,3,1,0,775
Afrika,Nigeria,https://apply.lautech.edu.ng,33.31,47509,5,7,3,1,3920
Afrika,Nigeria,https://www.buycard.ng,40.07,63405,18,21,32,53,4693
Afrika,Nigeria,https://www.mushin.lg.gov.ng,467.74,499910,34,72,88,34,11183
Afrika,Nigeria,https://sfa.mplify.ng,15.64,16692,3,7,4,0,8
Afrika,Nigeria,https://passport.immigration.gov.ng,1.6,1671,5,6,2,0,40
Afrika,Nigeria,https://portal.esut.edu.ng,17.13,23119,3,7,2,7,4555
Afrika,Nigeria,https://portal.unaab.edu.ng,19.21,21332,2,8,4,21,2718
Afrika,Nigeria,https://farmeralliance.com.ng,21.45,27607,17,11,8,9,4969
Afrika,Nigeria,https://portal.coou.edu.ng,12.14,12427,4,11,13,0,19
Afrika,Nigeria,https://studentportal.delsu.edu.ng,35.53,54098,6,17,10,6,1264
Afrika,Nigeria,https://supa.itf.gov.ng,4.26,4793,19,5,11,0,10
Afrika,Nigeria,https://dssp.frsc.gov.ng,31.35,49760,3,17,12,8,6092
Afrika,Nigeria,https://www.joinnigeriannavy.navy.mil.ng,100.72,103195,11,35,12,4,3433
Afrika,Nigeria,https://www.jamb.gov.ng,50.08,80831,5,40,24,31,9934
Afrika,Nigeria,https://www.pulsesports.ng,306.69,446072,23,19,8,123,8582
Afrika,Nigeria,https://disk.ng,137.74,144024,8,24,15,9,2691
Afrika,Nigeria,https://downloadwella.com.ng,6.14,7045,5,1,1,0,721
Afrika,Nigeria,https://cmris.npf.gov.ng,0.99,1007,5,3,4,0,9
Afrika,Ägypten,https://www.amazon.eg,0.0,0,0,0,0,0,0
Afrika,Ägypten,https://studentbooks.moe.gov.eg,5.0,5718,2,3,2,1,176
Afrika,Ägypten,https://dulms.deltauniv.edu.eg,4.97,8211,1,3,5,8,126
Afrika,Ägypten,https://www.nbe.com.eg,9.26,9916,14,64,3,2,63
Afrika,Ägypten,https://www.jumia.com.eg,6.87,7031,5,1,0,0,16
Afrika,Ägypten,https://www.nosi.gov.eg,235.91,364203,23,75,8,27,6121
Afrika,Ägypten,https://ums.asu.edu.eg,1367.45,3339366,7,41,28,70,102858
Afrika,Ägypten,https://winjigo-ejs.moe.gov.eg,27.51,40943,9,19,26,1,283
Afrika,Ägypten,https://www.dubizzle.com.eg,22.38,24369,0,1,0,0,0
Afrika,Ägypten,https://www.lcwaikiki.eg,0.28,370,0,0,0,0,210
Afrika,Ägypten,https://aleqaria.com.eg,175.22,372786,20,43,22,101,8781
Afrika,Ägypten,https://www.alahlynet.com.eg,5.0,5104,4,4,4,0,34
Afrika,Ägypten,https://myu.mans.edu.eg,17.79,25751,18,16,36,2,1591
Afrika,Ägypten,https://www.arabbank.com.eg,118.74,171731,12,31,9,51,13259
Afrika,Ägypten,https://sellercentral.amazon.eg,141.82,146158,16,37,5,14,455
Afrika,Ägypten,https://www.propertyfinder.eg,724.63,816764,31,21,41,11,29849
Afrika,Ägypten,https://gate.ahram.org.eg,379.21,494836,16,61,13,129,8490
Afrika,Ägypten,https://www.defacto.com.eg,31.44,32603,22,16,27,12,441
Afrika,Ägypten,https://www.te.eg,168.66,190998,6,25,10,42,5551
Afrika,Ägypten,https://asu2learn.asu.edu.eg,148.88,167016,8,33,34,43,6190
Afrika,Ägypten,https://lms.edaegypt.gov.eg,20.18,29997,15,5,5,4,1184
Afrika,Ägypten,https://www.experienceegypt.eg,78.99,154946,25,72,12,68,3501
Afrika,Ägypten,https://ellibrary.moe.gov.eg,5.0,5718,2,3,2,1,176
Afrika,Ägypten,https://2b.com.eg,6.79,6952,5,1,0,0,16
Afrika,Ägypten,https://azhar.gov.eg,24.46,34148,4,18,2,2,2134
Afrika,Ägypten,https://web.vodafone.com.eg,108.68,133142,6,4,3,14,2604
Afrika,Ägypten,https://shop.orange.eg,5.75,5874,11,18,4,2,95
Afrika,Ägypten,https://moe.gov.eg,44.25,73624,16,16,5,33,4175
Afrika,Ägypten,https://dsl.orange.eg,33.31,57949,1,21,4,6,1676
Afrika,Ägypten,https://www.orange.eg,55.77,81362,13,21,4,6,1734
Afrika,Ägypten,https://cservices.shmff.gov.eg,13.68,17526,4,9,9,3,1316
Afrika,Ägypten,https://e-learning.msa.edu.eg,52.05,70967,4,21,5,9,1908
Afrika,Ägypten,https://te.eg,168.66,190998,6,25,10,42,5551
Afrika,Ägypten,https://my.te.eg,13.72,14032,6,4,4,0,4
Afrika,Ägypten,https://translate.google.com.eg,31.07,34745,1,0,1,1,2131
Afrika,Ägypten,https://jobs.caoa.gov.eg,6.64,9385,5,4,8,3,774
Afrika,Ägypten,https://yellowpages.com.eg,5.25,5782,5,5,1,0,785
Afrika,Ägypten,https://books.google.com.eg,389.8,399123,2,5,1,0,303
Afrika,Ägypten,https://portal.nub.edu.eg,8.48,12928,3,17,5,6,506
Afrika,Ägypten,https://inform.manpower.gov.eg,9.27,15948,4,17,38,0,166
Afrika,Ägypten,https://aqarmap.com.eg,0.9,919,1,0,0,0,553
Afrika,Ägypten,https://lms.lum.edu.eg,24.07,28723,3,11,3,2,218
Afrika,Ägypten,https://scholar.google.com.eg,127.4,130590,7,1,2,1,1129
Afrika,Ägypten,https://myu.bu.edu.eg,15.56,22331,18,16,36,2,1374
Afrika,Ägypten,https://student.metmans.edu.eg,4.23,6957,4,3,4,1,168
Afrika,Ägypten,https://studentactivities.zu.edu.eg,1.16,1233,1,0,0,0,181
Afrika,Ägypten,https://lms.rst.edu.eg,24.96,30284,4,11,3,2,309
Afrika,Ägypten,http://e-books.helwan.edu.eg,3.14,5064,3,8,7,0,102
Afrika,Ägypten,https://sismed.merit.edu.eg,6.58,7519,0,11,5,4,208
Afrika,Ägypten,https://www.elections.eg,39.46,72618,10,13,18,32,9145
Afrika,Ägypten,https://myu.helwan.edu.eg,16.0,22779,18,16,36,2,1392
Afrika,Ägypten,https://lms.nv.edu.eg,3.85,6208,1,3,5,1,135
Afrika,Ägypten,https://www.moss.gov.eg,157.65,198542,9,65,25,33,6549
Afrika,Ägypten,https://www.skyscanner.com.eg,0.7,708,4,2,4,0,10
Afrika,Ägypten,https://moodlelms.eelu.edu.eg,33.56,43925,3,18,6,3,542
Afrika,Ägypten,https://portal.hu.edu.eg,10.21,11916,3,8,13,1,104
Afrika,Ägypten,https://invoicing.eta.gov.eg,4.49,4595,3,9,6,0,10
Afrika,Ägypten,https://maharatech.gov.eg,127.29,176140,4,23,6,58,5154
Afrika,Ägypten,https://app.etisalat.eg,0.45,459,0,1,0,0,0
Afrika,Ägypten,https://mom.manpower.gov.eg,11.09,18440,6,18,25,2,841
Afrika,Ägypten,https://portal.pua.edu.eg,0.64,708,1,0,0,1,23
Afrika,Ägypten,https://tdb2.tanta.edu.eg,0.22,234,1,0,0,0,59
Afrika,Ägypten,https://egyptpost.gov.eg,4.07,4575,5,3,1,0,783
Afrika,Ägypten,https://www.etisalat.eg,0.37,409,3,2,0,0,1
Afrika,Ägypten,https://dahabzaman.eg,78.96,79110,7,19,12,44,2617
Afrika,Ägypten,https://moj.gov.eg,27.64,28326,3,3,6,0,47
Afrika,Ägypten,https://lands.nuca.gov.eg,15.85,22122,0,12,8,14,2043
Afrika,Ägypten,https://sls.sphinx.edu.eg,3.76,6196,1,5,1,1,140
Afrika,Ägypten,https://www.ubuy.com.eg,677.66,855957,34,52,373,166,21542
Afrika,Kenia,https://tpad2.tsc.go.ke,10.06,19712,2,4,3,0,932
Afrika,Kenia,https://www.gamemania.co.ke,38.48,40714,3,1,1,0,356
Afrika,Kenia,https://www.betpawa.co.ke,2.97,3486,4,11,12,0,0
Afrika,Kenia,https://portal.hef.co.ke,37.79,56338,6,11,21,5,588
Afrika,Kenia,https://cp2.knec.ac.ke,14.72,16518,4,6,2,0,439
Afrika,Kenia,https://vlms.mku.ac.ke,135.9,186152,3,15,3,13,2012
Afrika,Kenia,https://www.mozzartbet.co.ke,43.04,47893,22,24,13,1,25
Afrika,Kenia,https://radio.or.ke,44.56,47063,14,12,110,66,1520
Afrika,Kenia,https://www.jumia.co.ke,6.91,7073,5,1,0,0,16
Afrika,Kenia,https://e-learning.karu.ac.ke,45.56,64589,4,11,5,13,3401
Afrika,Kenia,https://betfalme.ke,70.25,72918,52,30,36,22,934
Afrika,Kenia,https://portal.onfonmobile.co.ke,1.15,1168,2,4,7,0,12
Afrika,Kenia,https://publicservice.kenya.go.ke,2.66,2871,1,0,1,1,511
Afrika,Kenia,https://jiji.co.ke,6.8,6953,5,1,0,0,16
Afrika,Kenia,https://bridge.jiranismart.me.ke,6.87,7032,5,1,0,0,16
Afrika,Kenia,https://www.bongobongo.ke,128.75,130864,9,4,60,26,1671
Afrika,Kenia,https://portal.ku.ac.ke,21.86,31090,3,20,9,11,355
Afrika,Kenia,https://www.myjobmag.co.ke,79.39,106002,15,25,11,26,13045
Afrika,Kenia,https://accounts.ecitizen.go.ke,6.85,7009,5,1,0,0,16
Afrika,Kenia,https://virtualcampus.kcau.ac.ke,43.94,66694,5,17,5,11,3383
Afrika,Kenia,https://www.flashscore.co.ke,109.26,131767,17,59,71,4,5677
Afrika,Kenia,https://pscims.publicservice.go.ke,0.64,701,1,0,0,1,18
Afrika,Kenia,https://1xbet.co.ke,3.53,3603,2,3,3,0,0
Afrika,Kenia,https://casino.gamemania.co.ke,38.48,40714,3,1,1,0,356
Afrika,Kenia,https://myaccount.safaricom.co.ke,10.77,11591,13,35,17,0,54
Afrika,Kenia,https://www.kilimall.co.ke,172.14,174268,6,13,45,86,5977
Afrika,Kenia,https://itax.kra.go.ke,37.73,48736,4,22,2,9,1494
Afrika,Kenia,https://portal.sha.go.ke,2.87,3137,7,17,2,0,21
Afrika,Kenia,https://m.mozzartbet.co.ke,339.16,454173,17,9,2,53,6800
Afrika,Kenia,https://opportunitiesforyoungkenyans.co.ke,274.71,356268,24,52,49,6,7172
Afrika,Kenia,https://studentportal.mku.ac.ke,5.26,5797,4,0,1,1,819
Afrika,Kenia,https://msha.ke,241.55,268313,28,52,51,107,5712
Afrika,Kenia,https://www.brightermonday.co.ke,284.52,341793,30,17,26,20,2917
Afrika,Kenia,https://e-learning.embuni.ac.ke,38.9,46999,3,14,6,4,3281
Afrika,Kenia,https://earnify.co.ke,22.98,40147,13,19,13,10,2789
Afrika,Kenia,https://tpay.tsc.go.ke,7.09,8830,2,8,3,1,179
Afrika,Kenia,https://www.the-star.co.ke,323.03,331177,29,57,11,47,5109
Afrika,Kenia,https://jobs.iebc.or.ke,1.16,1180,6,2,7,0,15
Afrika,Kenia,http://www.ghris.go.ke,6.46,8714,0,5,1,3,1724
Afrika,Kenia,https://nyotaproject.go.ke,64.02,78613,5,4,6,27,4896
Afrika,Kenia,https://winpesa.ke,257.45,262773,5,3,111,48,2317
Afrika,Kenia,https://masomo.mut.ac.ke,41.04,59792,4,13,9,13,2170
Afrika,Kenia,https://s2.newarkfrontierstech.co.ke,0.04,47,0,0,0,0,37
Afrika,Kenia,https://22bet.co.ke,109.67,113519,5,7,12,0,31
Afrika,Kenia,https://lendplus.ke,61.67,63750,20,9,5,37,17182
Afrika,Kenia,https://serviceportal.ntsa.go.ke,6.76,8281,3,5,4,2,575
Afrika,Kenia,https://www.simplepaytech.co.ke,0.14,165,0,0,0,0,79
Afrika,Kenia,https://www.standardmedia.co.ke,245.31,486205,33,47,29,148,15381
Afrika,Kenia,https://www.tuko.co.ke,306.03,404576,26,14,21,84,12626
Afrika,Kenia,https://portal.kcau.ac.ke,7.15,9791,1,4,1,1,340
Afrika,Kenia,https://metickets.krc.co.ke,109.76,163507,5,35,16,19,4284
Afrika,Kenia,https://smartpanel.co.ke,6.71,7965,14,3,4,0,824
Afrika,Kenia,https://mbogibet.co.ke,255.22,260274,4,4,89,54,2395
Afrika,Kenia,https://www.palmsbet.co.ke,3.07,3211,25,3,6,0,23
Afrika,Kenia,https://elearning.tmu.ac.ke,36.54,40578,3,13,4,1,2328
Afrika,Kenia,https://ielearning.ueab.ac.ke,881.26,1010002,3,19,7,9,15791
Afrika,Kenia,https://micromartafrica.co.ke,0.64,703,1,0,0,1,18
Afrika,Kenia,https://teacher.co.ke,268.12,274375,44,58,28,4,5625
Afrika,Kenia,https://www.knec-portal.ac.ke,8.15,13056,1,10,0,2,176
Afrika,Kenia,https://m.flashscore.co.ke,40.0,41919,12,11,8,11,10281
Afrika,Kenia,https://fns.immigration.go.ke,7.24,9096,5,8,7,1,1497
Afrika,Kenia,https://dci.ecitizen.go.ke,6.83,6983,5,1,0,0,16
Afrika,Kenia,https://sha.go.ke,21.35,25712,3,12,10,2,463
Afrika,Kenia,https://www.kwikbet.co.ke,3.38,3631,2,3,11,0,0
Afrika,Kenia,https://afyayangu.go.ke,13.32,14997,6,8,5,1,15
Afrika,Kenia,https://daviva.ke,84.63,86677,25,14,10,100,5264
Afrika,Kenia,https://m.juicebet.co.ke,1.62,2046,2,0,0,1,221
Afrika,Kenia,https://teachersonline.tsc.go.ke,12.03,18266,1,10,1,2,2066
Afrika,Kenia,https://students.karu.ac.ke,4.92,6000,3,8,7,0,143
Afrika,Kenia,https://uhr.kenya.go.ke,2.66,2871,1,0,1,1,511
Afrika,Kenia,https://www.kenyans.co.ke,80.61,89278,12,33,14,25,8186
Afrika,Kenia,https://conference.ke,4.84,8219,5,6,8,0,255
Afrika,Kenia,https://student.maseno.ac.ke,5.05,6513,3,8,7,1,78
Afrika,Kenia,https://portal.tvetcdacc.go.ke,57.33,72144,5,12,9,7,1889
Afrika,Kenia,https://hotpoint.co.ke,113.14,197355,8,18,5,104,6156
Afrika,Kenia,https://accounts.provider.sha.go.ke,3.24,4259,2,3,5,1,164
Afrika,Kenia,https://brs.ecitizen.go.ke,6.85,7004,5,1,0,0,16
Afrika,Kenia,https://brsv2.ecitizen.go.ke,6.85,7006,5,1,0,0,16
Afrika,Kenia,https://dis.ecitizen.go.ke,6.85,7004,5,1,0,0,16
Afrika,Kenia,https://online.kasneb.or.ke,2.74,3422,2,4,3,1,137
Afrika,Kenia,https://portal.chuka.ac.ke,7.12,11560,4,7,8,2,161
Afrika,Kenia,https://elearning.kisiiuniversity.ac.ke,125.08,140024,5,19,8,9,5544
Afrika,Kenia,https://m-pesaforbusiness.co.ke,20.0,22419,5,16,11,1,86
Afrika,Kenia,https://www.safaricom.co.ke,0.9,883,4,1,0,0,82
Afrika,Kenia,https://studentportal.egerton.ac.ke,10.88,18175,4,7,8,2,297
Afrika,Kenia,https://www.corporatestaffing.co.ke,339.25,347399,8,20,31,11,6917
Afrika,Kenia,https://my.jumia.co.ke,4.98,5476,5,4,1,0,778
Afrika,Kenia,https://arena.co.ke,81.01,91721,27,16,20,23,5849
Afrika,Kenia,https://etims.kra.go.ke,0.07,82,0,1,0,0,0
Afrika,Marokko,https://www.avito.ma,252.35,260689,22,30,28,38,1651
Afrika,Marokko,https://www.marchespublics.gov.ma,1298.08,1335672,2,12,8,11,3525
Afrika,Marokko,https://www.emploi-public.ma,140.14,177860,3,25,9,32,5653
Afrika,Marokko,https://etu.um5.ac.ma,26.68,37331,4,16,10,29,2555
Afrika,Marokko,https://www.lcwaikiki.ma,0.28,370,0,0,0,0,210
Afrika,Marokko,https://www.mubawab.ma,44.07,55209,13,18,10,4,1803
Afrika,Marokko,https://www.moncallcenter.ma,70.3,89380,9,22,5,232,2762
Afrika,Marokko,https://dev-point1.01.ma,10.06,13459,6,6,5,17,892
Afrika,Marokko,https://idprovider.men.gov.ma,3.55,5382,3,3,2,2,290
Afrika,Marokko,https://www.electroplanet.ma,4.07,4543,5,3,1,0,783
Afrika,Marokko,https://www.cashpub.ma,2.81,3074,12,4,0,0,35
Afrika,Marokko,https://rdv.consulat.ma,0.25,245,0,0,0,0,141
Afrika,Marokko,https://www.moteur.ma,345.33,477593,7,30,4,337,21576
Afrika,Marokko,https://www.eloterie.ma,0.28,367,0,0,0,0,207
Afrika,Marokko,https://client.ozoneexpress.ma,0.04,45,0,1,0,0,0
Afrika,Marokko,https://lematin.ma,238.67,290009,37,25,9,95,6466
Afrika,Marokko,https://www.decathlon.ma,215.47,381993,5,20,13,65,5835
Afrika,Marokko,https://www.dreamjob.ma,314.41,340179,30,34,38,63,7869
Afrika,Marokko,https://www.fatourati.ma,17.44,22736,10,3,4,41,1978
Afrika,Marokko,https://www.marjane.ma,4.06,4537,5,3,1,0,777
Afrika,Marokko,https://fr.le360.ma,1427.03,1478648,24,15,12,49,9024
Afrika,Marokko,https://medicament.ma,29.85,33294,10,3,4,20,4415
Afrika,Marokko,https://www.coteetsport.ma,77.67,120010,8,42,27,77,3336
Afrika,Marokko,https://www.sorec.ma,272.46,304857,19,35,61,32,7393
Afrika,Marokko,https://promo.playup.ma,341.01,349347,11,94,9,1,1270
Afrika,Marokko,https://promo.playvod.ma,361.94,371180,12,97,9,1,1457
Afrika,Marokko,https://www.jumia.ma,6.85,7006,5,1,0,0,16
Afrika,Marokko,https://entv26.univh2c.ma,3.49,5348,5,3,6,0,423
Afrika,Marokko,https://moutamadris.ma,76.72,81395,22,15,12,5,926
Afrika,Marokko,http://ent.uit.ac.ma,26.23,29827,4,18,6,4,1820
Afrika,Marokko,https://radio.co.ma,44.59,47143,14,12,110,66,1418
Afrika,Marokko,https://promo.mttv.ma,315.13,322801,11,90,15,4,628
Afrika,Marokko,https://mangaraw.ma,87.74,126881,24,12,18,65,3248
Afrika,Marokko,https://www.goud.ma,35.69,43198,17,13,10,19,3134
Afrika,Marokko,https://snrtlive.ma,20.12,23741,5,16,23,18,343
Afrika,Marokko,https://auth.univh2c.ma,16.0,24102,5,12,7,1,744
Afrika,Marokko,https://espace-client.orange.ma,50.83,98216,10,21,8,2,2628
Afrika,Marokko,https://inwi.ma,363.17,373523,11,115,8,0,24
Afrika,Marokko,https://www.tax.gov.ma,11.64,13309,7,4,0,1,733
Afrika,Marokko,https://casapromo.ma,76.63,80473,4,5,7,3,1844
Afrika,Marokko,https://connect.orange.ma,3.75,6122,2,9,2,1,409
Afrika,Marokko,http://talib.fsjes-umi.ac.ma,2.78,3933,5,6,4,1,149
Afrika,Marokko,https://ecampus-flsh.uca.ma,39.16,49380,4,12,7,6,801
Afrika,Marokko,https://auth.identitenumerique.ma,8.37,10253,2,20,41,1,19
Afrika,Marokko,https://markoub.ma,668.71,694607,22,212,16,48,13715
Afrika,Marokko,https://www.marjanemall.ma,4.06,4573,5,3,1,0,781
Afrika,Marokko,https://www.ultrapc.ma,101.67,135892,15,36,26,33,5844
Afrika,Marokko,https://farmasi-ma.ma,74.37,106273,12,7,6,18,4866
Afrika,Marokko,https://gcd.univh2c.ma,11.73,16358,7,8,6,2,1666
Afrika,Marokko,https://ijob.ma,249.93,263926,48,58,42,26,2782
Afrika,Marokko,https://marjane.ma,4.06,4537,5,3,1,0,777
Afrika,Marokko,https://hmizate.ma,177.73,184218,11,110,69,115,7853
Afrika,Marokko,https://ctm.ma,194.95,205670,21,23,17,36,2718
Afrika,Marokko,https://www.alomrane.gov.ma,515.4,791007,12,13,19,140,12193
Afrika,Marokko,https://promo.maktabati.ma,300.31,307769,11,99,9,6,1008
Afrika,Marokko,https://sabahagadir.ma,66.5,72729,28,14,9,56,4126
Afrika,Marokko,https://h24info.ma,322.92,330701,31,35,16,55,9281
Afrika,Marokko,https://fsjes.uca.ma,98.97,121149,20,11,17,22,9041
Afrika,Marokko,https://www.tgr.gov.ma,51.76,66038,12,8,5,31,3612
Afrika,Marokko,https://ar.sport.le360.ma,1230.98,1341476,23,10,12,45,7143
Afrika,Marokko,https://agenz.ma,218.83,227786,11,26,32,121,10996
Afrika,Marokko,https://beautymarket.ma,2198.96,2496620,27,67,12,244,32981
Afrika,Marokko,https://micromagma.ma,471.6,483498,5,4,29,721,10437
Afrika,Marokko,https://extranet.emploi-public.ma,141.04,178781,3,25,9,32,5653
Afrika,Marokko,https://www.adidas.co.ma,0.28,372,0,0,0,0,208
Afrika,Marokko,https://bpnet.gbp.ma,58.53,92593,4,13,3,35,23167
Afrika,Marokko,https://www.yves-rocher.ma,173.14,268772,166,50,19,123,8794
Afrika,Marokko,https://nichan.ma,331.22,381454,24,33,41,137,12589
Afrika,Marokko,https://universparadiscount.ma,600.75,622311,10,21,9,112,18567
Afrika,Marokko,https://www.bricoma.ma,118.19,156129,8,45,18,101,11876
Afrika,Marokko,https://www.orange.ma,0.25,245,0,0,0,0,141
Afrika,Marokko,https://www.telecontact.ma,33.36,56789,8,13,18,9,2832
Afrika,Marokko,https://booking.ctm.ma,66.99,68923,7,5,9,0,3
Afrika,Marokko,https://www.fm6education.ma,68.22,73191,23,65,67,28,1581
Afrika,Marokko,https://chamaly.ma,199.55,216893,44,29,22,85,14611
Afrika,Ghana,https://www.betway.com.gh,82.13,84288,6,21,27,7,4473
Afrika,Ghana,https://www.cssps.gov.gh,0.11,118,0,0,0,0,27
Afrika,Ghana,https://jiji.com.gh,6.8,6954,5,1,0,0,16
Afrika,Ghana,https://www.flashscore.com.gh,106.36,128545,14,56,71,3,5882
Afrika,Ghana,https://www.betpawa.com.gh,2.97,3486,4,11,12,0,0
Afrika,Ghana,https://posting.gnsa.gov.gh,9.06,9279,6,24,3,0,63
Afrika,Ghana,https://studentioe.ucc.edu.gh,2.22,2971,3,2,6,1,139
Afrika,Ghana,https://cg.mtn.com.gh,0.09,88,0,0,0,0,88
Afrika,Ghana,https://icampus.atu.edu.gh,5.51,7950,5,8,2,1,289
Afrika,Ghana,https://1xbet.com.gh,3.3,3366,2,3,3,0,0
Afrika,Ghana,https://pridespins.com.gh,239.35,243694,4,9,80,14,2545
Afrika,Ghana,https://ucm.uds.edu.gh,14.72,28164,2,13,8,4,2820
Afrika,Ghana,https://www.graphic.com.gh,106.83,115939,16,39,21,64,6480
Afrika,Ghana,https://www.luckywin.com.gh,13.08,13324,25,13,129,3,42
Afrika,Ghana,https://ntc.gov.gh,251.88,265724,14,27,23,22,6452
Afrika,Ghana,https://apps.knust.edu.gh,10.77,15787,4,2,3,1,204
Afrika,Ghana,https://recruit.apply.mil.gh,9.28,14623,7,6,3,1,840
Afrika,Ghana,https://tpg.ntc.gov.gh,1.81,2222,4,6,3,0,31
Afrika,Ghana,https://gnsa.gov.gh,158.29,195657,8,79,71,46,4925
Afrika,Ghana,https://sakai.ug.edu.gh,0.12,124,1,0,0,0,26
Afrika,Ghana,https://www.jumia.com.gh,6.87,7031,5,1,0,0,16
Afrika,Ghana,https://www.590mobile.com.gh,55.76,71856,15,22,10,27,1968
Afrika,Ghana,https://curriculumresources.edu.gh,111.24,121678,17,62,52,8,2515
Afrika,Ghana,https://590mobile.com.gh,55.76,71856,15,22,10,27,1968
Afrika,Ghana,https://ibanking.stanbic.com.gh,73.76,75789,4,5,3,0,0
Afrika,Ghana,https://www.jobberman.com.gh,280.39,338287,30,17,26,24,2919
Afrika,Ghana,https://student.kstu.edu.gh,8.64,12100,3,9,12,1,625
Afrika,Ghana,https://www.wakanow.com.gh,64.7,66337,3,6,73,0,58
Afrika,Ghana,https://app.htu.edu.gh,11.88,18651,4,3,4,0,1229
Afrika,Ghana,https://betwinner.com.gh,2.91,2970,2,3,3,0,0
Afrika,Ghana,https://moodle.csuc.edu.gh,212.51,223426,13,12,3,4,14322
Afrika,Ghana,https://egovonline.gegov.gov.gh,0.04,45,0,0,0,0,9
Afrika,Ghana,https://stu.edu.gh,167.55,174318,16,30,19,16,11878
Afrika,Ghana,https://mtn.com.gh,51.69,63908,16,13,12,16,3466
Afrika,Ghana,https://maxbuy.com.gh,402.58,438963,24,77,50,124,9573
Afrika,Ghana,https://umis.ubids.edu.gh,4.83,7239,2,34,19,1,143
Afrika,Ghana,https://connect.ktu.edu.gh,3.76,4729,8,13,11,0,71
Afrika,Ghana,https://studentportal.jackson.edu.gh,6.39,8387,5,4,7,1,227
Afrika,Ghana,https://students.uhas.edu.gh,8.89,12358,3,10,12,1,639
Afrika,Ghana,https://goldbod.gov.gh,194.67,207025,17,37,65,29,7107
Afrika,Ghana,https://suite.uew.edu.gh,4.83,5338,7,5,25,0,9
Afrika,Ghana,https://www.betika.com.gh,9.48,9879,28,12,10,1,53
Afrika,Ghana,https://www.ghana.gov.gh,156.17,161748,5,9,12,8,1042
Afrika,Ghana,https://gameworld.mtn.com.gh,2.68,2942,7,4,6,0,3
Afrika,Ghana,https://broadband.mtn.com.gh,0.12,132,0,1,0,0,0
Afrika,Ghana,https://hbdrp.bdr.gov.gh,22.0,36655,4,14,21,5,515
Afrika,Ghana,https://online.prudential.com.gh,219.05,228684,7,20,15,33,7561
Afrika,Ghana,https://apply.mil.gh,38.33,56899,4,16,11,21,3296
Afrika,Ghana,https://www.knust.edu.gh,61.04,91693,5,11,3,20,10119
Afrika,Ghana,https://books.google.com.gh,389.78,398823,2,5,1,0,281
Afrika,Ghana,https://admissions.ug.edu.gh,21.59,26586,5,4,12,2,4206
Afrika,Ghana,https://apply.ug.edu.gh,0.18,189,0,1,0,0,9
Afrika,Ghana,https://ienabler.ug.edu.gh,0.31,321,0,0,0,0,189
Afrika,Ghana,https://jforce.jumia.com.gh,23.78,23998,16,4,17,0,6
Afrika,Ghana,https://up2u.mtn.com.gh,3.23,4342,1,11,4,1,488
Afrika,Ghana,https://apply.scholarships.gov.gh,4.91,7929,7,4,4,1,574
Afrika,Ghana,https://www.gcbbank.com.gh,73.74,89726,12,30,17,27,4252
Afrika,Ghana,https://play.telecel.com.gh,214.61,220068,5,15,11,8,1170
Afrika,Ghana,https://momomerchantapplication.mtn.com.gh,9.55,16304,2,16,5,4,1224
Afrika,Ghana,https://pws.police.gov.gh,3.76,5835,0,5,1,0,118
Afrika,Ghana,https://www.pulse.com.gh,267.26,445196,15,22,10,36,6219
Afrika,Ghana,https://www.winslots.com.gh,13.33,13557,25,13,129,3,58
Afrika,Ghana,https://www.ubuy.com.gh,682.05,877034,33,52,373,164,21791
Afrika,Ghana,https://cohk.edu.gh,45.27,49490,5,8,25,21,6870
Afrika,Ghana,https://ga.mil.gh,32.02,62036,6,11,12,17,5116
Afrika,Ghana,https://melbet.com.gh,10.19,11190,9,13,7,1,0
Afrika,Ghana,https://gafonline.mil.gh,49.79,83609,6,19,3,17,3117
Afrika,Ghana,https://staff.ecg.com.gh,3.01,3170,5,12,7,0,0
Afrika,Ghana,https://www.bog.gov.gh,250.29,288942,5,79,67,22,6202
Afrika,Ghana,https://www.electromart.com.gh,538.42,578493,19,90,53,201,16890
Afrika,Ghana,https://www.locanto.com.gh,12.7,14102,3,2,0,0,207
Afrika,Ghana,https://www.ug.edu.gh,39.06,48241,5,10,16,3,3391
Afrika,Ghana,https://ccc.nhia.gov.gh,3.48,5470,3,5,4,1,119
Afrika,Ghana,https://gcuc.edu.gh,22.48,23109,7,4,7,0,14
Afrika,Ghana,https://passport.mfa.gov.gh,23.1,23656,5,36,18,0,38
Afrika,Ghana,https://exams.ntc.gov.gh,15.26,19377,2,18,11,2,894
Afrika,Ghana,https://online.dvla.gov.gh,7.75,9559,6,11,17,1,113
Afrika,Ghana,https://portal.healthtraining.gov.gh,10.57,13537,4,10,12,1,392
Afrika,Ghana,https://www.ghaneps.gov.gh,16.45,22953,9,29,5,1,2347
Afrika,Ghana,https://ucc.edu.gh,239.07,358740,5,13,6,4,7636
Afrika,Ghana,https://yen.com.gh,295.17,388736,26,15,21,81,12032
Afrika,Ghana,https://mobilife.enterprisegroup.net.gh,22.55,25813,13,6,16,15,5682
Afrika,Ghana,https://my.jumia.com.gh,4.98,5477,5,4,1,0,779
Afrika,Ghana,https://www.betfox.com.gh,4.96,5491,5,4,1,0,780
Afrika,Ghana,https://www.goldengames.com.gh,9.54,9878,22,6,87,3,42
Afrika,Ghana,https://apply.ucc.edu.gh,12.68,16592,7,11,21,17,2189
Afrika,Ghana,https://admission.coeportal.edu.gh,4.96,6190,1,0,0,4,1474
Afrika,Ghana,https://app.tatu.edu.gh,12.27,19017,4,3,4,0,911
Afrika,Ghana,https://www.uew.edu.gh,89.44,103168,5,33,31,49,5717
Afrika,Ghana,https://atu.edu.gh,264.63,288356,6,47,51,16,13801
Afrika,Ghana,https://oms.jumia.com.gh,29.57,30935,3,3,1,1,100
Afrika,Ghana,https://sts.ug.edu.gh,36.49,50375,3,21,13,8,1877
Afrika,Ghana,https://radio.com.gh,44.89,47402,14,12,110,66,1519
Afrika,Ghana,https://apply.yea.gov.gh,24.12,40826,2,34,6,13,1452
Afrika,Ghana,https://keedbet.com.gh,158.87,163364,10,15,24,0,3
Afrika,Tansania,https://www.betpawa.co.tz,3.14,3528,14,10,2,0,52
Afrika,Tansania,https://portal.ajira.go.tz,50.08,51369,2,2,14,0,0
Afrika,Tansania,https://tanesw.tra.go.tz,1.44,1469,3,2,5,0,17
Afrika,Tansania,https://prem.necta.go.tz,599.16,603018,0,0,0,0,269301
Afrika,Tansania,https://www.necta.go.tz,21.22,32567,4,10,11,2,2287
Afrika,Tansania,https://en.betway.co.tz,82.13,84288,6,21,27,7,4473
Afrika,Tansania,https://onlinesys.necta.go.tz,14.43,18081,2,4,4,1,2920
Afrika,Tansania,https://gsb.co.tz,526.94,541569,2,4,0,1,313
Afrika,Tansania,https://www.betway.co.tz,82.13,84288,6,21,27,7,4473
Afrika,Tansania,https://pyramidgroup.co.tz,2.75,3566,2,0,1,1,57
Afrika,Tansania,https://meridianbet.co.tz,336.42,350378,5,8,15,21,1955
Afrika,Tansania,https://pmbet.co.tz,24.61,25361,5,10,26,0,0
Afrika,Tansania,https://parimatch.co.tz,159.7,164215,10,15,24,0,3
Afrika,Tansania,https://sokabet.co.tz,2.45,3068,2,4,2,1,10
Afrika,Tansania,https://sportpesa.co.tz,241.02,748933,8,14,5,11,21030
Afrika,Tansania,https://prems.necta.go.tz,122.07,123170,0,0,0,0,61592
Afrika,Tansania,https://erita.rita.go.tz,10.17,15224,2,5,5,2,740
Afrika,Tansania,https://oas.tbs.go.tz,9.82,14525,6,20,14,2,1607
Afrika,Tansania,https://omnichannels.crdbbank.co.tz,17.05,17768,3,24,9,8,1065
Afrika,Tansania,https://www.ajira.go.tz,60.37,118554,6,27,17,34,7746
Afrika,Tansania,https://leonbet.co.tz,37.32,38110,10,5,24,0,61
Afrika,Tansania,https://ffars.tamisemi.go.tz,1.04,1162,3,1,5,0,5
Afrika,Tansania,https://orbit.pyramidgroup.co.tz,2.63,3303,2,0,1,1,61
Afrika,Tansania,https://ibanking.nmbbank.co.tz,4.87,4966,4,4,1,0,0
Afrika,Tansania,https://jiji.co.tz,6.8,6953,5,1,0,0,16
Afrika,Tansania,https://cosis.cbe.ac.tz,4.13,5311,5,8,9,1,189
Afrika,Tansania,https://taxpayerportal.tra.go.tz,15.44,15831,2,2,3,0,21
Afrika,Tansania,https://www.kingbet.co.tz,83.34,83314,15,8,42,26,2116
Afrika,Tansania,https://www.nactvet.go.tz,44.18,75183,3,30,16,15,5532
Afrika,Tansania,https://www.wasafibet.co.tz,112.92,168531,27,10,4,54,6807
Afrika,Tansania,https://www.betika.co.tz,7.29,8227,18,12,9,2,53
Afrika,Tansania,https://www.mwananchi.co.tz,173.02,182374,18,44,24,56,10540
Afrika,Tansania,https://premierbetzone.co.tz,6.21,7601,6,13,3,0,0
Afrika,Tansania,https://gothomis.tamisemi.go.tz,10.47,11392,5,4,5,0,115
Afrika,Tansania,https://ems.ifm.ac.tz,55.0,57397,3,1,6,0,332
Afrika,Tansania,https://sgrticket.trc.co.tz,0.76,808,3,5,2,0,30
Afrika,Tansania,https://www.inec.go.tz,59.63,84558,9,10,15,19,6832
Afrika,Tansania,https://identity.nhif.or.tz,2.09,2700,2,4,3,0,168
Afrika,Tansania,https://osim.makumira.ac.tz,18.66,25523,6,26,6,1,1476
Afrika,Tansania,https://paymentregistration.tra.go.tz,1.16,1233,1,0,0,0,181
Afrika,Tansania,https://pos.levanda.co.tz,49.73,66815,6,16,13,13,2694
Afrika,Tansania,https://sims.uoi.ac.tz,0.0,1,0,0,0,0,0
Afrika,Tansania,https://www.airtel.co.tz,3.74,3723,21,15,7,0,31
Afrika,Tansania,https://www.bmcoach.co.tz,51.17,71890,5,23,18,34,4664
Afrika,Tansania,https://www.premierbet.co.tz,15.47,17598,7,5,14,0,20
Afrika,Tansania,https://www.tpdf.mil.tz,18.53,25511,1,14,4,29,2104
Afrika,Tansania,https://zolas.zheslb.go.tz,0.02,19,0,0,0,0,18
Afrika,Tansania,https://betika.co.tz,7.29,8227,18,12,9,2,53
Afrika,Tansania,https://biokyc.vodacom.co.tz,4.2,5647,5,4,8,1,133
Afrika,Tansania,https://learninghubtz.co.tz,223.36,254929,6,13,8,10,12017
Afrika,Tansania,https://elms.out.ac.tz,5.45,6153,4,8,6,2,541
Afrika,Tansania,https://osim.kiut.ac.tz,20.79,27683,6,26,6,2,3354
Afrika,Tansania,https://osim.tudarco.ac.tz,19.3,26191,6,26,6,1,1712
Afrika,Tansania,https://osim.bugando.ac.tz,19.18,26050,6,26,6,1,1924
Afrika,Tansania,https://oas.nit.ac.tz,0.0,0,0,0,0,0,0
Afrika,Tansania,https://sims.nit.ac.tz,0.0,1,0,0,0,0,0
Afrika,Tansania,https://mimis.mifugo.go.tz,10.71,17538,4,11,4,11,727
Afrika,Tansania,https://maji.gov.go.tz,4.86,7772,5,6,5,0,8
Afrika,Tansania,https://ncnd.vodacom.co.tz,0.51,558,2,1,2,0,11
Afrika,Tansania,https://helabet.co.tz,3.52,3599,2,3,3,0,0
Afrika,Tansania,https://kiccohas.ac.tz,75.84,85449,35,49,43,17,2886
Afrika,Tansania,https://www.pigabet.co.tz,3.18,3224,14,6,9,0,62
Afrika,Tansania,https://vms.vodacom.co.tz,7.01,11017,2,9,7,1,663
Afrika,Tansania,https://osim.kcmuco.ac.tz,20.87,27763,6,26,6,2,3358
Afrika,Tansania,https://epermit.mow.go.tz,52.09,128396,3,23,11,16,1455
Afrika,Tansania,https://oas.tia.ac.tz,3351.89,3433618,5,1,2,0,14
Afrika,Tansania,https://oas.must.ac.tz,0.0,0,0,0,0,0,0
Afrika,Tansania,https://secure.creditinfo.co.tz,15.36,18596,2,21,3,2,127
Afrika,Tansania,https://tas.thps.or.tz,2.94,3910,3,5,12,1,134
Afrika,Tansania,https://shabiby.co.tz,26.09,44551,34,16,18,4,2528
Afrika,Tansania,https://visa.immigration.go.tz,8.97,12879,5,11,13,6,2375
Afrika,Tansania,https://www.tronic.co.tz,1520.45,2197933,21,246,13,517,98151
Afrika,Tansania,https://system.nbaa.go.tz,4.94,7395,10,3,4,1,249
Afrika,Tansania,https://tausi.tamisemi.go.tz,14.11,14492,2,6,4,0,11
Afrika,Tansania,https://gimis.gpsa.go.tz,73.06,74876,2,4,4,0,3
Afrika,Tansania,https://srs.irdp.ac.tz,5.88,7418,7,10,9,1,58
Afrika,Tansania,https://oas.sjut.ac.tz,0.0,0,0,0,0,0,0
Afrika,Tansania,https://admission.mzumbe.ac.tz,180.61,276625,4,11,8,2,130390
Afrika,Tansania,https://cms.judiciary.go.tz,415.79,428491,3,10,9,1,178
Afrika,Tansania,https://wims.osha.go.tz,18.34,35493,4,6,3,5,1820
Afrika,Tansania,https://sims.saut.ac.tz,0.0,2,0,0,0,0,0
Afrika,Uganda,https://www.betpawa.ug,2.97,3486,4,11,12,0,0
Afrika,Uganda,https://mobile.fortebet.ug,41.55,42666,10,6,15,0,8
Afrika,Uganda,https://www.djerycom.ug,42.7,79410,7,8,9,88,2525
Afrika,Uganda,https://www.howwe.ug,107.97,110433,19,12,8,57,10309
Afrika,Uganda,https://gsb.ug,4.96,5286,7,24,5,1,0
Afrika,Uganda,https://jiji.ug,6.77,6929,5,1,0,0,16
Afrika,Uganda,https://ura.go.ug,306.26,363122,21,77,63,42,6981
Afrika,Uganda,https://www.jumia.ug,6.85,7006,5,1,0,0,16
Afrika,Uganda,https://desktop.fortebet.ug,6.23,6583,10,6,13,0,8
Afrika,Uganda,https://www.ababet.ug,197.5,203980,6,14,7,6,13381
Afrika,Uganda,https://www.fortebet.ug,6.23,6579,10,6,13,0,8
Afrika,Uganda,https://www.monitor.co.ug,4.98,5478,5,4,1,0,780
Afrika,Uganda,https://eims.uvtab.go.ug,4.89,10501,2,1,9,6,282
Afrika,Uganda,https://www.schoolpay.co.ug,20.49,23538,3,24,11,32,1936
Afrika,Uganda,https://www.bongobongo.ug,131.18,133317,9,4,60,32,1326
Afrika,Uganda,https://22bet.ug,109.59,113441,5,7,12,0,31
Afrika,Uganda,https://www.mtn.co.ug,70.5,89421,26,26,32,28,3678
Afrika,Uganda,https://radio.co.ug,44.24,46734,14,12,110,66,1451
Afrika,Uganda,https://nilepost.co.ug,6.82,6979,5,1,0,0,16
Afrika,Uganda,https://vacancies.psc.go.ug,12.47,17500,2,5,1,1,3545
Afrika,Uganda,https://edocs.go.ug,5.83,6462,4,5,5,0,563
Afrika,Uganda,https://nduels.ndu.ac.ug,38.46,64183,4,12,6,9,2226
Afrika,Uganda,https://eemis.mglsd.go.ug,45.57,83268,6,19,20,4,7811
Afrika,Uganda,https://observer.ug,217.23,238198,26,84,68,35,8434
Afrika,Uganda,https://pearltunes.ug,186.84,194414,30,9,18,123,3044
Afrika,Uganda,https://touchpoint.ura.go.ug,10.3,18128,3,7,6,5,444
Afrika,Uganda,https://www.championbet.ug,1.68,2100,2,5,4,1,0
Afrika,Uganda,https://www.brightermonday.co.ug,286.32,345519,30,17,25,24,2922
Afrika,Uganda,https://www.sba.co.ug,15.31,17438,7,5,14,0,10
Afrika,Uganda,https://www.updf.go.ug,169.18,182065,15,65,45,28,4378
Afrika,Uganda,https://egpuganda.go.ug,45.08,74940,3,14,7,39,4613
Afrika,Uganda,https://service.upf.go.ug,8.41,12255,10,20,12,6,592
Afrika,Uganda,https://selfservicepro.uedcl.co.ug,0.13,133,1,0,0,0,0
Afrika,Uganda,https://online.absa.co.ug,2.7,3792,3,3,2,0,137
Afrika,Uganda,https://www.independent.co.ug,101.06,112185,18,42,34,70,8071
Afrika,Uganda,https://jobnotices.ug,177.54,187416,51,31,31,20,5613
Afrika,Uganda,https://www.premierbet.ug,7.42,8033,7,9,32,0,12
Afrika,Uganda,https://cafejavas.co.ug,39.23,56369,4,9,4,27,1977
Afrika,Uganda,https://kiu.ac.ug,90.49,163691,8,44,26,16,14474
Afrika,Uganda,https://fortebet.ug,6.23,6575,10,6,13,0,8
Afrika,Uganda,https://ecampus.uict.ac.ug,310.96,319644,3,22,6,204,37600
Afrika,Uganda,https://opportunitytracker.ug,202.76,221632,10,33,48,29,6201
Afrika,Uganda,https://mbu.ug,191.04,203233,29,74,61,19,2459
Afrika,Uganda,https://www.jobadverts.ug,203.27,235866,26,84,51,92,9055
Afrika,Uganda,https://www.kagwirawo.ug,15.34,18263,7,28,24,0,60
Afrika,Uganda,https://myportal.busitema.ac.ug,0.97,1028,4,1,7,0,15
Afrika,Uganda,https://www.tilyexpress.ug,874.1,921129,30,215,50,347,64171
Afrika,Uganda,https://eportal.mru.ac.ug,16.36,22819,0,25,9,5,96
Afrika,Uganda,https://kagwirawo.ug,15.34,18263,7,28,24,0,60
Afrika,Uganda,https://upf.go.ug,131.25,134778,16,40,39,50,6950
Afrika,Uganda,https://student.kiu.ac.ug,3.73,4940,4,6,8,1,175
Afrika,Uganda,https://myportal.gu.ac.ug,0.95,1010,4,1,7,0,15
Afrika,Uganda,https://www.ubuy.ug,682.56,878261,33,52,373,166,21903
Afrika,Uganda,https://www.ec.or.ug,35.57,38453,14,25,4,5,5206
Afrika,Uganda,https://cims.unbs.go.ug,5.73,8867,5,8,5,1,325
Afrika,Uganda,https://emis.go.ug,24.89,33549,6,26,14,3,2967
Afrika,Uganda,https://help.gsb.ug,159.87,170046,22,36,49,79,6044
Afrika,Uganda,https://pde.egpuganda.go.ug,3.79,5352,3,4,8,1,242
Afrika,Uganda,https://www.newvision.co.ug,5060.88,5211914,9,4,180,24,7382
Afrika,Uganda,https://www.pulse.ug,278.8,475014,15,21,10,43,6150
Afrika,Uganda,https://my.jumia.ug,4.97,5473,5,4,1,0,775
Afrika,Uganda,https://ababet.ug,194.53,200933,6,14,7,6,13263
Afrika,Uganda,https://ereg.uneb.ac.ug,8.27,10989,5,8,8,3,548
Afrika,Uganda,https://everjobs.ug,121.65,125292,15,26,15,26,4745
Afrika,Uganda,https://erp.mogo.ug,38.13,39235,14,7,6,0,23
Afrika,Uganda,https://softpower.ug,184.39,213584,22,44,31,39,6915
Afrika,Uganda,https://www.gadgetcraze.ug,64.59,95042,18,11,5,63,3679
Afrika,Uganda,https://passports.go.ug,2.07,2084,4,4,12,0,34
Afrika,Uganda,https://elearning.umu.ac.ug,136.05,232419,3,11,5,203,9545
Afrika,Uganda,https://iras.go.ug,0.72,732,4,1,4,0,47
Afrika,Uganda,https://mtunda.ug,563.68,701168,23,59,307,125,16299
Afrika,Uganda,https://prereg.nsis.nira.go.ug,0.0,0,0,0,0,0,0
Afrika,Uganda,https://stock.itms.ug,4.05,4290,6,8,5,1,144
Afrika,Uganda,https://selfservicepro.umeme.co.ug,0.13,133,1,0,0,0,0
Afrika,Uganda,https://mail.ura.go.ug,52.25,59246,3,7,1,6,282
Afrika,Uganda,https://myportal.mubs.ac.ug,0.96,1016,4,1,7,0,15
Afrika,Uganda,https://myportal.kyu.ac.ug,0.95,1013,4,1,7,0,15
Afrika,Uganda,https://dotshule.ug,22.78,23712,4,13,9,3,442
Afrika,Uganda,https://elearning.kab.ac.ug,102.51,107365,3,22,6,10,2999
Afrika,Uganda,https://fis.pdmis.go.ug,18.22,20742,7,179,4,1,234
Afrika,Uganda,https://mubsep.mubs.ac.ug,59.05,116907,5,17,6,10,4588
Afrika,Uganda,https://airtelmoney.airtel.ug,1.18,1166,4,3,0,0,83
Afrika,Uganda,https://eportal.yci.ac.ug,13.09,18014,0,21,9,3,49
Afrika,Uganda,https://eportal.ku.ac.ug,13.09,18014,0,21,9,3,49
Afrika,Uganda,https://crm.platinumcredit.co.ug,1.7,1720,11,3,9,0,9
Afrika,Uganda,https://emis.uvtab.go.ug,5.31,6525,2,2,0,1,286
Afrika,Uganda,https://client-portal.oldmutual.co.ug,410.13,420250,1,1,0,1,691
Afrika,Uganda,https://alpha.ucu.ac.ug,4.39,5246,3,3,17,2,75
Afrika,Uganda,https://nira.go.ug,19.6,20340,5,4,17,1,55
Afrika,Uganda,https://obrs.ursb.go.ug,1.73,1827,5,3,6,0,19
Afrika,Uganda,https://partners.mogo.co.ug,14.63,14562,5,6,122,0,21
Afrika,Uganda,https://vle.bsu.ac.ug,50.43,75130,5,12,7,13,3615
Afrika,Uganda,https://www.airtel.co.ug,3.83,3807,21,15,7,0,31
Afrika,Senegal,https://mojabet.sn,146.24,150433,10,15,24,0,3
Afrika,Senegal,https://1xbet.sn,3.53,3603,2,3,3,0,0
Afrika,Senegal,https://www.zeturf.sn,187.49,252351,6,20,18,2,11224
Afrika,Senegal,https://crem.education.sn,0.3,315,1,0,0,0,72
Afrika,Senegal,https://m.betclic.sn,38.36,61078,2,0,4,1,97
Afrika,Senegal,https://gamesport.sn,171.34,178145,5,15,6,3,203
Afrika,Senegal,https://esolde.sec.gouv.sn,16.29,21940,18,5,3,3,591
Afrika,Senegal,https://orientation.campusen.sn,67.15,71201,3,6,5,12,1347
Afrika,Senegal,https://eleve.education.sn,2.27,3114,5,12,5,0,48
Afrika,Senegal,https://www.jumia.sn,6.87,7027,5,1,0,0,16
Afrika,Senegal,https://financements.3fpt.sn,6.72,6878,5,1,0,0,16
Afrika,Senegal,https://guindima.sn,24.74,35993,10,10,17,0,4175
Afrika,Senegal,https://www.auchan.sn,425.13,442686,18,21,13,230,15624
Afrika,Senegal,https://www.directiondesbourses.sn,6.22,7638,5,0,1,0,120
Afrika,Senegal,https://my.jumia.sn,4.06,4535,5,3,1,0,775
Afrika,Senegal,https://formation.education.sn,64.29,88019,3,14,3,48,2040
Afrika,Senegal,https://jiji.sn,315.79,323330,25,3,7,121,10235
Afrika,Senegal,https://zk682rf6u5zm-1.unchk.sn,4.9,6343,2,2,1,0,115
Afrika,Senegal,https://payment.dpworld.sn,55.54,91141,5,21,9,5,267
Afrika,Senegal,https://prepaid.orange.sn,8.34,9859,9,8,2,1,143
Afrika,Senegal,https://lequotidien.sn,236.28,267340,6,21,16,111,16963
Afrika,Senegal,https://formation.force-n.sn,50.31,52975,3,24,8,11,3209
Afrika,Senegal,https://radio.sn,44.48,47032,14,12,110,66,1544
Afrika,Senegal,https://www.orange.sn,110.81,162862,28,34,62,113,8647
Afrika,Senegal,https://3fpt.sn,0.21,226,0,0,0,0,164
Afrika,Senegal,https://e-evaluations.unchk.sn,27.92,31955,3,11,3,2,963
Afrika,Senegal,https://5j0kz55stnhm.unchk.sn,4.9,6343,2,2,1,0,115
Afrika,Senegal,https://si.uadb.edu.sn,3.88,4273,7,6,15,4,63
Afrika,Senegal,https://mirador.education.gouv.sn,6.62,9888,2,21,12,3,574
Afrika,Senegal,https://www.yumyum.sn,16.52,18018,13,7,12,15,1342
Afrika,Senegal,https://ent.unchk.sn,4.84,6282,2,2,1,0,115
Afrika,Senegal,https://identification.yas.sn,3.54,3636,7,2,7,0,18
Afrika,Senegal,https://change.sn,529.45,909048,29,92,18,52,6962
Afrika,Senegal,https://orange.sn,109.82,161849,28,34,62,113,8647
Afrika,Senegal,https://pro2.sodipharm.sn,11.82,15911,3,16,7,2,509
Afrika,Senegal,https://www.igfm.sn,136.19,151443,26,39,19,76,19128
Afrika,Senegal,https://mzgbuq3u78p6-1.unchk.sn,4.9,6343,2,2,1,0,115
Afrika,Senegal,https://www.taftaf.sn,11.6,12367,13,4,11,1,731
Afrika,Senegal,https://enseignant.education.sn,1.44,2056,4,0,5,0,51
Afrika,Senegal,https://bwinners.sn,53.88,56752,2,1,0,2,338
Afrika,Senegal,https://7qjseja8qm0t.unchk.sn,4.9,6343,2,2,1,0,115
Afrika,Senegal,https://kfcsenegal.sn,16.13,39326,8,5,9,1,3256
Afrika,Senegal,https://s95xu467vd5p-1.unchk.sn,4.9,6343,2,2,1,0,115
Afrika,Senegal,https://online.groupeism.sn,135.49,152796,15,26,10,61,11466
Afrika,Senegal,https://lesoleil.sn,672.52,729632,17,49,51,23,10213
Afrika,Senegal,https://planete.education.sn,1.71,2409,4,0,5,0,40
Afrika,Senegal,https://sygost.croust.sn,1.25,1313,3,2,11,0,5
Afrika,Senegal,https://nova.sn,195.14,268164,6,14,44,50,16218
Afrika,Senegal,https://studentcenter.ucad.sn,87.51,108374,6,14,10,34,1011
Afrika,Senegal,https://aps.sn,278.46,294928,23,80,50,75,8075
Afrika,Senegal,https://dalal-jamm.unchk.sn,8.18,11607,5,9,6,0,187
Afrika,Senegal,https://recrutement.senelec.sn,57.47,65656,1029,19,8,2,180
Afrika,Senegal,https://kvi331lshe5x.unchk.sn,4.9,6343,2,2,1,0,115
Afrika,Senegal,https://7xhmaster8pt.unchk.sn,11.59,15099,5,9,6,0,187
Afrika,Senegal,https://senegalservices.sn,161.66,166571,13,12,16,9,3061
Afrika,Senegal,https://resetpassword.education.sn,5.2,6130,2,6,4,0,261
Afrika,Senegal,https://www.rts.sn,211.54,218774,12,13,4,59,2178
Afrika,Senegal,https://parent.education.sn,2.47,3348,4,13,8,0,40
Afrika,Senegal,https://www.cbaonet.sn,9.38,14610,6,13,8,3,272
Afrika,Senegal,https://www.decathlon.sn,337.57,540702,5,29,23,28,4250
Afrika,Senegal,http://foad.ugb.sn,248.7,258951,3,12,8,34,46178
Afrika,Senegal,https://raagnale.force-n.sn,3.32,3872,3,0,4,6,214
Afrika,Senegal,https://www.google.sn,49.5,50413,2,11,0,1,296
Afrika,Senegal,http://bibnum.ucad.sn,0.1,105,0,1,0,0,0
Afrika,Senegal,https://22bet.sn,23.49,24734,8,3,9,0,10
Afrika,Senegal,https://esp.sn,275.4,328411,31,86,79,12,4404
Afrika,Senegal,https://hometech.sn,497.51,539101,27,69,43,72,6231
Afrika,Senegal,https://formationpro.unchk.sn,11.59,15095,5,9,6,0,187
Afrika,Senegal,https://orangebank.sn,114.38,120345,21,86,27,28,3871
Afrika,Senegal,https://affectation.education.sn,0.1,108,0,0,0,0,70
Afrika,Senegal,https://jforce.jumia.sn,22.86,23060,16,3,17,0,6
Afrika,Senegal,https://www.groupeism.sn,83.95,92045,20,34,13,10,4305
Afrika,Senegal,https://dit.sn,226.83,239076,31,40,19,26,9352
Afrika,Senegal,https://billetterie.ticketfoot.sn,1.29,1348,2,3,3,0,17
Afrika,Senegal,https://societegenerale.sn,50.48,53860,17,15,12,6,3770
Afrika,Senegal,http://www.mirador.education.gouv.sn,15.6,22884,3,13,14,1,171
Afrika,Senegal,https://emploijeunes.sn,19.59,21988,5,66,55,3,539
Afrika,Senegal,https://www.ubuy.sn,681.1,875497,33,52,373,162,21828
Afrika,Senegal,https://6bx8k6o5q6u4-1.unchk.sn,11.6,15111,5,9,6,0,187
Afrika,Senegal,https://portail.unchk.sn,11.57,15079,5,9,6,0,187
Afrika,Senegal,https://demdikk.sn,103.26,126786,10,67,69,43,4210
Afrika,Senegal,https://www.education.sn,276.95,285098,12,13,4,17,4403
Afrika,Senegal,https://boutique.orange.sn,448.37,462702,18,26,7,199,9119
Afrika,Senegal,https://mail.gendarmerie.sn,17.79,21661,5,1,2,0,741
Afrika,Senegal,https://promo.sn,6.79,6951,5,1,0,0,16
Afrika,Senegal,https://kairos.uam.sn,10.77,14136,10,6,6,3,429
Afrika,Senegal,https://www.snhlm.sn,64.05,95999,6,20,26,24,4362
Afrika,Senegal,https://6oeu038yo5u6-1.unchk.sn,11.6,15111,5,9,6,0,187
Afrika,Tunesien,https://www.automobile.tn,197.54,261008,16,16,16,165,12192
Afrika,Tunesien,https://bhnet.bhbank.tn,23.7,34857,1,1,5,203,2985
Afrika,Tunesien,https://www.mytek.tn,6.8,6955,5,1,0,0,16
Afrika,Tunesien,https://www.tunisianet.com.tn,147.62,197688,7,9,24,33,10672
Afrika,Tunesien,https://spacenet.tn,715.25,1224567,27,38,10,92,30297
Afrika,Tunesien,https://services.justice.gov.tn,0.19,199,0,0,0,0,74
Afrika,Tunesien,https://www.med.tn,6.78,6940,5,1,0,0,16
Afrika,Tunesien,https://batam.com.tn,402.25,773191,12,52,25,89,8740
Afrika,Tunesien,https://classi.tn,187.18,236367,11,39,4,33,2278
Afrika,Tunesien,https://qpr.tn,88.89,100148,17,54,31,1,617
Afrika,Tunesien,https://www.concours.gov.tn,11.02,19882,1,16,7,5,1883
Afrika,Tunesien,https://ebanking.bna.tn,14.15,14969,9,24,15,2,393
Afrika,Tunesien,https://www.optioncarriere.tn,5.88,6368,2,2,0,0,209
Afrika,Tunesien,https://www.slouage-mbey.tn,6.5,8395,6,17,7,0,178
Afrika,Tunesien,https://www.attijarirealtime.com.tn,17.47,20356,5,26,21,5,2133
Afrika,Tunesien,https://lapresse.tn,200.64,226860,220,55,66,101,6800
Afrika,Tunesien,https://promo.youscribe.tn,181.34,185815,13,96,12,3,1601
Afrika,Tunesien,https://www.ubuy.tn,679.77,873953,33,50,373,164,21829
Afrika,Tunesien,https://www.businessnews.com.tn,2034.22,2138320,24,45,62,17,2407
Afrika,Tunesien,https://www.ooredoo.tn,117.15,236946,6,9,5,54,5748
Afrika,Tunesien,https://pharma-shop.tn,440.97,526757,7,78,46,122,19881
Afrika,Tunesien,https://www.mubawab.tn,40.41,49529,13,18,9,7,1571
Afrika,Tunesien,https://www.tayara.tn,346.18,362607,12,26,14,27,2432
Afrika,Tunesien,https://app.navex.tn,3.06,3925,5,7,9,2,63
Afrika,Tunesien,https://www.graiet.tn,342.0,417639,8,46,16,68,13507
Afrika,Tunesien,https://www.nutrigym.tn,6.21,7337,8,10,10,2,232
Afrika,Tunesien,https://www.wamia.tn,6.78,6934,5,1,0,0,16
Afrika,Tunesien,https://online.mybiat.tn,21.77,22346,2,3,3,0,9
Afrika,Tunesien,https://www.aneti-international.tn,35.79,39751,6,23,65,12,2050
Afrika,Tunesien,https://www.maparatunisie.tn,1241.09,1321779,28,52,28,246,19005
Afrika,Tunesien,https://espace.steg.com.tn,5.06,6752,1,1,1,12,510
Afrika,Tunesien,https://www.decathlon.tn,6.74,6896,5,1,0,0,16
Afrika,Tunesien,https://www.devoir.tn,179.62,271484,39,39,46,90,14476
Afrika,Tunesien,https://app.ecnplus.tn,1.3,1334,10,1,4,0,8
Afrika,Tunesien,https://cherrybeauty.tn,325.72,331145,9,50,40,65,5595
Afrika,Tunesien,https://hb-leasing.tn,116.02,121096,26,25,54,54,2583
Afrika,Tunesien,https://moodle.medtech.tn,49.0,68145,4,13,3,4,3392
Afrika,Tunesien,https://celio.tn,187.57,229204,9,56,6,68,5171
Afrika,Tunesien,https://legislation-securite.tn,725.5,785675,16,56,57,4,32540
Afrika,Tunesien,https://oxfordcity.tn,249.74,281061,19,55,105,61,5291
Afrika,Tunesien,https://beautystore.tn,285.97,464057,27,20,4,115,41537
Afrika,Tunesien,https://colis.lazajella.tn,6.31,7600,3,3,3,1,58
Afrika,Tunesien,https://smartclinic.tn,30.13,41218,10,21,17,49,303
Afrika,Tunesien,https://soudanisami.tn,24.22,28086,4,16,14,8,4818
Afrika,Tunesien,https://webmail.gnet.tn,561.33,575587,6,213,6,0,0
Afrika,Tunesien,https://promo.playup.tn,199.53,204502,18,99,14,2,2069
Afrika,Tunesien,https://tunitests.tn,32.58,46399,12,24,14,18,797
Afrika,Tunesien,https://idaraty.tn,1006.8,1213932,25,13,9,112,8044
Afrika,Tunesien,https://darty.tn,235.56,300021,88,56,22,104,5162
Afrika,Tunesien,https://www.alwosta.tn,228.46,284008,14,9,13,40,8368
Afrika,Tunesien,https://bricola.tn,309.31,379836,20,39,40,89,17078
Afrika,Tunesien,https://teskerti.tn,48.17,77100,19,22,17,33,2561
Afrika,Tunesien,https://www.biatnet.com.tn,8.98,10265,1,1,0,2,268
Afrika,Tunesien,https://www.biat.tn,20.78,24967,4,15,6,43,1326
Afrika,Tunesien,https://lw.atome.tn,291.03,320753,18,62,10,3,4641
Afrika,Tunesien,https://www.fiabilo.tn,0.04,44,0,0,0,0,44
Afrika,Tunesien,https://www.meteo.tn,1711.01,1775002,16,12,24,20,5201
Afrika,Tunesien,https://www.pointm.tn,146.81,151343,52,9,41,56,11022
Afrika,Tunesien,https://www.slouage-medenine.tn,1.8,2741,2,0,0,1,188
Afrika,Tunesien,https://www.carrefour.tn,5.55,8840,6,5,9,1,0
Afrika,Tunesien,https://app.cashmayoufech.tn,1.14,1151,4,1,4,0,7
Afrika,Tunesien,https://amendes.finances.gov.tn,9.77,14707,2,5,16,7,1155
Afrika,Tunesien,https://bigdatis.tn,1.7,1755,2,8,8,0,8
Afrika,Tunesien,http://www.watania2.tn,36.42,43050,3,24,4,44,1981
Afrika,Tunesien,https://motorz.tn,238.69,260990,21,90,56,25,6564
Afrika,Tunesien,https://assistance.ooredoo.tn,93.04,108394,16,19,10,36,3768
Afrika,Tunesien,https://affilie.cnrps.nat.tn,7.2,11258,5,25,17,4,342
Afrika,Tunesien,https://connexion.ooredoo.tn,9.68,10866,1,11,3,0,138
Afrika,Tunesien,https://my.adex.tn,30.98,52945,4,26,12,2,2010
Afrika,Tunesien,https://portail.sonede.com.tn,0.7,708,2,4,2,0,21
Afrika,Tunesien,https://nutribeast.tn,398.05,582098,331,42,25,158,14218
Afrika,Tunesien,https://telmidh.tn,228.88,252488,16,64,71,12,6828
Afrika,Tunesien,https://journalistesfaxien.tn,61.81,71095,12,14,13,29,5209
Afrika,Tunesien,https://translate.google.com.tn,31.07,34745,1,0,1,1,2131
Afrika,Tunesien,https://www.atct.tn,96.34,106943,10,11,11,80,6665
Afrika,Tunesien,https://brico-direct.tn,132.3,138323,19,6,48,234,6583
Afrika,Tunesien,https://www.bibliotheque.nat.tn,124.21,154606,18,28,16,45,8443
Afrika,Tunesien,https://www.alkitab.tn,101.94,134872,26,21,16,30,5569
Nordamerika,USA,https://zoom.us,273.41,415319,27,17,25,94,19537
Nordamerika,USA,https://danbooru.donmai.us,6.85,7004,5,1,0,0,16
Nordamerika,USA,https://rule34.us,5.58,5907,2,12,3,9,239
Nordamerika,USA,https://www.aliexpress.us,1.42,1459,0,1,0,0,0
Nordamerika,USA,https://www.band.us,12.03,13976,34,6,11,0,36
Nordamerika,USA,https://stake.us,6.71,6866,5,1,0,0,16
Nordamerika,USA,https://www.chatib.us,4.06,4568,5,3,1,0,776
Nordamerika,USA,https://quixe.us,60.99,66548,17,19,17,10,325
Nordamerika,USA,https://oracle.zoom.us,20.26,23097,3,0,1,2,1105
Nordamerika,USA,https://huaren.us,108.48,528153,7,24,4,75,13137
Nordamerika,USA,https://cholitas.us,66.64,71038,15,30,18,21,2382
Nordamerika,USA,https://eapps.courts.state.va.us,0.96,1544,1,0,1,0,303
Nordamerika,USA,https://apps.warren.kyschools.us,0.11,118,0,0,0,0,27
Nordamerika,USA,https://schoology.parkhill.k12.mo.us,44.6,45868,14,7,6,0,23
Nordamerika,USA,https://qua-x.us,32.43,34623,9,22,12,0,46
Nordamerika,USA,https://www.r777.us,1.44,1462,4,3,5,0,57
Nordamerika,USA,https://mitene.us,87.13,93887,13,6,11,33,2399
Nordamerika,USA,https://dewapokersite.us,68.53,120007,33,29,18,85,4137
Nordamerika,USA,https://ltube.us,54.59,70058,10,29,22,24,2447
Nordamerika,USA,https://tealprod.tea.state.tx.us,10.94,12399,2,9,3,0,523
Nordamerika,USA,https://schoology.ccps.us,1212.32,1243023,6,5,1,2,439
Nordamerika,USA,https://www.bootleggers.us,36.54,38237,14,12,4,133,6894
Nordamerika,USA,https://adfoc.us,7.82,9744,6,18,5,11,956
Nordamerika,USA,https://c777.us,4.25,4718,16,4,5,0,26
Nordamerika,USA,http://qua-x.us,32.42,34608,9,22,12,0,46
Nordamerika,USA,https://mydsd.davis.k12.ut.us,0.0,0,0,0,0,0,0
Nordamerika,USA,https://javhay.us,48.97,53120,18,21,11,19,2080
Nordamerika,USA,https://mdocweb.state.mi.us,0.29,384,0,0,0,0,220
Nordamerika,USA,https://mekym.us,26.56,29401,8,19,18,1,132
Nordamerika,USA,https://casesearch.courts.state.md.us,0.22,257,2,0,0,0,68
Nordamerika,USA,https://www.disturbia.us,759.97,838804,23,65,25,770,23728
Nordamerika,USA,https://bia2anime.us,155.19,222567,15,22,16,32,13685
Nordamerika,USA,https://latinus.us,175.93,218891,10,20,26,75,16370
Nordamerika,USA,https://rapidid.jefferson.kyschools.us,0.11,118,0,0,0,0,27
Nordamerika,USA,https://www.calvinklein.us,1.62,1654,2,3,0,0,20
Nordamerika,USA,https://fanbinit.us,1.49,1684,3,4,1,0,167
Nordamerika,USA,https://www.locanto.us,12.69,14093,3,2,0,0,206
Nordamerika,USA,https://air168neo.us,4.04,4549,5,3,1,0,757
Nordamerika,USA,http://quxis.us,67.83,75338,8,26,23,1,175
Nordamerika,USA,https://cdn-videymp4.us,3.19,4887,2,2,1,0,122
Nordamerika,USA,https://auth.band.us,7.83,10246,5,5,2,0,170
Nordamerika,USA,https://www.aldi.us,885.87,907289,15,7,127,105,8775
Nordamerika,USA,https://www.iowacourts.state.ia.us,3.42,3539,3,1,0,0,25
Nordamerika,USA,https://www.track718.us,4.17,4625,17,12,7,0,69
Nordamerika,USA,https://events.zoom.us,14.1,19484,3,4,1,1,106
Nordamerika,USA,https://www.chatiw.us,32.35,39034,22,15,25,3,6027
Nordamerika,USA,https://www.meshki.us,3514.98,5392993,22,116,383,933,44825
Nordamerika,USA,https://www.zoom.us,273.41,415319,27,17,25,94,19537
Nordamerika,USA,https://quiz.zep.us,115.22,146671,25,12,37,48,3588
Nordamerika,USA,https://modo.us,11.88,12704,13,40,12,1,30
Nordamerika,USA,https://iapps.courts.state.ny.us,10.38,10718,0,2,0,0,477
Nordamerika,USA,https://steamstat.us,45.78,47008,12,1,7,0,1813
Nordamerika,USA,https://fendy188game.us,196.46,225441,45,40,19,15,9975
Nordamerika,USA,https://quxis.us,67.86,75368,8,26,23,1,175
Nordamerika,USA,https://sv88.us,3.21,5030,2,0,4,3,186
Nordamerika,USA,https://hac23.esp.k12.ar.us,24.86,28595,2,16,12,0,8410
Nordamerika,USA,https://www.publicrecords.us,0.97,986,1,0,0,0,620
Nordamerika,USA,https://myprize.us,144.77,150226,19,9,50,6,1576
Nordamerika,USA,https://www.mobilize.us,278.16,286180,13,13,9,0,65
Nordamerika,USA,https://lms.beth.k12.pa.us,1212.06,1242760,6,5,1,2,439
Nordamerika,USA,https://zoofilia.us,99.15,105827,15,23,16,63,3529
Nordamerika,USA,https://arabsex.us,102.46,119007,26,26,29,27,1838
Nordamerika,USA,https://stockinvest.us,6.84,7000,5,1,0,0,16
Nordamerika,USA,https://videyfb.us,0.16,163,2,0,0,0,0
Nordamerika,USA,https://www.desiserials.us,33.32,34214,19,24,13,3,1985
Nordamerika,USA,https://www.clay.k12.in.us,150.94,163335,4,89,22,18,6752
Nordamerika,USA,https://www.hentaivnx.us,4.96,5490,5,4,1,0,779
Nordamerika,USA,https://naza168.us,21.76,25262,4,9,5,28,286
Nordamerika,USA,https://madely.us,152.64,168920,27,52,37,2,2316
Nordamerika,USA,https://atlas-myrmv.massdot.state.ma.us,8.04,9092,4,14,7,2,232
Nordamerika,USA,https://www.centralislip.k12.ny.us,207.4,216954,9,11,4,44,42453
Nordamerika,USA,https://www.bark.us,198.62,250165,20,50,12,97,16277
Nordamerika,USA,https://www.sos.state.tx.us,24.2,26172,24,6,2,13,3979
Nordamerika,USA,https://www.kenton.kyschools.us,113.81,120404,10,10,5,16,17983
Nordamerika,USA,https://www.workstream.us,290.06,357676,11,33,13,66,6095
Nordamerika,USA,https://zep.us,193.69,207223,25,12,9,22,3151
Nordamerika,USA,https://chicago69.us,83.05,136839,26,26,25,46,2313
Nordamerika,USA,https://our.filmyworlds.us,38.85,40314,24,7,15,0,476
Nordamerika,USA,https://commerce.health.state.ny.us,1.91,1998,1,1,0,0,63
Nordamerika,USA,https://softseven.us,6.82,9042,3,5,4,0,277
Nordamerika,USA,https://sidepot.us,1.93,1929,3,0,3,2,390
Nordamerika,USA,https://www.dnr.state.mn.us,6.85,7005,5,1,0,0,16
Nordamerika,USA,https://vjav.us,91.53,98746,11,26,6,0,3
Nordamerika,USA,https://www.ecasd.us,89.3,95930,11,10,4,18,9357
Nordamerika,USA,https://www.modhub.us,120.96,168216,9,20,5,38,4168
Nordamerika,USA,https://clock.payrollservers.us,2.45,2548,5,4,17,0,36
Nordamerika,USA,https://publicaccess.courts.state.mn.us,197.78,203018,0,2,0,0,0
Nordamerika,Kanada,https://www.amazon.ca,3.96,5068,4,3,1,1,159
Nordamerika,Kanada,https://conduit.psiphon.ca,2.06,2297,16,2,5,0,7
Nordamerika,Kanada,https://www.centris.ca,369.23,430121,15,29,15,27,11329
Nordamerika,Kanada,https://www.sportsnet.ca,236.96,246434,24,29,36,0,396
Nordamerika,Kanada,https://www.lapresse.ca,419.62,644430,136,63,52,118,14092
Nordamerika,Kanada,https://www.ctvnews.ca,602.37,618235,17,26,79,93,11150
Nordamerika,Kanada,https://www.kijiji.ca,190.54,196646,14,19,12,28,2101
Nordamerika,Kanada,https://www.canadiantire.ca,0.29,371,0,0,0,0,211
Nordamerika,Kanada,https://www.costco.ca,2461.61,2525621,4,514,43,43,4180
Nordamerika,Kanada,https://www.cbc.ca,253.37,260771,20,32,45,36,5228
Nordamerika,Kanada,https://www.ebay.ca,669.63,693126,21,27,61,38,5915
Nordamerika,Kanada,https://www.walmart.ca,0.21,215,0,0,0,0,143
Nordamerika,Kanada,https://web.bwanet.ca,8.85,12054,3,4,1,2,90
Nordamerika,Kanada,https://www.ancestry.ca,528.54,542439,7,2,0,1,225
Nordamerika,Kanada,https://ici.radio-canada.ca,979.36,1003621,17,31,71,101,23820
Nordamerika,Kanada,https://www.autotrader.ca,394.06,784874,19,32,48,319,20000
Nordamerika,Kanada,https://www.realtor.ca,0.21,212,1,1,0,0,0
Nordamerika,Kanada,https://www.rds.ca,539.07,554562,16,29,79,88,9458
Nordamerika,Kanada,https://www.wayfair.ca,1008.1,1032711,19,148,51,38,13535
Nordamerika,Kanada,https://www.sportchek.ca,0.28,368,0,0,0,0,208
Nordamerika,Kanada,https://www.homedepot.ca,0.28,368,0,0,0,0,208
Nordamerika,Kanada,https://globalnews.ca,416.73,463941,78,86,43,117,14663
Nordamerika,Kanada,https://www.tsn.ca,576.97,592890,12,26,79,62,10466
Nordamerika,Kanada,https://canvas.ubc.ca,6.18,7479,5,3,8,0,1155
Nordamerika,Kanada,https://oldnavy.gapcanada.ca,838.39,859316,6,60,17,9,2600
Nordamerika,Kanada,https://www.rona.ca,489.15,503598,4,44,28,41,2286
Nordamerika,Kanada,https://q.utoronto.ca,10.22,12881,3,1,1,2,5011
Nordamerika,Kanada,https://www.tvanouvelles.ca,227.1,261814,229,37,47,86,8444
Nordamerika,Kanada,https://www.bestbuy.ca,0.29,377,0,0,0,0,213
Nordamerika,Kanada,https://courselink.uoguelph.ca,16.91,19595,4,22,6,22,794
Nordamerika,Kanada,https://weather.gc.ca,636.42,650267,9,18,35,2,35548
Nordamerika,Kanada,https://www.olg.ca,409.6,469338,34,16,77,20,1423
Nordamerika,Kanada,https://ena01.uqam.ca,29.31,38500,3,14,3,0,1310
Nordamerika,Kanada,https://d2l.bowvalleycollege.ca,3.87,4513,2,3,2,3,1015
Nordamerika,Kanada,https://et.interac.ca,11.12,13850,13,8,2,6,359
Nordamerika,Kanada,https://canvas.sfu.ca,13.03,16543,5,13,7,1,1577
Nordamerika,Kanada,https://flyers.smartcanucks.ca,289.77,514266,2,25,5,609,18313
Nordamerika,Kanada,https://mybell.bell.ca,50.81,60763,6,12,10,1,339
Nordamerika,Kanada,https://cheknews.ca,454.36,484362,25,74,49,52,13671
Nordamerika,Kanada,https://www.bell.ca,196.89,268322,17,24,7,23,9920
Nordamerika,Kanada,https://www.gunpost.ca,6.84,7000,5,1,0,0,16
Nordamerika,Kanada,https://www.on.bet365.ca,4.04,4515,5,3,1,0,755
Nordamerika,Kanada,https://www.metro.ca,18.07,19369,4,1,0,2,716
Nordamerika,Kanada,https://www.eventbrite.ca,158.81,162800,31,16,56,16,3182
Nordamerika,Kanada,https://www.sunwing.ca,1922.23,1969178,29,77,14,128,17091
Nordamerika,Kanada,https://www.uline.ca,54.27,70458,10,26,12,18,2097
Nordamerika,Kanada,https://www.ecampuslife.ca,6.19,8146,3,8,13,5,699
Nordamerika,Kanada,https://www.torontopubliclibrary.ca,387.92,439060,18,43,25,21,6501
Nordamerika,Kanada,https://app.realmmlp.ca,95.49,97924,7,6,7,0,5
Nordamerika,Kanada,https://identification.bell.ca,196.89,268322,17,24,7,23,9920
Nordamerika,Kanada,https://learn.uwaterloo.ca,1.44,1726,1,1,1,0,82
Nordamerika,Kanada,https://eclass.yorku.ca,0.0,0,0,0,0,0,0
Nordamerika,Kanada,https://scholar.google.ca,127.38,130570,7,1,2,1,1129
Nordamerika,Kanada,https://www.crocs.ca,6.82,6977,5,1,0,0,16
Nordamerika,Kanada,https://www.canadianappliance.ca,6.79,6946,5,1,0,0,16
Nordamerika,Kanada,https://www.alc.ca,2.34,2535,4,0,2,1,553
Nordamerika,Kanada,https://www.homehardware.ca,6.87,7026,5,1,0,0,16
Nordamerika,Kanada,https://www.ebgames.ca,6.84,7000,5,1,0,0,16
Nordamerika,Kanada,https://www.ontario.ca,68.33,71416,16,34,15,3,895
Nordamerika,Kanada,https://www.sqdc.ca,0.87,849,4,0,0,0,83
Nordamerika,Kanada,https://www.tanguay.ca,0.11,118,0,0,0,0,27
Nordamerika,Kanada,https://www.sksinteriors.ca,25.67,28603,17,7,3,11,10870
Nordamerika,Kanada,https://www.tsc.ca,228.43,304037,4,13,11,81,7825
Nordamerika,Kanada,https://www.tangerine.ca,218.09,263894,22,27,13,40,8509
Nordamerika,Kanada,https://saaq.gouv.qc.ca,47.91,78311,20,22,13,4,5099
Nordamerika,Kanada,https://service.canada.ca,6.29,6441,11,11,11,0,73
Nordamerika,Kanada,https://evidencenetwork.ca,176.57,181375,19,22,18,24,2831
Nordamerika,Kanada,https://laura.ca,527.79,620922,14,102,17,8,1528
Nordamerika,Kanada,https://moodle.usherbrooke.ca,0.0,0,0,0,0,0,0
Nordamerika,Kanada,https://mybenefits.mcss.gov.on.ca,74.16,76367,15,8,41,3,178
Nordamerika,Kanada,https://clients.powerpay.ca,24.14,29502,13,15,6,1,249
Nordamerika,Kanada,https://mynew.aolcc.ca,22.99,24704,7,10,11,1,361
Nordamerika,Kanada,https://osap.gov.on.ca,0.11,107,1,0,0,0,0
Nordamerika,Kanada,https://lms.nait.ca,219.48,253490,0,4,1,0,289
Nordamerika,Kanada,https://services.signin.interac-id.ca,2.56,3272,2,0,4,4,364
Nordamerika,Kanada,https://webwork.elearning.ubc.ca,6.09,6427,2,7,5,3,1619
Nordamerika,Kanada,https://www.canac.ca,1.23,1518,2,0,0,1,164
Nordamerika,Kanada,https://sellercentral.amazon.ca,133.78,137886,15,35,5,4,271
Nordamerika,Kanada,https://www.costcobusinesscentre.ca,1388.32,1425344,4,354,34,35,2982
Nordamerika,Kanada,https://www.mcgill.ca,4.71,6560,3,1,1,2,1107
Nordamerika,Kanada,https://well.ca,182.35,213704,11,38,12,134,12033
Nordamerika,Kanada,https://www.indigo.ca,512.11,791982,6,30,23,186,14844
Nordamerika,Kanada,https://www.partycity.ca,0.28,370,0,0,0,0,210
Nordamerika,Kanada,https://www.expedia.ca,448.8,461603,6,17,6,1,117
Nordamerika,Kanada,https://www.yelp.ca,280.55,289003,3,95,10,0,0
Nordamerika,Kanada,https://www.fanatics.ca,0.49,599,0,1,0,0,136
Nordamerika,Kanada,https://canvas.usask.ca,2.46,3021,3,2,1,1,149
Nordamerika,Kanada,https://hdsb.elearningontario.ca,1235.04,1266278,5,6,1,1,391
Nordamerika,Kanada,https://brightspace.carleton.ca,26.49,34191,7,6,1,1,385
Nordamerika,Kanada,https://account.alberta.ca,2.12,2233,4,10,2,0,18
Nordamerika,Kanada,https://online.mun.ca,4.72,5365,3,4,3,1,1425
Nordamerika,Kanada,https://poshmark.ca,532.46,546473,20,28,41,17,1655
Nordamerika,Kanada,https://core.myblueprint.ca,2.12,2143,12,9,8,0,11
Nordamerika,Kanada,https://www.7jours.ca,176.15,206170,16,38,8,47,4628
Nordamerika,Kanada,https://learn.ontariotechu.ca,25.69,32597,7,6,1,1,740
Nordamerika,Kanada,https://learn.rrc.ca,28.96,31540,2,13,13,0,52
Nordamerika,Kanada,https://www.airbnb.ca,683.15,699948,39,53,147,1,451
Nordamerika,Kanada,https://www.cargurus.ca,0.0,0,0,0,0,0,0
Nordamerika,Kanada,https://www.cartersoshkosh.ca,747.94,903625,36,57,41,26,20105
Nordamerika,Kanada,https://www.circulaire-en-ligne.ca,6.75,6905,5,1,0,0,16
Nordamerika,Mexiko,https://www.gob.mx,1.84,1869,2,3,1,0,20
Nordamerika,Mexiko,https://www.mercadolibre.com.mx,530.49,552868,11,11,51,72,5755
Nordamerika,Mexiko,https://bet.caliente.mx,6.85,7006,5,1,0,0,16
Nordamerika,Mexiko,https://www.amazon.com.mx,0.0,0,0,0,0,0,0
Nordamerika,Mexiko,https://betmexico.mx,4.63,4717,32,3,13,0,58
Nordamerika,Mexiko,https://www.homedepot.com.mx,0.29,378,0,0,0,0,214
Nordamerika,Mexiko,https://www.walmart.com.mx,1495.07,1533558,16,75,54,132,24101
Nordamerika,Mexiko,https://www.meteored.mx,95.54,98109,28,19,42,42,2133
Nordamerika,Mexiko,https://www.llave.gob.mx,76.96,80940,18,42,14,19,2974
Nordamerika,Mexiko,https://jovenesconstruyendoelfuturo.stps.gob.mx,59.24,95089,2,19,20,64,12267
Nordamerika,Mexiko,https://articulo.mercadolibre.com.mx,531.05,553448,11,11,51,72,5803
Nordamerika,Mexiko,https://www.liverpool.com.mx,790.77,810542,19,100,18,86,7514
Nordamerika,Mexiko,https://www.nmas.com.mx,1697.57,1779341,27,103,63,152,15332
Nordamerika,Mexiko,https://futbollibre.mx,7.91,9191,17,5,15,8,1023
Nordamerika,Mexiko,https://www.bbva.mx,322.09,404865,36,26,254,54,14894
Nordamerika,Mexiko,https://www.elfinanciero.com.mx,642.72,661822,16,21,7,53,6058
Nordamerika,Mexiko,https://experiencia21.tec.mx,0.46,581,1,2,0,0,0
Nordamerika,Mexiko,https://www.espn.com.mx,243.25,249979,25,28,46,79,9095
Nordamerika,Mexiko,https://www.jornada.com.mx,79.2,99580,9,41,5,20,2365
Nordamerika,Mexiko,https://www.locanto.com.mx,12.69,14097,3,2,0,0,206
Nordamerika,Mexiko,https://www.chedraui.com.mx,4289.1,4398735,18,63,100,113,2663
Nordamerika,Mexiko,https://www.ticketmaster.com.mx,475.36,488950,16,43,3,11,2173
Nordamerika,Mexiko,https://www.doctoralia.com.mx,163.94,201654,12,17,27,28,10032
Nordamerika,Mexiko,https://www.occ.com.mx,6.81,6965,5,1,0,0,16
Nordamerika,Mexiko,https://apuestas.codere.mx,1072.78,1107113,4,20,28,9,41109
Nordamerika,Mexiko,https://www.att.com.mx,37.37,38855,4,23,15,2,956
Nordamerika,Mexiko,https://www.caliente.mx,164.04,188189,12,6,4,6,5692
Nordamerika,Mexiko,https://www.tiempo.com.mx,189.76,254251,10,9,3,65,25572
Nordamerika,Mexiko,https://www.becabenitojuarez.gob.mx,34.29,37475,19,24,16,4,3334
Nordamerika,Mexiko,https://www.elektra.mx,2606.87,2824771,19,53,52,12,213
Nordamerika,Mexiko,https://emisoras.com.mx,50.17,52888,13,12,110,76,1993
Nordamerika,Mexiko,https://oem.com.mx,514.0,529472,21,24,145,130,23856
Nordamerika,Mexiko,https://serviciosdigitales.imss.gob.mx,0.16,1711,0,1,0,0,0
Nordamerika,Mexiko,https://myaccount.mercadolibre.com.mx,0.59,555,0,0,0,0,555
Nordamerika,Mexiko,https://www.eluniversal.com.mx,2142.1,2224082,30,82,11,183,18883
Nordamerika,Mexiko,https://www.sears.com.mx,11.91,12219,7,1,6,1,290
Nordamerika,Mexiko,https://www.sams.com.mx,1111.13,1140467,15,65,22,51,1903
Nordamerika,Mexiko,https://www.record.com.mx,232.24,238698,34,59,38,126,13793
Nordamerika,Mexiko,https://places.mercadolibre.com.mx,0.64,623,0,0,0,0,623
Nordamerika,Mexiko,https://m.shein.com.mx,844.53,871905,12,33,83,30,581
Nordamerika,Mexiko,https://sm3ha.mx,183.68,190444,16,4,2,2,953
Nordamerika,Mexiko,https://www.imss.gob.mx,0.86,864,1,1,0,0,116
Nordamerika,Mexiko,https://app.cfe.mx,0.87,859,4,1,0,0,81
Nordamerika,Mexiko,https://eventossistema.com.mx,1.39,1689,0,0,1,3,49
Nordamerika,Mexiko,https://www.autozone.com.mx,641.38,661934,12,37,43,82,2096
Nordamerika,Mexiko,https://automarket.bbva.mx,72.29,74118,7,9,4,1,0
Nordamerika,Mexiko,https://agendador-shp.jalisco.gob.mx,0.39,431,2,1,2,0,9
Nordamerika,Mexiko,https://diario.mx,142.9,175062,35,23,15,54,12490
Nordamerika,Mexiko,https://app.facturama.mx,36.53,67468,5,6,7,31,7650
Nordamerika,Mexiko,https://music.amazon.com.mx,7.65,10887,4,5,15,1,9
Nordamerika,Mexiko,https://alumno.conalep.edu.mx,0.04,39,0,0,0,0,39
Nordamerika,Mexiko,https://modeloparaganar.com.mx,6.44,6670,2,5,16,0,12
Nordamerika,Mexiko,https://vender.amazon.com.mx,273.16,283174,19,40,4,28,9561
Nordamerika,Mexiko,https://sellercentral.amazon.com.mx,150.88,155649,15,35,5,4,1722
Nordamerika,Mexiko,https://waldos.com.mx,452.81,513831,22,95,34,86,8691
Nordamerika,Mexiko,https://tuaulavirtual.educatic.unam.mx,44.51,57132,4,20,5,8,1491
Nordamerika,Mexiko,https://www.airbnb.mx,669.59,686719,39,53,147,1,491
Nordamerika,Mexiko,https://www.chopo.com.mx,0.88,862,4,1,0,0,82
Nordamerika,Mexiko,https://www.burodecredito.com.mx,38.75,46707,19,5,9,18,7842
Nordamerika,Mexiko,https://www.dominos.com.mx,34.02,36334,10,16,23,0,21
Nordamerika,Mexiko,https://www.despegar.com.mx,0.76,777,0,2,0,0,59
Nordamerika,Mexiko,https://www.bodas.com.mx,0.28,374,0,0,0,0,210
Nordamerika,Mexiko,https://semestrebase.sems.udg.mx,46.68,66508,16,67,89,20,3450
Nordamerika,Mexiko,https://www.hyundai.com.mx,171.47,268715,16,28,7,45,13846
Nordamerika,Mexiko,https://www.google.com.mx,49.45,50369,2,11,0,1,296
Nordamerika,Mexiko,https://www.gandhi.com.mx,4137.2,4250629,16,85,41,59,4259
Nordamerika,Mexiko,https://www.winner.mx,71.69,73560,6,7,4,9,8616
Nordamerika,Mexiko,https://www.toyota.mx,0.9,919,1,0,0,0,553
Nordamerika,Mexiko,https://www.suburbia.com.mx,1755.93,1844289,9,42,41,0,65
Nordamerika,Mexiko,https://www.uaeh.edu.mx,19.93,25719,28,15,2,3,1515
Nordamerika,Mexiko,https://www.creditea.mx,304.05,311876,24,10,13,9,7666
Nordamerika,Mexiko,https://libros.conaliteg.gob.mx,30.77,32372,20,7,12,55,2120
Nordamerika,Mexiko,https://portalcitas.fonacot.gob.mx,0.24,334,0,0,0,0,108
Nordamerika,Mexiko,https://movistar.com.mx,283.04,289569,34,32,14,85,7020
Nordamerika,Mexiko,https://pro.homedepot.com.mx,0.29,376,0,0,0,0,212
Nordamerika,Mexiko,https://jetoursoueast.mx,6.82,6981,5,1,0,0,16
Nordamerika,Mexiko,https://sports.caliente.mx,6.81,6970,5,1,0,0,16
Nordamerika,Mexiko,https://www.autocosmos.com.mx,85.7,113103,18,8,4,75,6292
Nordamerika,Mexiko,https://www.costco.com.mx,2798.63,2887705,16,9,17,156,19027
Nordamerika,Mexiko,https://www.ford.mx,0.28,363,0,0,0,0,203
Nordamerika,Mexiko,https://academica.mx,84.89,107679,7,36,4,15,2577
Nordamerika,Mexiko,https://www.elsiglodetorreon.com.mx,117.48,136507,26,19,23,100,10401
Nordamerika,Mexiko,https://www.jovenesconstruyendoelfuturo.stps.gob.mx,59.24,95089,2,19,20,64,12267
Nordamerika,Mexiko,https://portal.bbva.mx,0.04,47,0,0,0,0,39
Nordamerika,Mexiko,https://www.insurgentesuin.mx,197.81,220285,3,14,5,171,17997
Nordamerika,Mexiko,https://www.sensacine.com.mx,379.2,424701,29,14,10,97,8002
Nordamerika,Mexiko,https://www54.sat.gob.mx,1.16,1233,1,0,0,0,181
Nordamerika,Mexiko,https://auto.mercadolibre.com.mx,1426.8,1466284,16,10,14,60,7715
Nordamerika,Guatemala,https://paquetes1.miclaro.com.gt,2.13,2504,5,7,2,1,62
Nordamerika,Guatemala,https://www.max.com.gt,192.96,198206,10,30,17,110,2180
Nordamerika,Guatemala,https://aulavirtualfahusac.usac.edu.gt,60.8,87086,3,13,3,1,3099
Nordamerika,Guatemala,https://id.tigo.com.gt,0.03,37,0,0,0,0,34
Nordamerika,Guatemala,https://www.url.edu.gt,0.83,863,11,0,0,0,26
Nordamerika,Guatemala,https://lahora.gt,647.41,722010,13,70,20,12,11143
Nordamerika,Guatemala,https://www.tecoloco.com.gt,68.54,83940,9,36,13,42,16312
Nordamerika,Guatemala,https://eps.ingenieria.usac.edu.gt,31.73,34063,9,12,6,4,5227
Nordamerika,Guatemala,https://alumnos.intecap.edu.gt,0.24,334,0,0,0,0,108
Nordamerika,Guatemala,https://mi.tigo.com.gt,0.03,29,0,0,0,0,26
Nordamerika,Guatemala,https://cursos.udv.edu.gt,44.05,49629,5,24,5,9,952
Nordamerika,Guatemala,https://portal.sat.gob.gt,6.74,6896,5,1,0,0,16
Nordamerika,Guatemala,https://emisoras.com.gt,50.23,52970,14,14,110,76,1928
Nordamerika,Guatemala,https://micuenta.tigo.com.gt,72.05,99460,14,17,8,36,1821
Nordamerika,Guatemala,https://www.walmart.com.gt,1319.45,1352177,17,52,43,36,616
Nordamerika,Guatemala,https://www.tigo.com.gt,4.04,4518,5,3,1,0,758
Nordamerika,Guatemala,https://www.guatecompras.gt,6.83,6987,5,1,0,0,16
Nordamerika,Guatemala,https://www.bibanking.bi.com.gt,30.34,42230,6,30,29,5,1222
Nordamerika,Guatemala,https://paquetes2.miclaro.com.gt,0.9,919,1,0,0,0,553
Nordamerika,Guatemala,https://www.bienlinea.bi.com.gt,0.21,212,1,1,0,0,0
Nordamerika,Guatemala,https://www.claro.com.gt,690.86,717590,13,63,42,44,3924
Nordamerika,Guatemala,https://mi.urural.edu.gt,10.99,12472,9,21,8,1,280
Nordamerika,Guatemala,https://farm3.sat.gob.gt,6.76,6917,5,1,0,0,16
Nordamerika,Guatemala,https://bvnegocios.banrural.com.gt,12.89,15763,3,31,7,2,324
Nordamerika,Guatemala,https://radd4.virtual.usac.edu.gt,120.86,126280,6,20,26,11,752
Nordamerika,Guatemala,https://www.bancopromerica.com.gt,53.32,102707,19,20,5,50,3419
Nordamerika,Guatemala,https://cinepolis.com.gt,54.19,58786,15,37,21,13,644
Nordamerika,Guatemala,https://portal.oj.gob.gt,0.24,334,0,0,0,0,108
Nordamerika,Guatemala,https://ssb8.upana.edu.gt,0.66,682,0,0,0,0,234
Nordamerika,Guatemala,https://www.kemik.gt,265.28,272283,24,38,14,64,3693
Nordamerika,Guatemala,https://bancavirtual.banrural.com.gt,235.55,241696,2,2,0,1,143
Nordamerika,Guatemala,https://sire.mineduc.gob.gt,0.88,863,4,1,0,0,82
Nordamerika,Guatemala,https://umg.edu.gt,1335.76,1562043,2,12,13,55,7163
Nordamerika,Guatemala,https://www.dominos.com.gt,82.6,86420,2,5,31,1,516
Nordamerika,Guatemala,https://www.bam.com.gt,64.03,66659,19,18,14,45,4777
Nordamerika,Guatemala,https://edusa.educativo.gt,4.1,6016,2,3,3,2,195
Nordamerika,Guatemala,https://eportal.renap.gob.gt,4.67,5448,8,8,3,1,430
Nordamerika,Guatemala,https://agentesbiafiliados.bi.com.gt,21.33,40497,2,14,19,8,301
Nordamerika,Guatemala,https://instructores.intecap.edu.gt,0.24,334,0,0,0,0,108
Nordamerika,Guatemala,https://www.gtc.com.gt,740.83,899096,13,14,8,44,13103
Nordamerika,Guatemala,https://www.banrural.com.gt,7.92,8726,11,14,14,0,15
Nordamerika,Guatemala,https://www.steren.com.gt,6.85,7011,5,1,0,0,16
Nordamerika,Guatemala,https://www.novex.com.gt,294.46,337425,19,39,24,71,24762
Nordamerika,Guatemala,https://www.farmaciasgaleno.com.gt,25.3,35300,4,27,9,12,814
Nordamerika,Guatemala,https://compras.tigo.com.gt,0.03,29,0,0,0,0,26
Nordamerika,Guatemala,https://uedi.ingenieria.usac.edu.gt,0.09,100,1,0,0,0,0
Nordamerika,Guatemala,https://ishop.gt,193.04,233348,21,71,60,25,2957
Nordamerika,Guatemala,https://declaraguate.sat.gob.gt,6.79,6945,5,1,0,0,16
Nordamerika,Guatemala,https://policiales.pnc.gob.gt,6.85,7007,5,1,0,0,16
Nordamerika,Guatemala,https://www.interbanking.com.gt,1.3,1366,1,1,0,0,181
Nordamerika,Guatemala,https://eportal.registromercantil.gob.gt,4.68,8215,5,3,1,5,241
Nordamerika,Guatemala,https://domicilio.mcdonalds.com.gt,1.96,2001,4,9,9,0,0
Nordamerika,Guatemala,https://gnc.com.gt,612.08,655577,19,93,38,56,5268
Nordamerika,Guatemala,https://felgtaws.digifact.com.gt,18.28,25198,6,6,9,1,166
Nordamerika,Guatemala,https://mcdonalds.com.gt,56.73,60187,2,9,7,0,10
Nordamerika,Guatemala,https://oxdea.gt,340.45,352658,24,98,160,45,12921
Nordamerika,Guatemala,https://siti.usac.edu.gt,7.52,9365,1,6,6,2,572
Nordamerika,Guatemala,https://efajacaltenango.edu.gt,26.73,33639,3,14,6,5,430
Nordamerika,Guatemala,https://radd1.virtual.usac.edu.gt,120.86,126280,6,20,26,11,752
Nordamerika,Guatemala,https://radd5.virtual.usac.edu.gt,120.86,126280,6,20,26,11,752
Nordamerika,Guatemala,https://siif.usac.edu.gt,8.2,8878,2,5,6,10,668
Nordamerika,Guatemala,https://transmisiones.guatemala2025.gt,46.5,47724,26,42,9,0,192
Nordamerika,Guatemala,https://vocacional.usac.edu.gt,3.7,3660,23,1,10,0,26
Nordamerika,Guatemala,https://casamedica.com.gt,405.1,538045,23,68,29,123,17311
Nordamerika,Guatemala,https://www.paginasamarillas.com.gt,50.25,51868,5,26,14,17,1132
Nordamerika,Guatemala,https://www.rgp.org.gt,3.0,3103,3,3,4,0,25
Nordamerika,Guatemala,https://www.locanto.com.gt,12.67,14075,3,2,0,0,206
Nordamerika,Guatemala,https://www.upana.edu.gt,1063.16,1117573,8,54,66,118,8323
Nordamerika,Guatemala,https://primeringreso.ingenieria.usac.edu.gt,3.02,3515,2,2,5,3,251
Nordamerika,Guatemala,https://www.villanueva.gob.gt,229.38,249481,24,63,55,65,4696
Nordamerika,Guatemala,https://controlacad.usac.edu.gt,3.34,4038,1,0,0,1,131
Nordamerika,Guatemala,https://www.pierrecardin.com.gt,113.78,158325,28,17,9,61,2696
Nordamerika,Guatemala,https://agn.gt,274.52,293026,31,44,20,48,6676
Nordamerika,Guatemala,https://farmaciasavefenix.gt,211.8,227891,19,38,19,27,2099
Nordamerika,Guatemala,https://books.google.com.gt,389.77,398817,2,5,1,0,272
Nordamerika,Guatemala,https://mooc.ceat.url.edu.gt,0.11,118,0,0,0,0,27
Nordamerika,Guatemala,https://siges.minfin.gob.gt,6.61,6758,5,1,0,0,16
Nordamerika,Guatemala,https://formacion.contraloria.gob.gt,4.98,5483,5,4,1,0,785
Nordamerika,Guatemala,https://www.almacenestropigas.com.gt,534.08,559968,15,124,14,245,15572
Nordamerika,Guatemala,https://aulavirtualeep.ingenieria.usac.edu.gt,27.51,33124,4,12,3,2,1193
Nordamerika,Guatemala,https://web.hpc.com.gt,9.74,12423,4,20,7,7,60
Nordamerika,Guatemala,https://www.cyberdays.gt,235.9,245375,30,10,9,130,13485
Nordamerika,Guatemala,https://www.amway.com.gt,0.76,774,0,2,0,0,56
Nordamerika,Guatemala,https://registro.usac.edu.gt,7.77,9212,3,8,4,12,267
Nordamerika,Guatemala,https://marcas.cinepolis.com.gt,0.11,118,0,0,0,0,27
Nordamerika,Guatemala,https://www.guatemala2025.gt,6.99,7145,4,5,8,0,41
Nordamerika,Guatemala,https://suzuki.com.gt,342.0,361985,18,79,46,30,4921
Nordamerika,Guatemala,https://portal.muniantigua.gob.gt,2.64,2712,4,7,5,0,55
Nordamerika,Guatemala,https://www.eticket.gt,36.52,64656,12,20,13,27,1405
Nordamerika,Guatemala,https://www.nissan.com.gt,1028.55,1112406,20,16,26,18,5024
Nordamerika,Guatemala,https://www.roblex.robles.edu.gt,0.55,568,2,0,0,0,22
Nordamerika,Guatemala,https://www.pizzapizza.com.gt,32.49,35019,21,12,20,22,909
Nordamerika,Guatemala,https://www.umg.edu.gt,1335.76,1562043,2,12,13,55,7163
Nordamerika,Costa Rica,https://kemono.cr,2.5,2522,9,8,2,0,6
Nordamerika,Costa Rica,https://simpcity.cr,120.33,140588,15,13,12,46,7236
Nordamerika,Costa Rica,https://bunkr.cr,7.99,8552,8,1,2,4,344
Nordamerika,Costa Rica,https://www.jps.go.cr,6.8,6956,5,1,0,0,16
Nordamerika,Costa Rica,https://mv.mediacionvirtual.ucr.ac.cr,0.11,118,0,0,0,0,27
Nordamerika,Costa Rica,https://dgec.mep.go.cr,4.06,4536,5,3,1,0,776
Nordamerika,Costa Rica,https://www.walmart.co.cr,1303.8,1336450,17,56,50,35,627
Nordamerika,Costa Rica,https://ovitribucr.hacienda.go.cr,3.68,3766,12,7,7,0,31
Nordamerika,Costa Rica,https://ticaconsultas.hacienda.go.cr,34.81,54139,5,17,3,5,429
Nordamerika,Costa Rica,https://servicioselectorales.tse.go.cr,2.21,2410,1,2,0,0,181
Nordamerika,Costa Rica,https://radios.co.cr,47.97,50676,14,12,110,76,1669
Nordamerika,Costa Rica,https://tecdigital.tec.ac.cr,4381.61,4570531,9,20,11,6,2582
Nordamerika,Costa Rica,https://correo.ucr.ac.cr,6.83,7267,4,14,8,1,281
Nordamerika,Costa Rica,https://www.intelec.co.cr,1109.68,1145531,22,147,97,272,37441
Nordamerika,Costa Rica,https://www.lateja.cr,383.98,396152,21,19,15,60,7949
Nordamerika,Costa Rica,https://aprende.uned.ac.cr,31.41,38499,4,15,4,8,663
Nordamerika,Costa Rica,https://educa.uned.ac.cr,34.49,41714,4,16,4,8,675
Nordamerika,Costa Rica,https://web.imas.go.cr,0.24,334,0,0,0,0,108
Nordamerika,Costa Rica,https://correos.go.cr,120.72,126366,20,44,50,24,2217
Nordamerika,Costa Rica,http://www.registronacional.go.cr,32.03,39543,6,33,9,23,1610
Nordamerika,Costa Rica,https://pjenlinea.poder-judicial.go.cr,0.82,843,0,0,0,0,148
Nordamerika,Costa Rica,https://ecc.ac.cr,6.77,6931,5,1,0,0,16
Nordamerika,Costa Rica,https://kickasstorrent.cr,6.81,6968,5,1,0,0,16
Nordamerika,Costa Rica,https://www.maxipali.co.cr,2430.11,2494084,17,53,55,61,3113
Nordamerika,Costa Rica,https://kickasstorrents.cr,69.97,106906,7,8,3,1,10414
Nordamerika,Costa Rica,https://www.tse.go.cr,26.04,31187,7,13,8,25,1068
Nordamerika,Costa Rica,https://aulavirtual.coned.ac.cr,32.56,39687,3,19,4,7,522
Nordamerika,Costa Rica,https://www.claro.cr,768.39,1096049,12,80,42,56,6032
Nordamerika,Costa Rica,https://www.jpsenlinea.go.cr,119.86,123417,3,1,0,1,643
Nordamerika,Costa Rica,https://www.mep.go.cr,4.06,4536,5,3,1,0,776
Nordamerika,Costa Rica,https://www.pacifiko.cr,0.97,986,1,0,0,0,620
Nordamerika,Costa Rica,https://www.kolbi.cr,147.29,201586,17,47,11,87,5898
Nordamerika,Costa Rica,https://www.tiendamia.cr,179.11,183571,2,0,0,2,92
Nordamerika,Costa Rica,https://www.hacienda.go.cr,1.1,1132,2,1,2,1,355
Nordamerika,Costa Rica,https://elmundo.cr,364.72,405010,24,55,43,55,9083
Nordamerika,Costa Rica,https://observador.cr,140.31,193352,23,21,18,120,17157
Nordamerika,Costa Rica,https://www.facturaelectronica.cr,31.3,52327,7,25,17,31,3305
Nordamerika,Costa Rica,https://enlinea.davivienda.cr,1.05,1037,4,2,0,0,82
Nordamerika,Costa Rica,https://aliss.cr,734.72,972012,16,249,22,178,26379
Nordamerika,Costa Rica,https://pjenlineacr.poder-judicial.go.cr,0.75,770,0,0,0,0,69
Nordamerika,Costa Rica,https://www.fill.cr,23.13,27013,7,13,7,6,912
Nordamerika,Costa Rica,https://www.bancopopular.fi.cr,245.17,268457,20,42,25,41,6445
Nordamerika,Costa Rica,https://www.csv.go.cr,0.24,334,0,0,0,0,108
Nordamerika,Costa Rica,https://www.sicop.go.cr,11.0,11313,3,5,14,0,4
Nordamerika,Costa Rica,https://carbonestore.cr,503.93,541981,19,80,22,115,7519
Nordamerika,Costa Rica,https://autoformacion.mep.go.cr,4.06,4536,5,3,1,0,776
Nordamerika,Costa Rica,https://archivo.revistas.ucr.ac.cr,184.6,208955,4,7,4,124,79185
Nordamerika,Costa Rica,https://moodle.uh.ac.cr,25.38,32132,4,12,6,7,423
Nordamerika,Costa Rica,https://paquetes.miclaro.cr,2.12,2492,5,7,2,1,61
Nordamerika,Costa Rica,https://uabierta.uned.ac.cr,15.06,24948,6,14,7,11,1685
Nordamerika,Costa Rica,https://virtual.cunlimon.ac.cr,56.94,73381,4,18,5,51,1105
Nordamerika,Costa Rica,https://www.bebemundo.co.cr,157.46,338864,20,15,17,59,9430
Nordamerika,Costa Rica,https://www.amway.co.cr,0.75,773,0,2,0,0,55
Nordamerika,Costa Rica,https://servicios.migracion.go.cr,4.98,5480,5,4,1,0,782
Nordamerika,Costa Rica,https://vianney.cr,726.29,873306,22,90,32,175,19058
Nordamerika,Costa Rica,https://www.changan.cr,37.77,61971,14,19,10,56,1526
Nordamerika,Costa Rica,https://www.masxmenos.cr,986.76,1011066,17,49,40,17,402
Nordamerika,Costa Rica,https://www.imprentanacional.go.cr,6.44,7228,5,1,1,0,1000
Nordamerika,Costa Rica,https://www.suzuki.cr,174.59,259432,16,27,18,95,15884
Nordamerika,Costa Rica,https://gee.bccr.fi.cr,1.6,1685,1,1,0,0,181
Nordamerika,Costa Rica,https://www.payless.cr,282.85,415222,34,34,6,102,7969
Nordamerika,Costa Rica,https://tuedicto.cr,0.76,796,1,0,0,0,85
Nordamerika,Costa Rica,https://epson.co.cr,194.68,249503,10,148,11,81,6585
Nordamerika,Costa Rica,https://www.officedepot.co.cr,419.67,587164,11,223,86,128,8584
Nordamerika,Costa Rica,https://www.oficinavirtual.opcccss.fi.cr,13.38,20114,2,20,5,2,409
Nordamerika,Costa Rica,https://bnshop.bncr.fi.cr,118.78,145552,15,28,15,2,90
Nordamerika,Costa Rica,https://amp.telediario.cr,123.18,146629,24,13,20,0,3692
Nordamerika,Costa Rica,https://ori.ucr.ac.cr,92.33,104664,14,45,61,7,3098
Nordamerika,Costa Rica,https://global.ucr.ac.cr,32.26,36200,3,12,8,6,808
Nordamerika,Costa Rica,https://dgthenlinea.mep.go.cr,4.06,4536,5,3,1,0,776
Nordamerika,Costa Rica,https://siri.rnp.go.cr,16.77,17488,1,0,0,1,328
Nordamerika,Costa Rica,https://hac.cr,33.96,55294,19,18,13,23,6432
Nordamerika,Costa Rica,https://www.airbnb.co.cr,558.03,572145,39,52,147,1,470
Nordamerika,Costa Rica,https://www.cucvirtual.ac.cr,37.82,40955,4,14,9,9,1170
Nordamerika,Costa Rica,https://www.ina.ac.cr,88.71,108866,18,72,18,11,3794
Nordamerika,Costa Rica,https://www.usanmarcos.ac.cr,1088.02,1116589,16,7,4,98,19905
Nordamerika,Costa Rica,https://www.ubuy.cr,681.22,876855,33,51,373,172,21170
Nordamerika,Costa Rica,https://www.manual.cr,355.25,355620,4,6,75,130,6169
Nordamerika,Costa Rica,https://canalvirtual.bancopopular.fi.cr,778.98,799668,4,11,7,0,16
Nordamerika,Costa Rica,https://dianeandgeordi.cr,1006.95,1075103,15,79,32,29,8185
Nordamerika,Costa Rica,https://atv.hacienda.go.cr,1.1,1132,2,1,2,1,355
Nordamerika,Costa Rica,https://mundohonda.cr,0.21,226,0,0,0,0,164
Nordamerika,Costa Rica,https://saint2.cr,25.9,33857,3,18,5,0,1263
Nordamerika,Costa Rica,https://rsn.ucr.ac.cr,80.56,84728,20,20,16,12,3496
Nordamerika,Costa Rica,https://entornovirtual.ucatolica.ac.cr,27.43,35604,4,12,6,8,477
Nordamerika,Panama,https://bet.betcha.pa,882.26,911311,4,15,23,6,34570
Nordamerika,Panama,https://www.betus.com.pa,6.76,6917,5,1,0,0,16
Nordamerika,Panama,https://etax2.mef.gob.pa,0.09,92,1,0,0,0,0
Nordamerika,Panama,https://micajadigital.css.gob.pa,4.98,5475,5,4,1,0,777
Nordamerika,Panama,https://www.betcha.pa,533.2,556376,7,10,15,15,3211
Nordamerika,Panama,https://empleospanama.gob.pa,145.57,169037,22,67,60,26,4589
Nordamerika,Panama,https://www.css.gob.pa,6.84,7000,5,1,0,0,16
Nordamerika,Panama,https://www.espn.com.pa,200.32,207351,25,28,46,48,4720
Nordamerika,Panama,https://w3.css.gob.pa,22.94,25378,9,9,22,3,378
Nordamerika,Panama,https://www.novey.com.pa,0.38,430,0,0,0,0,138
Nordamerika,Panama,https://www.doitcenter.com.pa,498.76,558356,36,24,31,29,11355
Nordamerika,Panama,https://www.skokka.com.pa,6.74,6897,5,1,0,0,16
Nordamerika,Panama,https://www.laestrella.com.pa,95.68,99626,34,42,10,41,4046
Nordamerika,Panama,https://elsiglo.com.pa,80.88,83611,20,39,7,9,2144
Nordamerika,Panama,https://stevens.com.pa,335.91,358136,8,84,24,72,9775
Nordamerika,Panama,https://cinepolis.com.pa,0.11,118,0,0,0,0,27
Nordamerika,Panama,https://globalonline.globalbank.com.pa,0.24,250,1,1,0,0,0
Nordamerika,Panama,https://www.jamar.com.pa,358.91,437347,17,91,42,146,7825
Nordamerika,Panama,https://cibersity.umecit.edu.pa,7.66,10781,3,10,2,1,667
Nordamerika,Panama,https://www.ifarhu.gob.pa,36.62,42048,14,19,10,25,2908
Nordamerika,Panama,https://ena.com.pa,429.19,463728,16,92,21,116,6995
Nordamerika,Panama,https://latinbet.pa,5.3,7215,5,4,1,0,671
Nordamerika,Panama,https://lumicentro.com.pa,1203.7,1577412,24,198,14,262,45194
Nordamerika,Panama,https://ecampus.utp.ac.pa,0.1,107,1,0,0,0,0
Nordamerika,Panama,https://sisged.inadeh.edu.pa,2.96,3995,2,1,2,1,113
Nordamerika,Panama,https://raisa.minsa.gob.pa,9.73,12755,9,22,15,13,362
Nordamerika,Panama,https://www.airbnb.com.pa,666.02,682867,39,53,147,1,480
Nordamerika,Panama,https://www.landrover.pa,303.33,313456,19,15,171,4,2596
Nordamerika,Panama,https://www.unachi.ac.pa,27.33,39760,2,3,3,37,4738
Nordamerika,Panama,https://campusvirtual.utp.ac.pa,0.11,118,1,0,0,0,0
Nordamerika,Panama,https://gac.com.pa,45.43,66807,9,12,11,6,1323
Nordamerika,Panama,https://radios.com.pa,47.01,49658,14,9,110,76,1458
Nordamerika,Panama,https://sipe.css.gob.pa,6.84,7001,5,1,0,0,16
Nordamerika,Panama,https://portal.uip.edu.pa,13.49,16727,21,16,13,4,145
Nordamerika,Panama,https://www.econoprecios.com.pa,67.17,83411,15,8,8,76,1756
Nordamerika,Panama,https://www.yappy.com.pa,1271.74,1307935,33,96,54,69,7430
Nordamerika,Panama,https://newbalance.com.pa,444.9,593362,18,54,82,51,5719
Nordamerika,Panama,https://lp.betcris.pa,12.79,18647,6,5,8,39,1338
Nordamerika,Panama,https://www.critica.com.pa,221.22,268147,7,34,22,109,6630
Nordamerika,Panama,https://titan.com.pa,841.6,1278915,18,66,226,145,22662
Nordamerika,Panama,https://www.opcionempleo.com.pa,6.05,6540,2,2,0,0,206
Nordamerika,Panama,https://www.banconal.com.pa,6.9,7055,5,1,0,0,16
Nordamerika,Panama,https://www.ubuy.com.pa,677.28,862664,33,51,373,162,21778
Nordamerika,Panama,https://dgi.mef.gob.pa,42.64,56093,5,18,24,39,2693
Nordamerika,Panama,https://sigerh.organojudicial.gob.pa,9.98,14076,11,11,7,1,1844
Nordamerika,Panama,https://siu.up.ac.pa,2.18,2495,1,4,4,1,70
Nordamerika,Panama,https://sport507.com.pa,9.46,9722,8,7,3,0,0
Nordamerika,Panama,https://starplay.pa,4.59,5361,14,9,3,0,50
Nordamerika,Panama,https://www.mitradel.gob.pa,0.88,864,4,1,0,0,83
Nordamerika,Panama,https://www.panamaamerica.com.pa,156.61,186123,28,28,23,50,6289
Nordamerika,Panama,https://www.organojudicial.gob.pa,119.95,163250,12,62,37,70,4548
Nordamerika,Panama,https://www.sertracen.com.pa,145.41,158510,24,63,63,31,2426
Nordamerika,Panama,https://www.sportline.com.pa,0.88,862,4,1,0,0,82
Nordamerika,Panama,https://registro.tigo.com.pa,0.87,861,4,1,0,0,82
Nordamerika,Panama,https://e-judicial.organojudicial.gob.pa,9.65,13292,2,6,2,11,54
Nordamerika,Panama,https://go.medcom.com.pa,82.92,89313,22,13,6,7,409
Nordamerika,Panama,https://campussalud.cetes.edu.pa,14.77,20487,4,27,22,2,441
Nordamerika,Panama,https://ecaja.cajadeahorros.com.pa,0.29,384,0,0,0,0,220
Nordamerika,Panama,https://be.betcris.pa,58.71,60298,3,7,15,0,8
Nordamerika,Panama,https://virtual.usma.ac.pa,30.79,40653,5,13,7,7,514
Nordamerika,Panama,https://www.ensa.com.pa,89.86,100403,10,47,41,18,5278
Nordamerika,Panama,https://aliss.com.pa,708.79,936082,16,199,22,183,25260
Nordamerika,Panama,https://www.kia.com.pa,6.8,6957,5,1,0,0,16
Nordamerika,Panama,https://ayuda.tigo.com.pa,75.0,89330,10,19,5,2,1906
Nordamerika,Panama,https://m.codere.pa,1.86,2230,7,8,3,0,39
Nordamerika,Panama,https://campus.unaes.edu.pa,15.13,20582,4,27,22,2,452
Nordamerika,Panama,https://segurossura.com.pa,527.73,547112,31,77,79,34,17748
Nordamerika,Panama,https://www.minsa.gob.pa,77.96,84752,6,38,4,48,5483
Nordamerika,Panama,https://www.panamadigital.gob.pa,0.25,245,0,0,0,0,141
Nordamerika,Panama,https://www.pedidosya.com.pa,5.14,5972,3,2,1,0,35
Nordamerika,Panama,https://xiaomistore.com.pa,531.43,553275,21,105,35,22,1785
Nordamerika,Panama,https://factura.thefactoryhka.com.pa,2403.42,2466000,3,19,13,7,190
Nordamerika,Panama,https://matricula.up.ac.pa,1.12,1170,3,5,3,0,50
Nordamerika,Panama,https://felix.com.pa,905.47,1004542,26,99,31,288,8608
Nordamerika,Panama,https://ministeriopublico.gob.pa,228.03,239080,17,37,18,39,8916
Nordamerika,Panama,https://prensa.css.gob.pa,120.51,132500,5,17,15,37,11669
Nordamerika,Panama,https://aplic.udelas.ac.pa,1.14,1208,1,0,0,0,156
Nordamerika,Panama,https://www.banesco.com.pa,1075.66,1176982,17,129,31,121,84872
Nordamerika,Panama,https://www.krediya.com.pa,146.81,185157,17,46,30,23,1761
Nordamerika,Panama,https://www.steren.com.pa,6.83,6986,5,1,0,0,16
Nordamerika,Panama,https://digital.inadeh.edu.pa,0.15,162,0,0,0,0,49
Nordamerika,Panama,https://mercantilbanco.com.pa,4.07,4548,5,3,1,0,788
Nordamerika,Panama,https://mupa.gob.pa,141.32,158867,8,62,46,11,3660
Nordamerika,Panama,https://umecit.edu.pa,354.42,405617,24,106,83,50,11894
Nordamerika,Dominikanische Republik,https://www.conectate.com.do,68.75,76955,23,42,28,5,2990
Nordamerika,Dominikanische Republik,https://kisskh.do,20.51,21558,12,10,8,1,87
Nordamerika,Dominikanische Republik,https://hianime.do,75.33,85514,16,10,11,8,6626
Nordamerika,Dominikanische Republik,https://www.espn.com.do,189.7,196681,25,28,46,45,4994
Nordamerika,Dominikanische Republik,https://aulavirtual.uasd.edu.do,4.93,5465,5,4,1,0,754
Nordamerika,Dominikanische Republik,https://app.uasd.edu.do,4.93,5465,5,4,1,0,754
Nordamerika,Dominikanische Republik,http://www.arssenasa3.gob.do,2.6,3333,1,5,4,2,199
Nordamerika,Dominikanische Republik,https://app-v2.fu.do,0.62,625,7,1,1,0,0
Nordamerika,Dominikanische Republik,https://www.altice.com.do,75.21,78678,24,5,2,31,2591
Nordamerika,Dominikanische Republik,https://www.claro.com.do,640.48,667119,10,60,42,73,219
Nordamerika,Dominikanische Republik,https://ib.bpd.com.do,0.97,961,4,2,0,0,82
Nordamerika,Dominikanische Republik,https://personal.migracion.gob.do,6.79,6947,5,1,0,0,16
Nordamerika,Dominikanische Republik,https://uasd.edu.do,4.93,5465,5,4,1,0,754
Nordamerika,Dominikanische Republik,https://app.sli.do,71.78,73871,16,10,6,0,49
Nordamerika,Dominikanische Republik,https://eticket.migracion.gob.do,6.89,7053,5,1,0,0,16
Nordamerika,Dominikanische Republik,https://loteka.com.do,100.07,119642,16,21,24,33,5269
Nordamerika,Dominikanische Republik,https://song.do,122.21,162075,15,9,3,21,6371
Nordamerika,Dominikanische Republik,https://www.corotos.com.do,349.69,477833,14,16,15,68,4906
Nordamerika,Dominikanische Republik,https://lms2.oymas.edu.do,6.84,7003,5,1,0,0,16
Nordamerika,Dominikanische Republik,https://dgii.gov.do,4.94,6153,2,1,2,0,192
Nordamerika,Dominikanische Republik,https://www.policianacional.gob.do,257.66,271245,15,46,27,71,6536
Nordamerika,Dominikanische Republik,https://presidencia.gob.do,82.04,96082,30,18,73,38,4700
Nordamerika,Dominikanische Republik,https://bhd.com.do,7.77,8357,8,3,11,0,8
Nordamerika,Dominikanische Republik,https://salud.uasd.edu.do,4.93,5465,5,4,1,0,754
Nordamerika,Dominikanische Republik,https://oficina.cepm.com.do,8.09,12711,4,9,6,5,400
Nordamerika,Dominikanische Republik,https://www.ikea.com.do,557.16,584709,5,139,80,129,27478
Nordamerika,Dominikanische Republik,https://www.uapa.edu.do,111.47,130873,25,31,21,42,7119
Nordamerika,Dominikanische Republik,https://canvas.unapec.edu.do,8.57,9321,9,7,6,1,197
Nordamerika,Dominikanische Republik,https://campusvirtual.pucmm.edu.do,0.11,119,1,0,0,0,0
Nordamerika,Dominikanische Republik,https://hoy.com.do,197.62,283108,48,36,13,78,9269
Nordamerika,Dominikanische Republik,https://portal.servicios.pgr.gob.do,36.79,55093,5,34,13,22,979
Nordamerika,Dominikanische Republik,https://jumbo.com.do,4.06,4571,5,3,1,0,779
Nordamerika,Dominikanische Republik,https://suir.gob.do,34.33,42142,4,26,15,7,1001
Nordamerika,Dominikanische Republik,https://eldia.com.do,258.49,305695,48,23,42,94,8909
Nordamerika,Dominikanische Republik,https://yosper.do,4.06,4539,5,3,1,0,779
Nordamerika,Dominikanische Republik,https://www.transunion.com.do,4.04,4520,5,3,1,0,760
Nordamerika,Dominikanische Republik,https://elnuevodiario.com.do,190.31,207165,11,59,27,106,8298
Nordamerika,Dominikanische Republik,https://premios.do,133.03,168748,17,7,15,162,3966
Nordamerika,Dominikanische Republik,https://radios.com.do,47.8,50411,14,12,110,76,1607
Nordamerika,Dominikanische Republik,https://ssb.uasd.edu.do,4.93,5465,5,4,1,0,754
Nordamerika,Dominikanische Republik,https://menu.fu.do,2.25,2297,2,4,15,0,11
Nordamerika,Dominikanische Republik,https://www.coe.gob.do,4.06,4537,5,3,1,0,777
Nordamerika,Dominikanische Republik,https://elnacional.com.do,194.94,236067,32,56,31,80,16044
Nordamerika,Dominikanische Republik,https://www.juancitosport.com.do,1126.62,1162593,16,100,105,38,1475
Nordamerika,Dominikanische Republik,https://ib.bhd.com.do,0.17,160,1,0,0,0,0
Nordamerika,Dominikanische Republik,https://www.loteriadominicana.com.do,48.39,50240,32,29,18,42,2954
Nordamerika,Dominikanische Republik,https://linux.do,7.83,8889,3,1,1,1,16
Nordamerika,Dominikanische Republik,https://movies.do,13.16,16344,19,21,10,3,222
Nordamerika,Dominikanische Republik,https://ciencias.uasd.edu.do,4.93,5465,5,4,1,0,754
Nordamerika,Dominikanische Republik,https://certificado.ministeriodeeducacion.gob.do,15.96,23553,3,12,5,0,933
Nordamerika,Dominikanische Republik,https://bonoamil.gob.do,6.89,9550,2,13,8,1,130
Nordamerika,Dominikanische Republik,https://dle.mescyt.gob.do,0.8,815,4,1,5,0,26
Nordamerika,Dominikanische Republik,https://consultas.contraloria.gob.do,0.76,848,1,1,0,0,33
Nordamerika,Dominikanische Republik,https://m.n.com.do,249.1,264736,16,45,33,23,6882
Nordamerika,Dominikanische Republik,https://procesos.intec.edu.do,0.34,328,2,0,0,0,7
Nordamerika,Dominikanische Republik,https://micampus.pucmm.edu.do,6.58,8641,5,4,1,2,454
Nordamerika,Dominikanische Republik,https://ferremix.com.do,770.48,936793,14,53,68,99,15688
Nordamerika,Dominikanische Republik,https://telemicro.com.do,175.23,188719,14,53,49,36,1166
Nordamerika,Dominikanische Republik,https://ore.do,1.92,2092,4,5,2,1,152
Nordamerika,Dominikanische Republik,https://www.dgjp.gob.do,4.06,4570,5,3,1,0,778
Nordamerika,Dominikanische Republik,https://www.amway.com.do,0.76,774,0,2,0,0,56
Nordamerika,Dominikanische Republik,https://www.banreservas.com.do,158.74,504417,19,24,22,22,19418
Nordamerika,Dominikanische Republik,https://ri.gob.do,273.98,287556,18,44,52,34,4809
Nordamerika,Dominikanische Republik,https://www.loteriasdominicanas.com.do,45.03,60414,5,14,8,21,6015
Nordamerika,Dominikanische Republik,https://www.pequenin.com.do,516.26,529625,18,32,18,94,1146
Nordamerika,Dominikanische Republik,https://jce.gob.do,24.97,25160,0,0,0,0,18660
Nordamerika,Dominikanische Republik,https://www.superate.gob.do,224.72,255717,20,75,52,72,10716
Nordamerika,Dominikanische Republik,https://xvideos.do,68.53,70744,17,13,14,60,6834
Nordamerika,Dominikanische Republik,https://www.sipen.gob.do,56.98,79698,7,15,8,11,7942
Nordamerika,Dominikanische Republik,https://www.tiendascorripio.com.do,348.79,471770,8,92,7,105,9874
Nordamerika,Dominikanische Republik,https://books.google.com.do,389.77,398815,2,5,1,0,272
Nordamerika,Dominikanische Republik,https://ehr.koneksi.com.do,0.11,118,0,0,0,0,27
Nordamerika,Dominikanische Republik,https://app.iplus.com.do,1.16,1233,1,0,0,0,181
Nordamerika,Dominikanische Republik,https://economia.uasd.edu.do,4.93,5465,5,4,1,0,754
Nordamerika,Dominikanische Republik,https://selfcare.altice.com.do,5.86,5999,2,3,3,0,15
Nordamerika,Dominikanische Republik,https://www.gob.do,177.53,182161,14,26,13,34,2296
Nordamerika,Dominikanische Republik,https://aliss.do,594.57,768166,16,159,22,150,23302
Nordamerika,Dominikanische Republik,https://tuempleord.do,149.45,180558,27,24,24,75,25434
Nordamerika,Dominikanische Republik,https://agents.credigo.do,3.12,3636,11,6,5,1,207
Nordamerika,Dominikanische Republik,https://app.vucerd.gob.do,130.97,136542,2,14,6,0,5
Nordamerika,Dominikanische Republik,https://hvc.com.do,128.92,134834,12,39,38,42,3242
Nordamerika,Dominikanische Republik,https://edeeste.com.do,118.31,135705,26,57,61,36,2643
Nordamerika,Dominikanische Republik,https://blackboard.unicaribe.edu.do,69.81,73522,2,2,2,5,408
Nordamerika,Dominikanische Republik,https://sayi.do,1767.91,1833098,19,20,22,206,266913
Nordamerika,Dominikanische Republik,https://paginasamarillas.com.do,69.7,71510,18,11,59,6,757
Nordamerika,Dominikanische Republik,https://unicaribe.edu.do,613.28,652156,7,43,48,47,10238
Nordamerika,Dominikanische Republik,https://virtual.itsc.edu.do,4.06,4538,5,3,1,0,778
Nordamerika,Dominikanische Republik,https://www.apap.com.do,191.9,255308,18,39,32,78,10384
Nordamerika,Dominikanische Republik,https://ucnevirtual.ucne.edu.do,155.47,166648,4,12,137,4,18368
Nordamerika,Dominikanische Republik,https://portal.mapfresaludars.com.do,4.07,4580,5,3,1,0,788
Nordamerika,Dominikanische Republik,https://www.intec.edu.do,137.09,168521,19,30,18,37,6110
Nordamerika,Dominikanische Republik,https://www.nestlefamilynes.do,196.87,243949,17,10,10,80,7264
Nordamerika,Dominikanische Republik,https://reclamaciones.humano.com.do,0.88,863,4,1,0,0,83
Nordamerika,Honduras,https://campusvirtual.unah.edu.hn,1.01,1154,4,4,4,0,59
Nordamerika,Honduras,https://www.elheraldo.hn,452.93,481898,22,120,25,95,18170
Nordamerika,Honduras,https://www.laprensa.hn,484.79,516321,74,110,25,112,17487
Nordamerika,Honduras,https://virtual.umh.edu.hn,24.82,31457,4,11,6,6,567
Nordamerika,Honduras,https://www.diez.hn,285.39,308537,56,58,11,80,9410
Nordamerika,Honduras,https://juega.loto.hn,95.37,116242,12,37,11,14,1951
Nordamerika,Honduras,https://campus.ujcv.edu.hn,16.07,21637,4,28,22,2,790
Nordamerika,Honduras,https://www.tigo.com.hn,4.04,4518,5,3,1,0,758
Nordamerika,Honduras,https://radios.hn,47.87,50516,14,12,110,76,1560
Nordamerika,Honduras,https://claroventas.com.hn,1.58,1605,5,3,5,0,15
Nordamerika,Honduras,https://paquetes.miclaro.com.hn,2.11,2488,5,7,2,1,50
Nordamerika,Honduras,https://www.bancodeoccidente.hn,0.98,962,4,2,0,0,82
Nordamerika,Honduras,https://mi.tigo.com.hn,4.04,4517,5,3,1,0,757
Nordamerika,Honduras,https://www.fmovies.hn,149.56,175257,14,20,11,3,8705
Nordamerika,Honduras,https://www.diunsa.hn,141.16,144888,15,15,29,36,1144
Nordamerika,Honduras,https://www.latribuna.hn,1172.06,1402956,25,90,27,8,18263
Nordamerika,Honduras,https://ibertel.se.gob.hn,0.11,110,1,0,0,0,0
Nordamerika,Honduras,https://www.tecoloco.com.hn,65.41,80260,9,36,13,42,13961
Nordamerika,Honduras,https://surei.sinap.hn,4.06,4567,5,3,1,0,775
Nordamerika,Honduras,https://sistemas.aduanas.gob.hn,37.63,39284,1,0,0,0,190
Nordamerika,Honduras,https://bpenlinea.banpais.hn,0.28,289,1,1,0,0,0
Nordamerika,Honduras,https://ayuda.tigo.com.hn,91.8,108225,10,19,5,2,2921
Nordamerika,Honduras,https://proceso.hn,635.05,652032,15,68,17,44,11179
Nordamerika,Honduras,https://maxidespensa.com.hn,66.47,85421,18,19,15,32,2434
Nordamerika,Honduras,https://portalunico.iaip.gob.hn,187.25,427502,10,18,26,11,43587
Nordamerika,Honduras,https://www.elgallomasgallo.com.hn,299.39,346405,14,68,12,43,6737
Nordamerika,Honduras,https://enlinea.davivienda.com.hn,1.05,1032,4,2,0,0,82
Nordamerika,Honduras,https://www.metrocinemas.hn,0.57,675,2,1,0,0,80
Nordamerika,Honduras,https://uth.hn,103.28,111554,18,59,38,31,2069
Nordamerika,Honduras,https://mitienda.tigo.com.hn,0.03,29,0,0,0,0,26
Nordamerika,Honduras,https://loto.hn,320.81,337407,25,89,24,39,2996
Nordamerika,Honduras,https://sisglobal.aduanas.gob.hn,1.87,2153,2,1,2,1,299
Nordamerika,Honduras,https://www.amway.com.hn,0.76,774,0,2,0,0,56
Nordamerika,Honduras,https://empleoconecta.hn,232.38,277900,25,49,37,21,6393
Nordamerika,Honduras,https://plataformavirtual.infop.hn,305.68,361314,5,19,8,25,17749
Nordamerika,Honduras,https://xiaomistore.com.hn,5.25,5782,5,5,1,0,785
Nordamerika,Honduras,https://www.sportline.com.hn,0.87,859,4,1,0,0,81
Nordamerika,Honduras,https://kaus.upnfm.edu.hn,0.0,0,0,0,0,0,0
Nordamerika,Honduras,https://moodle.unag.edu.hn,29.03,35422,4,14,7,6,373
Nordamerika,Honduras,https://www.farmaciasdelahorro.hn,657.83,675299,13,6,14,32,1150
Nordamerika,Honduras,https://www.eticket.hn,58.99,116752,12,20,13,53,1812
Nordamerika,Honduras,https://www.ip.gob.hn,6.82,6978,5,1,0,0,16
Nordamerika,Honduras,https://www.vana.hn,63.2,64915,12,15,5,98,5725
Nordamerika,Honduras,https://www.sepol.hn,43.44,77601,4,25,15,44,4592
Nordamerika,Honduras,https://www.unah.edu.hn,79.68,117656,8,19,13,43,3895
Nordamerika,Honduras,https://acosa.com.hn,0.0,0,0,0,0,0,0
Nordamerika,Honduras,https://placas.ip.gob.hn,0.41,423,0,0,0,0,342
Nordamerika,Honduras,https://conex.rnp.hn,3.56,4807,4,6,2,1,133
Nordamerika,Honduras,https://www.bancatlan.hn,1280.21,1338163,7,9,2,31,5716
Nordamerika,Honduras,https://www.uth.hn,103.28,111554,18,59,38,31,2069
Nordamerika,Honduras,https://www.officedepot.com.hn,431.93,602774,11,227,86,129,9112
Nordamerika,Honduras,https://cablecolor.hn,3.33,3577,18,2,3,0,49
Nordamerika,Honduras,https://aolcorporativo.bancatlan.hn,1.89,1978,1,1,0,0,181
Nordamerika,Honduras,https://evirtual-sl.upnfm.edu.hn,25.25,34805,3,13,7,2,1269
Nordamerika,Honduras,https://id.tigo.com.hn,0.03,37,0,0,0,0,34
Nordamerika,Honduras,https://sistemas.proasol.gob.hn,0.21,226,0,0,0,0,164
Nordamerika,Honduras,https://oficinavirtual.sar.gob.hn,0.02,24,0,0,0,0,18
Nordamerika,Honduras,https://www.elpais.hn,575.75,741891,17,55,29,4,11663
Nordamerika,Honduras,https://gamestation.hn,55.29,57061,5,30,17,15,2013
Nordamerika,Honduras,https://www.unimetro.edu.hn,527.24,541834,23,60,15,14,2405
Nordamerika,Honduras,https://www.radiohrn.hn,203.12,208843,24,17,5,26,4023
Nordamerika,Honduras,http://sicc.honducompras.gob.hn,0.23,234,0,0,0,0,128
Nordamerika,Honduras,https://noticias247.hn,145.85,200393,20,28,17,55,5129
Nordamerika,Honduras,https://tnh.gob.hn,0.21,226,0,0,0,0,164
Nordamerika,Honduras,https://entregadni.rnp.hn,0.14,146,0,0,0,0,33
Nordamerika,Honduras,https://app.ip.gob.hn,1.1,1156,4,5,2,0,6
Nordamerika,Honduras,https://ecampus.ucrish.edu.hn,4.34,4858,5,4,1,0,780
Nordamerika,Honduras,https://activate.tigo.com.hn,7.95,8191,7,3,3,0,15
Nordamerika,Honduras,https://tiempo.hn,750.62,917424,21,54,17,5,10795
Nordamerika,Honduras,https://www.airbnb.com.hn,665.99,682920,39,53,147,1,480
Nordamerika,Honduras,https://www.mp.hn,110.69,117098,5,25,29,15,2587
Nordamerika,Honduras,https://www.steren.com.hn,210.0,234008,20,90,15,49,14229
Nordamerika,Honduras,https://digital.ficohsa.hn,0.03,34,0,0,0,0,32
Nordamerika,Honduras,https://timeout.hn,356.14,479906,33,56,64,112,10192
Nordamerika,Honduras,https://www.bipbip.hn,23.52,24091,2,10,5,45,1338
Nordamerika,Honduras,https://www.claro.com.hn,698.86,725109,13,62,42,60,5406
Nordamerika,Honduras,https://www.ubuy.hn,673.18,856911,33,49,373,161,21808
Nordamerika,Honduras,https://evirtual.fundaupn.edu.hn,39.74,50352,4,12,4,7,2172
Nordamerika,Honduras,https://cevirtual.se.gob.hn,0.11,112,1,0,0,0,0
Nordamerika,Honduras,https://censo.cne.hn,4.97,5471,5,4,1,0,773
Nordamerika,Honduras,https://admisiones.unah.edu.hn,83.74,139373,8,19,13,48,2351
Nordamerika,Honduras,https://pdihonduras.gob.hn,3.49,3864,2,15,18,0,171
Nordamerika,Honduras,https://serviciosestudiantiles.unah.edu.hn,10.4,14471,8,13,10,2,893
Nordamerika,Honduras,https://mail.unah.edu.hn,5.88,8408,4,5,2,4,973
Nordamerika,Honduras,https://www.walmart.com.hn,1124.43,1152463,17,49,42,36,611
Nordamerika,Honduras,https://aolpyme.bancatlan.hn,1.16,1233,1,0,0,0,181
Nordamerika,Honduras,https://cinepolis.com.hn,53.5,56547,15,37,21,13,470
Nordamerika,El Salvador,https://evaluaciones.mined.gob.sv,7.34,10786,3,12,5,1,330
Nordamerika,El Salvador,https://moviclub.movistar.com.sv,100.82,110235,24,17,22,13,12307
Nordamerika,El Salvador,https://www.mined.gob.sv,95.31,108842,18,32,28,28,2447
Nordamerika,El Salvador,https://ganaplay.sv,5.63,7516,5,5,1,0,671
Nordamerika,El Salvador,https://www.tecoloco.com.sv,76.17,92846,9,36,13,42,22267
Nordamerika,El Salvador,https://eel.ues.edu.sv,9.21,9452,2,6,11,0,3
Nordamerika,El Salvador,https://www.udbvirtual.edu.sv,71.58,108079,3,40,14,29,5969
Nordamerika,El Salvador,https://www.vidri.com.sv,4.06,4539,5,3,1,0,779
Nordamerika,El Salvador,https://paquetes1.miclaro.com.sv,2.1,2472,5,7,2,1,64
Nordamerika,El Salvador,https://portaldgii.mh.gob.sv,0.06,62,0,0,0,0,28
Nordamerika,El Salvador,https://aprendes.edu.gob.sv,211.03,222178,4,56,13,0,4
Nordamerika,El Salvador,https://diario.elmundo.sv,49.83,63290,31,15,6,17,2425
Nordamerika,El Salvador,https://movistar.com.sv,134.69,151535,24,25,31,29,3847
Nordamerika,El Salvador,https://aulavirtual.ansp.edu.sv,31.42,42445,3,12,6,6,1043
Nordamerika,El Salvador,https://www.tigo.com.sv,383.45,388907,20,26,27,170,5970
Nordamerika,El Salvador,https://www.sportline.com.sv,0.88,863,4,1,0,0,82
Nordamerika,El Salvador,https://uv.utecvirtual.edu.sv,7.59,10671,1,0,0,1,3428
Nordamerika,El Salvador,https://juega.loto.sv,90.58,111651,12,36,11,14,1869
Nordamerika,El Salvador,https://www.cvirtualuees.edu.sv,27.42,30795,7,22,6,3,257
Nordamerika,El Salvador,https://formaciondocente.edu.sv,25.78,30589,3,6,4,13,882
Nordamerika,El Salvador,https://enlinea.davivienda.com.sv,1.05,1032,4,2,0,0,82
Nordamerika,El Salvador,https://www.walmart.com.sv,1193.28,1222937,17,49,43,36,627
Nordamerika,El Salvador,https://go.ak.sv,0.0,0,0,0,0,0,0
Nordamerika,El Salvador,https://sne.csj.gob.sv,4.32,4807,5,3,1,0,777
Nordamerika,El Salvador,https://mi.tigo.com.sv,4.04,4517,5,3,1,0,757
Nordamerika,El Salvador,https://admacad.udb.edu.sv,0.64,703,1,0,0,1,18
Nordamerika,El Salvador,https://desarrollohumano.mined.gob.sv,9.68,13605,4,13,4,1,174
Nordamerika,El Salvador,https://ecampus.uca.edu.sv,48.09,57551,4,11,7,10,2358
Nordamerika,El Salvador,https://simple.sv,109.06,170789,16,32,18,16,7761
Nordamerika,El Salvador,https://login.gob.sv,17.54,27316,2,10,1,4,701
Nordamerika,El Salvador,https://www.sertracen.com.sv,0.29,376,0,0,0,0,212
Nordamerika,El Salvador,https://campus.univo.edu.sv,32.61,42785,4,12,6,10,1183
Nordamerika,El Salvador,https://m.dale.sv,0.14,150,0,0,0,0,37
Nordamerika,El Salvador,https://estudiantes.usam.edu.sv,0.67,679,5,2,3,0,4
Nordamerika,El Salvador,https://marykay.sv,78.14,89573,11,53,48,16,1176
Nordamerika,El Salvador,https://simmow.salud.gob.sv,4.06,4539,5,3,1,0,779
Nordamerika,El Salvador,https://par2.sv,220.71,232223,26,65,23,46,3853
Nordamerika,El Salvador,https://www.cnr.gob.sv,113.58,129249,18,35,23,34,2001
Nordamerika,El Salvador,https://www.betpro.sv,5.91,7061,14,12,5,1,53
Nordamerika,El Salvador,https://www.locanto.com.sv,12.71,14118,3,2,0,0,206
Nordamerika,El Salvador,https://www.usam.edu.sv,34.96,39160,14,7,12,46,3365
Nordamerika,El Salvador,https://www.udb.edu.sv,123.59,222754,8,27,11,106,13624
Nordamerika,El Salvador,https://www.registroacademico.catolica.edu.sv,14.73,22148,2,8,9,6,1623
Nordamerika,El Salvador,https://agenciasway.com.sv,214.29,227455,28,82,34,33,658
Nordamerika,El Salvador,https://app.nequi.com.sv,1.42,1900,3,1,2,0,48
Nordamerika,El Salvador,https://apps.itca.edu.sv,3.68,5664,5,7,4,6,149
Nordamerika,El Salvador,https://apps.csj.gob.sv,4.32,4808,5,3,1,0,777
Nordamerika,El Salvador,https://ayuda.tigo.com.sv,131.14,156147,10,10,5,2,2951
Nordamerika,El Salvador,https://estudiantes.ugb.edu.sv,8.37,10752,5,11,7,1,645
Nordamerika,El Salvador,https://idiomas.catolica.edu.sv,28.32,41589,3,11,6,5,511
Nordamerika,El Salvador,https://soporte-crest.mined.gob.sv,0.12,129,0,1,0,0,0
Nordamerika,El Salvador,https://pagos.wompi.sv,4.58,5505,1,20,14,5,112
Nordamerika,El Salvador,https://sis-hsanrafael.salud.gob.sv,4.06,4539,5,3,1,0,779
Nordamerika,El Salvador,https://www.confia.com.sv,157.97,162017,10,14,8,28,3355
Nordamerika,El Salvador,https://migracionlaboral.mtps.gob.sv,5.33,7627,3,13,6,1,167
Nordamerika,El Salvador,https://www.salud.gob.sv,4.06,4539,5,3,1,0,779
Nordamerika,El Salvador,https://www.unmejorempleo.com.sv,42.07,52089,6,16,4,15,2518
Nordamerika,El Salvador,https://betpro.sv,5.91,7061,14,12,5,1,53
Nordamerika,El Salvador,https://bancaempresaplus.davivienda.com.sv,1.05,1032,4,2,0,0,82
Nordamerika,El Salvador,https://moodle.unasa.edu.sv,31.66,34866,4,11,4,4,1452
Nordamerika,El Salvador,https://educacionambiental.ambiente.gob.sv,4.06,4574,5,3,1,0,782
Nordamerika,El Salvador,https://hushpuppies.sv,277.03,353227,24,83,27,111,4961
Nordamerika,El Salvador,https://simulacro.proteccioncivil.gob.sv,5.07,7150,4,5,6,1,76
Nordamerika,El Salvador,https://wsclass.uees.edu.sv,0.13,146,1,0,0,0,0
Nordamerika,El Salvador,https://sis-hrosales.salud.gob.sv,4.06,4539,5,3,1,0,779
Nordamerika,El Salvador,https://webdesktop.ufg.edu.sv,3.22,3408,3,7,4,0,31
Nordamerika,El Salvador,https://www.fiscalia.gob.sv,38.07,39113,1,0,0,0,249
Nordamerika,El Salvador,https://www.movistar.com.sv,134.69,151535,24,25,31,29,3847
Nordamerika,El Salvador,https://www.davivienda.com.sv,1.05,1030,4,2,0,0,82
Nordamerika,El Salvador,https://www.bancoatlantida.com.sv,87.9,105883,11,35,13,23,6491
Nordamerika,El Salvador,https://www.wendys.com.sv,0.24,245,0,0,0,0,137
Nordamerika,El Salvador,https://www.utec.edu.sv,93.46,127160,5,23,8,123,17609
Nordamerika,El Salvador,https://loto.sv,228.55,238392,19,43,23,10,845
Nordamerika,El Salvador,https://paquetes2.miclaro.com.sv,6.7,9776,4,5,12,0,57
Nordamerika,El Salvador,https://formacion.srs.gob.sv,37.93,46507,4,14,7,14,3581
Nordamerika,El Salvador,https://opinion.salud.gob.sv,4.06,4539,5,3,1,0,779
Nordamerika,El Salvador,https://www.almacenestropigas.com.sv,583.51,611726,12,151,14,299,16575
Nordamerika,El Salvador,https://evutla.edu.sv,31.1,39977,3,13,6,8,1497
Nordamerika,El Salvador,https://www.maxidespensa.com.sv,1072.04,1098652,17,49,37,32,444
Nordamerika,El Salvador,https://www.itca.edu.sv,91.91,96595,15,42,23,10,2369
Nordamerika,El Salvador,https://www.isss.gob.sv,112.21,126088,21,35,28,31,1490
Nordamerika,El Salvador,https://www.claro.com.sv,680.5,709521,13,66,42,53,5485
Nordamerika,El Salvador,https://www.steren.com.sv,186.44,271234,20,79,17,48,12983
Nordamerika,El Salvador,https://www.utecvirtual.edu.sv,13.31,14728,14,7,7,18,1966
Nordamerika,El Salvador,https://sis-hsantaana.salud.gob.sv,4.06,4539,5,3,1,0,779
Nordamerika,El Salvador,https://portal.utec.edu.sv,14.66,18688,0,22,3,3,33
Nordamerika,El Salvador,https://www.airbnb.com.sv,554.28,568275,39,52,147,1,480
Nordamerika,El Salvador,https://www.amway.com.sv,0.76,774,0,2,0,0,56
Nordamerika,Nicaragua,https://uamvirtual.uam.edu.ni,3.94,4273,2,1,3,8,250
Nordamerika,Nicaragua,https://nuevaya.com.ni,491.65,504058,24,41,10,2,6197
Nordamerika,Nicaragua,https://ucnvirtual.edu.ni,10.23,14239,2,1,6,14,4351
Nordamerika,Nicaragua,https://www.tecoloco.com.ni,56.58,70018,9,36,13,42,7261
Nordamerika,Nicaragua,https://loto.com.ni,4.06,4570,5,3,1,0,778
Nordamerika,Nicaragua,https://admision.setec.edu.ni,4.04,4547,5,3,1,0,755
Nordamerika,Nicaragua,https://www.banprogrupopromerica.com.ni,38.05,67274,17,8,7,28,3628
Nordamerika,Nicaragua,https://campus.mined.edu.ni,1.14,1166,0,1,0,0,139
Nordamerika,Nicaragua,https://serviciosenlinea.mined.gob.ni,46.55,48034,1,0,0,1,48
Nordamerika,Nicaragua,https://campus.tecnacional.edu.ni,56.3,63871,5,26,4,25,1782
Nordamerika,Nicaragua,https://www.tigo.com.ni,4.04,4518,5,3,1,0,758
Nordamerika,Nicaragua,https://paquetes.miclaro.com.ni,6.7,9772,4,5,12,0,55
Nordamerika,Nicaragua,https://micuenta.tigo.com.ni,4.05,4523,5,3,1,0,763
Nordamerika,Nicaragua,http://legislacion.asamblea.gob.ni,1.28,1386,0,1,0,0,86
Nordamerika,Nicaragua,https://secundariaenlinea.mined.edu.ni,1.14,1166,0,1,0,0,139
Nordamerika,Nicaragua,https://www.nicaradios.com.ni,27.59,29817,17,17,12,20,737
Nordamerika,Nicaragua,https://www.unanleon.edu.ni,316.07,329788,31,93,104,42,4205
Nordamerika,Nicaragua,https://campusvirtual.unitec.edu.ni,89.99,127199,3,12,6,15,5733
Nordamerika,Nicaragua,https://climber.uml.edu.ni,91.63,97569,4,1,0,3,935
Nordamerika,Nicaragua,https://maxipali.com.ni,65.1,84568,18,19,15,31,2275
Nordamerika,Nicaragua,https://tecnologia.unanleon.edu.ni,2142.55,2201229,3,11,3,2,19230
Nordamerika,Nicaragua,https://www.ficohsa.ni,0.03,34,0,0,0,0,32
Nordamerika,Nicaragua,https://ucn.edu.ni,228.67,255121,34,36,49,56,5695
Nordamerika,Nicaragua,https://bancadigitalv2.banprogrupopromerica.com.ni,7.21,10335,2,18,4,0,41
Nordamerika,Nicaragua,https://siga.est.ulsa.edu.ni,2.94,4047,2,3,3,1,95
Nordamerika,Nicaragua,https://www.banpro.com.ni,38.05,67274,17,8,7,28,3628
Nordamerika,Nicaragua,https://www.pedidosyani.com.ni,5.15,5980,3,2,1,0,35
Nordamerika,Nicaragua,https://www.uni.edu.ni,12.22,14358,4,40,15,0,40
Nordamerika,Nicaragua,https://avmedic.unanleon.edu.ni,33.23,37622,3,11,3,2,911
Nordamerika,Nicaragua,https://gescolar.est.lasalleleon.edu.ni,2.96,3664,2,8,7,1,122
Nordamerika,Nicaragua,https://www.canal4.com.ni,191.77,205819,47,41,34,48,6409
Nordamerika,Nicaragua,https://juega.loto.com.ni,4.06,4570,5,3,1,0,778
Nordamerika,Nicaragua,https://www.cse.gob.ni,0.25,247,0,0,0,0,139
Nordamerika,Nicaragua,https://siu.uni.edu.ni,0.64,703,1,0,0,1,18
Nordamerika,Nicaragua,https://inscripcioncomponentes.unanleon.edu.ni,4.76,6286,0,8,8,1,185
Nordamerika,Nicaragua,https://www.unan.edu.ni,1035.68,1135360,27,51,178,90,228413
Nordamerika,Nicaragua,https://learningenglish.tecnacional.edu.ni,31.33,38451,4,71,20,18,3343
Nordamerika,Nicaragua,https://kia.com.ni,272.92,298717,25,71,64,47,4529
Nordamerika,Nicaragua,https://elearning.bicu.edu.ni,349.39,376684,3,17,5,220,38896
Nordamerika,Nicaragua,https://www.launion.com.ni,971.16,995093,17,49,40,17,386
Nordamerika,Nicaragua,https://www.canal10.com.ni,255.18,264320,16,31,24,0,18
Nordamerika,Nicaragua,https://tributos.managua.gob.ni,6.77,6924,5,1,0,0,16
Nordamerika,Nicaragua,https://www.tecnacional.edu.ni,37.05,43888,7,13,6,23,5579
Nordamerika,Nicaragua,https://www.sportline.com.ni,0.87,861,4,1,0,0,82
Nordamerika,Nicaragua,https://www.sinsa.com.ni,1406.86,1442046,16,54,41,30,1231
Nordamerika,Nicaragua,https://www.lagaceta.gob.ni,53.7,81590,2,13,8,22,2647
Nordamerika,Nicaragua,https://galeno.minsa.net.ni,9.19,10976,1,18,6,2,185
Nordamerika,Nicaragua,https://campusvirtual.ucc.edu.ni,27.27,32688,5,12,4,6,494
Nordamerika,Nicaragua,https://portalestudiantes.unanleon.edu.ni,33.75,36325,0,2,1,1,1107
Nordamerika,Nicaragua,https://trazabilidad.ipsa.gob.ni,5.58,6994,4,3,4,1,182
Nordamerika,Nicaragua,https://serviciosenlinea.tecnacional.edu.ni,991.04,1027269,3,15,10,15,3171
Nordamerika,Nicaragua,https://www.elgallomasgallo.com.ni,498.83,557249,14,65,12,136,13072
Nordamerika,Nicaragua,https://www.claro.com.ni,756.23,795696,12,65,42,62,6163
Nordamerika,Nicaragua,https://www.gestion.nicaraguacompra.gob.ni,1.72,1781,3,1,0,0,9
Nordamerika,Nicaragua,https://campusvirtual.uraccan.edu.ni,131.86,227447,4,13,5,206,6555
Nordamerika,Nicaragua,https://radios.co.ni,47.47,50115,14,12,110,76,1525
Nordamerika,Nicaragua,https://seguronetnlb.seguroslafise.com.ni,0.64,703,1,0,0,1,18
Nordamerika,Nicaragua,https://cinemas.com.ni,45.32,47279,22,18,35,42,961
Nordamerika,Nicaragua,https://id.tigo.com.ni,0.03,37,0,0,0,0,34
Nordamerika,Nicaragua,https://oferta.setec.edu.ni,4.06,4571,5,3,1,0,779
Nordamerika,Nicaragua,https://www.mined.gob.ni,249.19,303062,21,59,67,43,7433
Nordamerika,Nicaragua,https://www.walmart.com.ni,1148.61,1177246,17,49,42,36,608
Nordamerika,Nicaragua,https://matricula.unanleon.edu.ni,6.59,8393,2,9,9,1,782
Nordamerika,Nicaragua,http://siac.loyola.edu.ni,2.99,3214,3,2,1,1,151
Nordamerika,Nicaragua,https://nicaraguaeduca.mined.gob.ni,4.06,4571,5,3,1,0,779
Nordamerika,Nicaragua,https://hispamer.com.ni,0.75,787,1,0,0,0,76
Nordamerika,Nicaragua,https://uam.edu.ni,456.12,491812,22,61,61,35,13333
Nordamerika,Nicaragua,https://ha.tigo.com.ni,33.8,34703,31,5,43,0,21
Nordamerika,Nicaragua,https://www1.disnorte-dissur.com.ni,5.99,6256,5,9,5,0,32
Nordamerika,Nicaragua,https://books.google.com.ni,389.77,398817,2,5,1,0,272
Nordamerika,Nicaragua,https://domicilio.mcdonalds.com.ni,1.96,2001,4,9,9,0,0
Nordamerika,Nicaragua,https://hushpuppies.ni,276.95,349748,23,75,27,122,3973
Nordamerika,Nicaragua,https://aulavirtual.ucyt.edu.ni,35.54,40137,4,15,4,2,2071
Nordamerika,Nicaragua,https://www.bcn.gob.ni,131.99,145587,15,38,14,70,6531
Nordamerika,Nicaragua,https://www.setec.edu.ni,172.88,182946,16,32,28,18,2363
Nordamerika,Nicaragua,https://catastro.dgi.gob.ni,0.24,246,0,0,0,0,138
Nordamerika,Nicaragua,https://credito2.aglobal.org.ni,15.26,20848,4,24,13,1,905
Nordamerika,Nicaragua,https://consultacf.ineter.gob.ni,13.56,20339,5,4,4,6,2292
Nordamerika,Nicaragua,https://tramites.migob.gob.ni,6.84,6994,5,1,0,0,16
Nordamerika,Nicaragua,https://sistemas.ipsa.gob.ni,0.24,246,0,0,0,0,138
Nordamerika,Nicaragua,https://www.sinriesgos.com.ni,32.44,45488,12,27,13,6,2802
Nordamerika,Nicaragua,https://toyota.com.ni,644.74,698766,26,63,62,429,6670
Nordamerika,Nicaragua,https://par2.ni,313.65,333412,25,74,32,46,4059
Südamerika,Brasilien,https://sso.acesso.gov.br,0.81,892,2,1,5,0,13
Südamerika,Brasilien,https://clickpetroleoegas.com.br,400.54,437826,22,57,17,158,11520
Südamerika,Brasilien,https://superbet.bet.br,1.07,1424,2,0,0,0,488
Südamerika,Brasilien,https://www.mercadolivre.com.br,447.08,466292,11,11,49,66,5649
Südamerika,Brasilien,https://esaj.tjsp.jus.br,5.45,5583,4,13,6,0,23
Südamerika,Brasilien,https://www.uol.com.br,783.37,808311,37,41,24,194,18568
Südamerika,Brasilien,https://www.terra.com.br,200.47,220435,21,39,41,21,3191
Südamerika,Brasilien,https://shopee.com.br,108.4,110974,9,18,22,0,0
Südamerika,Brasilien,https://www.cnnbrasil.com.br,934.59,961512,25,250,9,159,12901
Südamerika,Brasilien,https://www.gov.br,82.89,135903,17,44,20,25,8424
Südamerika,Brasilien,https://www.bet365.bet.br,4.04,4516,5,3,1,0,756
Südamerika,Brasilien,https://betao.bet.br,780.82,800492,3,1,1,2,333
Südamerika,Brasilien,https://www.sportingbet.bet.br,524.67,543978,6,30,32,0,11
Südamerika,Brasilien,https://login.caixa.gov.br,0.07,74,0,0,0,0,21
Südamerika,Brasilien,https://www.betano.bet.br,0.34,359,2,0,0,0,20
Südamerika,Brasilien,https://xvideosporno.blog.br,91.79,97008,13,13,18,79,5707
Südamerika,Brasilien,https://produto.mercadolivre.com.br,447.01,466237,11,11,49,66,5649
Südamerika,Brasilien,https://www.jusbrasil.com.br,21.9,23028,4,2,0,1,229
Südamerika,Brasilien,https://7games.bet.br,794.08,814064,3,1,1,2,353
Südamerika,Brasilien,https://www.amazon.com.br,0.0,0,0,0,0,0,0
Südamerika,Brasilien,https://www.olx.com.br,4.95,5451,5,4,1,0,753
Südamerika,Brasilien,https://www.letras.mus.br,98.59,101086,19,19,43,38,2164
Südamerika,Brasilien,https://betesporte.bet.br,1.9,1734,2,0,1,0,248
Südamerika,Brasilien,https://7k.bet.br,1.82,2430,2,1,0,0,87
Südamerika,Brasilien,https://portal6.com.br,294.16,322217,21,39,35,110,10753
Südamerika,Brasilien,https://www.avaeduc.com.br,0.28,372,0,0,0,0,208
Südamerika,Brasilien,https://www.cifraclub.com.br,337.04,346832,14,89,30,54,3948
Südamerika,Brasilien,https://s.shopee.com.br,1.79,1769,2,3,8,0,27
Südamerika,Brasilien,https://www.zapimoveis.com.br,4.98,5482,5,4,1,0,784
Südamerika,Brasilien,https://utua.com.br,63.8,73753,32,15,31,38,3776
Südamerika,Brasilien,https://betnacional.bet.br,5.27,5758,5,4,1,0,658
Südamerika,Brasilien,https://pje.tjmg.jus.br,0.12,125,1,0,0,0,0
Südamerika,Brasilien,https://solucoes.receita.fazenda.gov.br,0.2,225,2,0,0,0,14
Südamerika,Brasilien,https://places.mercadolivre.com.br,0.64,623,0,0,0,0,626
Südamerika,Brasilien,https://m.magazineluiza.com.br,22.74,24114,2,3,4,2,384
Südamerika,Brasilien,https://r7.bet.br,781.71,801398,3,1,1,2,324
Südamerika,Brasilien,https://www.brazino777.bet.br,227.51,256402,35,32,37,213,9231
Südamerika,Brasilien,https://www.vivareal.com.br,4.96,5456,5,4,1,0,758
Südamerika,Brasilien,https://www.todamateria.com.br,485.83,572355,14,25,37,66,6376
Südamerika,Brasilien,https://www.placardefutebol.com.br,50.74,63098,7,12,8,40,4976
Südamerika,Brasilien,https://www.mercadopago.com.br,1075.57,1106043,14,10,14,15,5809
Südamerika,Brasilien,https://rastreamento.correios.com.br,18.81,23935,4,16,12,17,1006
Südamerika,Brasilien,https://seller.shopee.com.br,10.57,11905,6,15,6,0,0
Südamerika,Brasilien,https://www.diariodolitoral.com.br,71.94,82917,10,33,6,54,4479
Südamerika,Brasilien,https://www.google.com.br,49.43,50342,2,11,0,1,296
Südamerika,Brasilien,https://www.itatiaia.com.br,623.83,833313,24,25,21,185,17771
Südamerika,Brasilien,https://privacy.com.br,22.37,28690,18,34,16,5,699
Südamerika,Brasilien,https://veja.abril.com.br,278.43,345192,32,66,22,139,19583
Südamerika,Brasilien,https://www.webmotors.com.br,4.97,5797,3,1,0,0,35
Südamerika,Brasilien,https://www1.folha.uol.com.br,717.86,822321,31,94,17,105,29346
Südamerika,Brasilien,https://blaze.bet.br,26.39,26996,16,15,20,1,50
Südamerika,Brasilien,https://casino.bet365.bet.br,4.04,4516,5,3,1,0,756
Südamerika,Brasilien,https://cassino.bet.br,1.82,2430,2,1,0,0,87
Südamerika,Brasilien,https://meu.inss.gov.br,2.8,2830,7,10,16,0,7
Südamerika,Brasilien,https://www.ipmetradar.com.br,454.16,423223,7,18,18,88,2977
Südamerika,Brasilien,https://www.espn.com.br,192.6,198488,25,28,46,90,4364
Südamerika,Brasilien,https://ndmais.com.br,261.01,269518,30,54,59,119,13650
Südamerika,Brasilien,https://www.correiobraziliense.com.br,287.0,341223,39,37,58,113,11033
Südamerika,Brasilien,https://www.kabum.com.br,337.65,346389,29,15,18,40,3090
Südamerika,Brasilien,https://www.tudogostoso.com.br,6.81,6965,5,1,0,0,16
Südamerika,Brasilien,https://www8.receita.fazenda.gov.br,25.52,43135,3,8,8,5,1743
Südamerika,Brasilien,https://diariodocomercio.com.br,110.26,133750,18,31,43,49,8298
Südamerika,Brasilien,https://www.boticario.com.br,0.28,374,0,0,0,0,210
Südamerika,Brasilien,https://www.drogariasaopaulo.com.br,1269.97,1331803,20,78,36,198,45779
Südamerika,Brasilien,https://www.flashscore.com.br,126.25,151414,16,63,46,4,5437
Südamerika,Brasilien,https://www.claro.com.br,37.66,38673,1,0,0,0,270
Südamerika,Brasilien,https://www.santander.com.br,114.28,193350,17,38,19,67,3849
Südamerika,Brasilien,https://www.otempo.com.br,690.05,831040,24,81,29,293,15979
Südamerika,Brasilien,https://vivo.com.br,6.46,6605,5,1,0,0,16
Südamerika,Brasilien,https://www.pciconcursos.com.br,168.91,179864,24,26,16,118,40144
Südamerika,Brasilien,https://batepapo.uol.com.br,8.1,8771,12,10,3,0,0
Südamerika,Brasilien,https://eproc1g.tjrs.jus.br,4.04,4546,5,3,1,0,754
Südamerika,Brasilien,https://cursos.alura.com.br,21.17,30146,3,46,88,3,635
Südamerika,Brasilien,https://m.ona.bet.br,1.86,2123,3,1,0,0,80
Südamerika,Brasilien,https://ibpj.sicredi.com.br,0.57,646,0,1,1,0,15
Südamerika,Brasilien,https://erp.tiny.com.br,5.37,5995,6,15,10,0,20
Südamerika,Brasilien,https://pix.bet.br,823.54,834163,1316,10,253,136,14073
Südamerika,Brasilien,https://www.estadao.com.br,1315.61,1357080,24,25,33,63,14698
Südamerika,Brasilien,https://www.casasbahia.com.br,2.77,3167,1,1,0,0,501
Südamerika,Brasilien,https://www.nfse.gov.br,77.68,121733,16,41,21,9,6824
Südamerika,Brasilien,https://www.poder360.com.br,207.47,299555,30,48,47,138,12733
Südamerika,Brasilien,https://m.esportesdasorte.bet.br,2.6,2933,3,1,0,0,228
Südamerika,Brasilien,https://m.vaidebet.bet.br,2.6,2933,3,1,0,0,228
Südamerika,Brasilien,https://www.chavesnamao.com.br,663.84,681965,32,146,19,48,5008
Südamerika,Brasilien,https://www.drogaraia.com.br,0.29,378,0,0,0,0,214
Südamerika,Brasilien,https://nubank.com.br,506.95,521818,27,87,11,4,2354
Südamerika,Brasilien,https://www.enjoei.com.br,145.25,152012,19,22,57,102,3213
Südamerika,Brasilien,https://www.madeiramadeira.com.br,710.96,732031,13,40,16,22,614
Südamerika,Brasilien,https://www.elo7.com.br,356.37,401381,18,11,21,88,21356
Südamerika,Brasilien,https://www.imovelweb.com.br,6.85,7006,5,1,0,0,16
Südamerika,Brasilien,https://www.detran.sp.gov.br,294.79,310102,16,98,17,0,71
Südamerika,Brasilien,https://www.serasa.com.br,0.85,834,4,1,0,0,83
Südamerika,Argentinien,https://www.lanacion.com.ar,866.06,892108,25,42,29,158,19807
Südamerika,Argentinien,https://www.mercadolibre.com.ar,458.68,478528,11,11,49,64,5925
Südamerika,Argentinien,https://www.promiedos.com.ar,52.56,63984,6,16,5,23,1467
Südamerika,Argentinien,https://fe.afip.gob.ar,0.19,199,0,0,0,0,28
Südamerika,Argentinien,https://articulo.mercadolibre.com.ar,473.78,494012,11,11,49,72,6587
Südamerika,Argentinien,https://servicioscorp.anses.gob.ar,0.21,212,1,1,0,0,0
Südamerika,Argentinien,https://www.mercadopago.com.ar,1313.87,1349920,14,9,14,16,5077
Südamerika,Argentinien,https://www.solodeportes.com.ar,458.48,575206,15,18,17,489,13295
Südamerika,Argentinien,https://pba.bplay.bet.ar,4.06,4539,5,3,1,0,779
Südamerika,Argentinien,https://simple.claro.com.ar,4.54,5097,12,9,8,1,164
Südamerika,Argentinien,https://www.anses.gob.ar,0.21,212,1,1,0,0,0
Südamerika,Argentinien,https://tn.com.ar,601.33,621440,28,25,24,98,11923
Südamerika,Argentinien,https://www.betano.bet.ar,1.25,1297,2,1,0,0,20
Südamerika,Argentinien,https://mev.scba.gov.ar,10.85,11947,0,6,1,0,3583
Südamerika,Argentinien,https://www.losandes.com.ar,413.42,458408,32,36,22,142,15039
Südamerika,Argentinien,https://www.pagina12.com.ar,2139.94,2209142,11,11,10,59,4643
Südamerika,Argentinien,https://www.lavoz.com.ar,6.84,7002,5,1,0,0,16
Südamerika,Argentinien,https://www.argentina.gob.ar,25.72,29943,16,34,10,1,1563
Südamerika,Argentinien,https://www.correoargentino.com.ar,87.77,92014,7,20,13,36,2662
Südamerika,Argentinien,https://www.ole.com.ar,1845.28,1902217,21,57,21,264,31672
Südamerika,Argentinien,https://www.bet365.bet.ar,4.04,4516,5,3,1,0,756
Südamerika,Argentinien,https://www.espn.com.ar,225.83,232971,25,28,46,66,7521
Südamerika,Argentinien,https://www.bna.com.ar,0.25,245,0,0,0,0,141
Südamerika,Argentinien,https://www.tujugada.com.ar,4.96,5493,5,4,1,0,782
Südamerika,Argentinien,https://www.jugandoonline.com.ar,60.36,68889,7,25,5,26,2886
Südamerika,Argentinien,https://www.meteored.com.ar,95.13,97618,28,19,42,42,2006
Südamerika,Argentinien,https://www.zonaprop.com.ar,6.83,6984,5,1,0,0,16
Südamerika,Argentinien,https://www.ruta1000.com.ar,1.5,1535,13,0,0,0,144
Südamerika,Argentinien,https://onlinebanking.bancogalicia.com.ar,73.31,87795,7,20,10,1,570
Südamerika,Argentinien,https://myaccount.mercadolibre.com.ar,0.59,555,0,0,0,0,555
Südamerika,Argentinien,https://m.citycenteronline.bet.ar,6.87,7033,5,1,0,0,16
Südamerika,Argentinien,https://pba.sportsbet.bet.ar,3.03,3502,9,1,4,3,166
Südamerika,Argentinien,https://liva.afip.gob.ar,7.06,8725,2,0,1,0,191
Südamerika,Argentinien,https://santafe.bplay.bet.ar,4.06,4539,5,3,1,0,779
Südamerika,Argentinien,https://www.despegar.com.ar,1.67,1715,0,3,0,0,59
Südamerika,Argentinien,https://www.cetrogar.com.ar,1358.25,1676127,15,55,5,367,48474
Südamerika,Argentinien,https://miel.unlam.edu.ar,40.56,56953,11,28,26,7,6120
Südamerika,Argentinien,https://www.adidas.com.ar,2.33,2664,2,0,1,0,1126
Südamerika,Argentinien,https://www.loteriasmundiales.com.ar,49.52,59679,16,27,8,3,4928
Südamerika,Argentinien,https://servicioswww.anses.gob.ar,0.21,212,1,1,0,0,0
Südamerika,Argentinien,https://auth.afip.gob.ar,0.11,116,1,0,0,0,0
Südamerika,Argentinien,https://ingreso.claro.com.ar,2003.3,2059676,19,19,29,26,1919
Südamerika,Argentinien,https://places.mercadolibre.com.ar,0.64,623,0,0,0,0,623
Südamerika,Argentinien,https://casino.bet365.bet.ar,4.04,4516,5,3,1,0,756
Südamerika,Argentinien,https://www.personal.com.ar,308.9,317679,4,41,14,82,7742
Südamerika,Argentinien,https://pba.betsson.bet.ar,2.49,2926,3,3,2,3,232
Südamerika,Argentinien,https://www.bbva.com.ar,249.41,307126,35,29,177,35,10292
Südamerika,Argentinien,https://id.argentina.gob.ar,8.61,10701,13,6,8,3,249
Südamerika,Argentinien,https://dti.mendoza.edu.ar,5.19,5720,4,4,7,1,168
Südamerika,Argentinien,https://curso.seguridadvial.gob.ar,34.79,44201,6,8,9,9,21387
Südamerika,Argentinien,https://www.diariouno.com.ar,259.84,281079,36,23,26,198,12959
Südamerika,Argentinien,https://www.padron.gob.ar,18.58,19000,13,2,4,2,397
Südamerika,Argentinien,https://buenosaires.gob.ar,30.05,31088,2,7,6,0,17
Südamerika,Argentinien,https://www.locanto.com.ar,12.71,14116,3,2,0,0,206
Südamerika,Argentinien,https://www.smn.gob.ar,6.78,6940,5,1,0,0,16
Südamerika,Argentinien,https://docentessie.chaco.gob.ar,2.68,3982,1,3,3,3,38
Südamerika,Argentinien,https://mitramite.renaper.gob.ar,12.9,17284,14,5,9,14,273
Südamerika,Argentinien,https://campus2025.unahur.edu.ar,38.79,44870,14,14,4,3,857
Südamerika,Argentinien,https://campus.untrefvirtual.edu.ar,0.27,361,0,1,0,0,14
Südamerika,Argentinien,https://campus.uner.edu.ar,46.77,48162,4,3,15,12,66
Südamerika,Argentinien,https://news.agrofy.com.ar,196.84,202453,7,4,27,20,3992
Südamerika,Argentinien,https://reservapasajes.cnrt.gob.ar,5.19,7575,4,5,8,3,249
Südamerika,Argentinien,https://aulastic.infd.edu.ar,0.26,347,0,1,0,0,14
Südamerika,Argentinien,https://cashier.betwarrior.bet.ar,4.07,4544,5,3,1,0,784
Südamerika,Argentinien,https://tramitesadistancia.gob.ar,0.64,618,5,2,3,0,17
Südamerika,Argentinien,https://viacargo.com.ar,93.57,112073,20,22,22,41,3626
Südamerika,Argentinien,https://www.airedesantafe.com.ar,252.47,267817,29,20,9,189,11096
Südamerika,Argentinien,https://www.dnrec.jus.gov.ar,26.56,29349,32,34,10,1,1363
Südamerika,Argentinien,https://www.gba.gob.ar,184.05,211822,7,40,25,45,1272
Südamerika,Argentinien,https://tiendaonline.movistar.com.ar,68.28,86268,12,29,13,38,2019
Südamerika,Argentinien,https://www.cba24n.com.ar,764.77,768491,88,36,15,301,69368
Südamerika,Argentinien,https://www.eldiariodelapampa.com.ar,411.78,481433,20,99,10,140,35980
Südamerika,Argentinien,https://www.adnsur.com.ar,675.26,680535,38,139,15,217,52048
Südamerika,Argentinien,https://www.movistararena.com.ar,12.91,14368,6,13,16,1,202
Südamerika,Argentinien,https://www.flechabus.com.ar,76.33,95039,3,23,22,107,2863
Südamerika,Argentinien,https://www.macro.com.ar,314.69,938577,14,58,31,142,12329
Südamerika,Argentinien,https://www.parati.com.ar,156.94,168061,26,16,37,83,7682
Südamerika,Argentinien,https://www.santafe.gov.ar,17.55,37890,15,11,9,3,1544
Südamerika,Argentinien,https://www.pedidosya.com.ar,37.95,38950,2,0,0,1,101
Südamerika,Argentinien,https://www.vea.com.ar,7453.97,7641068,18,66,75,108,4095
Südamerika,Argentinien,https://auto.mercadolibre.com.ar,1450.31,1490501,16,10,14,66,7845
Südamerika,Argentinien,https://diaonline.supermercadosdia.com.ar,2407.39,2465214,17,62,71,4,358
Südamerika,Argentinien,https://app1.comarb.gob.ar,447.48,466606,20,42,26,17,7035
Südamerika,Argentinien,https://loteria.chaco.gov.ar,118.94,164401,6,16,3,71,3461
Südamerika,Argentinien,https://betwarrior.bet.ar,4.07,4544,5,3,1,0,784
Südamerika,Argentinien,https://login.buenosaires.gob.ar,81.16,91750,5,18,10,12,46478
Südamerika,Argentinien,https://onboarding.credicuotas.com.ar,1.29,1320,7,3,5,0,35
Südamerika,Argentinien,https://transferencias.bancogalicia.com.ar,2.81,3710,1,0,0,0,1121
Südamerika,Argentinien,https://siapweb.cloud.afip.gob.ar,0.0,0,0,0,0,0,0
Südamerika,Argentinien,https://www.0221.com.ar,193.79,215517,34,52,22,74,6157
Südamerika,Argentinien,https://www.dnrpa.gov.ar,0.09,89,1,0,0,0,0
Südamerika,Argentinien,https://www.bplay.bet.ar,360.26,397814,20,35,81,57,5586
Südamerika,Chile,https://www.meteored.cl,93.78,96304,28,19,42,42,2070
Südamerika,Chile,https://www.bancoestado.cl,2.25,2487,2,1,5,2,170
Südamerika,Chile,https://www.sexosur.cl,10.29,10531,7,16,8,1,1019
Südamerika,Chile,https://jugabet.cl,14.2,15247,3,0,3,1,217
Südamerika,Chile,https://www.chileatiende.gob.cl,33.85,65053,18,6,6,41,2680
Südamerika,Chile,https://simple.ripley.cl,134.99,138291,2,3,0,1,407
Südamerika,Chile,https://www.abc.cl,939.49,1218243,17,32,8,78,24960
Südamerika,Chile,https://www.sii.cl,0.16,166,1,0,0,0,32
Südamerika,Chile,https://www.mercadolibre.cl,554.08,577108,11,11,52,88,6057
Südamerika,Chile,https://www.biobiochile.cl,971.11,1448577,21,34,39,275,42300
Südamerika,Chile,https://www.sodimac.cl,6.84,7000,5,1,0,0,16
Südamerika,Chile,https://www.paris.cl,1325.0,1367845,5,43,10,114,30651
Südamerika,Chile,https://accounts.claveunica.gob.cl,63.56,66351,2,1,0,0,769
Südamerika,Chile,https://www.cruzverde.cl,2.5,2864,6,11,2,0,0
Südamerika,Chile,https://www.t13.cl,93.25,111571,29,26,16,101,7882
Südamerika,Chile,https://www.lider.cl,1265.3,1298303,16,60,17,55,42562
Südamerika,Chile,https://www1.sii.cl,0.01,9,0,0,0,0,9
Südamerika,Chile,https://www.servel.cl,157.22,181997,5,28,64,16,4483
Südamerika,Chile,https://consulta.servel.cl,1.01,976,3,3,7,0,59
Südamerika,Chile,https://nwm.bancoestado.cl,2.25,2487,2,1,5,2,170
Südamerika,Chile,https://www.locanto.cl,12.69,14093,3,2,0,0,206
Südamerika,Chile,https://salcobrand.cl,145.32,149379,8,24,5,137,3741
Südamerika,Chile,https://www.loteria.cl,73.79,106202,4,36,6,120,2509
Südamerika,Chile,https://www.chiletrabajos.cl,69.96,128349,18,25,10,24,4660
Südamerika,Chile,https://www4.sii.cl,1.77,2109,3,4,1,1,184
Südamerika,Chile,https://www.yapo.cl,437.31,517541,31,65,42,463,12489
Südamerika,Chile,https://www.chileautos.cl,497.62,510582,9,28,52,36,4034
Südamerika,Chile,https://sitiospublicos.bancochile.cl,821.8,872044,14,39,12,0,57
Südamerika,Chile,https://agenda.redsalud.cl,0.14,134,2,0,0,0,17
Südamerika,Chile,https://cannonhome.cl,511.84,537821,14,65,17,143,18337
Südamerika,Chile,https://dalealbo.cl,554.69,571127,6,31,21,40,5089
Südamerika,Chile,https://login.portalempresas.bancochile.cl,4.0,4496,2,7,9,2,46
Südamerika,Chile,https://claveunica.gob.cl,5.61,5738,2,4,3,0,25
Südamerika,Chile,https://www.drsimi.cl,1939.03,1989414,17,55,29,54,7370
Südamerika,Chile,https://www.farmaciasahumada.cl,656.74,916892,7,28,37,158,19385
Südamerika,Chile,https://www.efe.cl,321.46,369362,6,21,22,88,29353
Südamerika,Chile,https://www.bcn.cl,8.27,8888,31,17,5,0,46
Südamerika,Chile,https://www.correos.cl,0.24,334,0,0,0,0,108
Südamerika,Chile,https://www.clarochile.cl,0.9,919,1,0,0,0,553
Südamerika,Chile,https://www.chilevision.cl,80.43,141388,22,40,4,90,11159
Südamerika,Chile,https://www.tgr.cl,2.32,2593,2,4,0,0,18
Südamerika,Chile,https://www.trabajando.cl,425.92,435663,19,3,80,36,4591
Südamerika,Chile,https://www.jumbo.cl,1576.01,1617651,27,13,42,19,626
Südamerika,Chile,https://sence.gob.cl,95.28,119957,6,51,18,52,7380
Südamerika,Chile,https://newbalance.cl,208.73,227523,9,52,15,63,3432
Südamerika,Chile,https://miperfil.entel.cl,0.26,274,1,0,0,0,0
Südamerika,Chile,https://centrodeayudaonline.clarochile.cl,0.97,986,1,0,0,0,620
Südamerika,Chile,https://proyecto.webescuela.cl,14.47,17250,7,5,6,4,744
Südamerika,Chile,https://www.blue.cl,142.75,146552,4,26,21,17,3970
Südamerika,Chile,https://www.ayudamineduc.cl,60.15,65054,5,37,8,17,2971
Südamerika,Chile,https://www.construmart.cl,615.32,786700,15,52,18,246,19528
Südamerika,Chile,https://redgol.cl,1309.26,1349108,6,45,21,214,11354
Südamerika,Chile,https://www.flixbus.cl,99.89,144661,8,21,71,65,5671
Südamerika,Chile,https://www.kameone.cl,6.31,8437,5,5,8,1,101
Südamerika,Chile,https://www.curriculumnacional.cl,55.09,63469,5,9,5,26,4336
Südamerika,Chile,https://postulacion.beneficiosestudiantiles.cl,16.23,18455,5,5,3,1,3739
Südamerika,Chile,https://www.converse.cl,647.99,686099,8,117,18,96,7294
Südamerika,Chile,https://www.bancofalabella.cl,272.75,279381,3,3,1,1,285
Südamerika,Chile,https://ww2.movistar.cl,2.97,3023,3,1,3,1,181
Südamerika,Chile,https://www.mega.cl,217.44,314770,27,31,31,143,8526
Südamerika,Chile,https://www.meganoticias.cl,634.73,818787,28,72,23,115,12175
Südamerika,Chile,https://www.wenas.cl,127.54,138370,11,13,23,50,9540
Südamerika,Chile,https://www.sistemadeadmisionescolar.cl,22.39,29166,4,6,3,13,2656
Südamerika,Chile,https://www.theclinic.cl,6.82,6981,5,1,0,0,16
Südamerika,Chile,https://app.bsale.cl,0.07,72,0,0,0,0,71
Südamerika,Chile,https://loa.sii.cl,0.01,9,0,0,0,0,9
Südamerika,Chile,https://tramites.extranjeria.gob.cl,11.41,16547,7,4,3,15,1444
Südamerika,Chile,https://www.archdaily.cl,986.34,1028061,51,44,29,113,10579
Südamerika,Chile,https://preunic.cl,2.82,2940,3,13,3,0,0
Südamerika,Chile,https://www.decathlon.cl,6.74,6896,5,1,0,0,16
Südamerika,Chile,https://www.elmostrador.cl,142.62,206903,42,26,4,73,11460
Südamerika,Chile,https://www.bancoripley.cl,86.2,87631,15,5,19,2,699
Südamerika,Chile,https://www.pcfactory.cl,392.71,457417,15,34,6,65,2242
Südamerika,Chile,https://www.tiendacopec.cl,1093.09,1583271,20,321,10,380,14744
Südamerika,Chile,https://www.red.cl,261.18,310034,16,25,41,96,13649
Südamerika,Chile,https://app.ctrlit.cl,6.39,7077,10,7,9,2,143
Südamerika,Chile,https://cinepolischile.cl,123.71,127357,13,61,18,55,2066
Südamerika,Chile,https://escortnorte.cl,84.83,93524,21,14,24,81,460
Südamerika,Chile,https://misiir.sii.cl,0.01,9,0,0,0,0,9
Südamerika,Chile,https://bubbabags.cl,234.97,532584,20,71,65,88,2967
Südamerika,Chile,https://catalogo.movistar.cl,348.13,614262,8,113,21,225,14086
Südamerika,Chile,https://eldesconcierto.cl,201.38,256594,11,41,11,64,10053
Südamerika,Chile,https://pagofacilwom.cl,122.32,136260,3,14,6,29,5323
Südamerika,Chile,https://silkperfumes.cl,767.92,869493,17,116,53,375,12033
Südamerika,Chile,https://aula.usm.cl,0.14,146,0,0,0,0,33
Südamerika,Chile,https://webafiliados.afc.cl,1.16,1233,1,0,0,0,181
Südamerika,Chile,https://practicatest.cl,73.87,89615,18,24,24,39,10269
Südamerika,Chile,https://nueva.afpmodelo.cl,490.73,502586,18,10,14,1,193
Südamerika,Chile,https://reservo.cl,85.99,89631,15,13,17,1,26
Südamerika,Chile,https://www.flashscore.cl,108.38,130619,15,56,55,3,5952
Südamerika,Chile,https://www.despegar.cl,0.75,773,0,2,0,0,55
Südamerika,Chile,https://www.gob.cl,6.8,6958,5,1,0,0,16
Südamerika,Chile,https://www.integramedica.cl,65.14,182485,19,14,7,78,7996
Südamerika,Chile,https://www.eliteperfumes.cl,968.88,1091262,17,114,58,529,17023
Südamerika,Chile,https://www2.sii.cl,1.77,2109,3,4,1,1,184
Südamerika,Chile,https://www.twinkl.cl,0.21,212,1,1,0,0,0
Südamerika,Peru,https://www.flashscore.pe,106.85,129169,15,56,55,4,5876
Südamerika,Peru,https://www.falabella.com.pe,4.98,5481,5,4,1,0,783
Südamerika,Peru,https://elcomercio.pe,448.84,460966,30,47,30,109,15940
Südamerika,Peru,https://www.betano.pe,1.25,1297,2,1,0,0,20
Südamerika,Peru,https://www.skokka.com.pe,6.74,6897,5,1,0,0,16
Südamerika,Peru,https://www.gob.pe,228.31,234170,19,4,15,13,4290
Südamerika,Peru,https://rpp.pe,348.77,455496,31,66,21,152,19293
Südamerika,Peru,https://khata.pe,0.14,146,0,0,0,0,33
Südamerika,Peru,https://simple.ripley.com.pe,6.72,6878,5,1,0,0,16
Südamerika,Peru,https://mobile.teapuesto.pe,15.71,16281,10,12,11,4,814
Südamerika,Peru,https://www.afpintegra.pe,217.63,223375,5,37,21,15,6925
Südamerika,Peru,https://www.sunat.gob.pe,137.72,143910,5,7,4,40,5720
Südamerika,Peru,https://www.plazavea.com.pe,83.67,89480,26,63,16,20,4606
Südamerika,Peru,https://www.sodimac.com.pe,4.98,5479,5,4,1,0,781
Südamerika,Peru,https://agenciadigital.afpintegra.pe,36.85,37731,5,42,16,0,55
Südamerika,Peru,https://class.utp.edu.pe,6.4,6543,4,9,6,0,9
Südamerika,Peru,https://ww1.sunat.gob.pe,137.72,143910,5,7,4,40,5720
Südamerika,Peru,https://www.promart.pe,127.41,135688,23,44,9,5,28894
Südamerika,Peru,https://larepublica.pe,1295.08,1347206,27,41,14,191,9772
Südamerika,Peru,https://m.latinka.com.pe,6.96,8216,8,5,9,3,81
Südamerika,Peru,https://admision.unmsm.edu.pe,87.55,91848,5,29,39,38,930
Südamerika,Peru,https://sihce.minsa.gob.pe,4.06,4539,5,3,1,0,779
Südamerika,Peru,https://e-consultaruc.sunat.gob.pe,15.06,22835,3,7,1,3,296
Südamerika,Peru,https://e-menu.sunat.gob.pe,0.24,259,1,0,0,0,12
Südamerika,Peru,https://cej.pj.gob.pe,14.26,15128,1,2,1,1,461
Südamerika,Peru,https://campusvirtual.aulavirtualusmp.pe,180.57,193906,27,88,63,55,2689
Südamerika,Peru,https://apps4.mineco.gob.pe,1.49,1665,1,3,1,2,132
Südamerika,Peru,https://intranet.usat.edu.pe,56.03,57493,1,0,0,0,140
Südamerika,Peru,https://rastrea.shalom.pe,4.06,4475,3,9,8,0,30
Südamerika,Peru,https://www.cholotube.com.pe,48.17,51833,13,15,9,20,3727
Südamerika,Peru,https://www.bancofalabella.pe,6.89,7049,5,1,0,0,16
Südamerika,Peru,https://www.sbs.gob.pe,105.96,121989,21,40,22,57,12564
Südamerika,Peru,https://www.locanto.com.pe,12.71,14118,3,2,0,0,206
Südamerika,Peru,https://www2.betsson.pe,2.71,3014,3,2,2,3,424
Südamerika,Peru,https://www.ticketmaster.pe,248.24,297357,23,14,5,104,5081
Südamerika,Peru,https://www.tottus.com.pe,6.87,7024,5,1,0,0,16
Südamerika,Peru,https://pregrado.upc.edu.pe,55.13,71774,11,14,13,14,3157
Südamerika,Peru,https://www.entel.pe,338.55,410280,15,149,19,0,1276
Südamerika,Peru,https://www.betsafe.pe,2.74,3043,3,2,2,3,424
Südamerika,Peru,https://libero.pe,747.02,778223,33,45,39,119,9993
Südamerika,Peru,https://www.luzdelsur.pe,110.76,151617,14,26,16,26,35219
Südamerika,Peru,https://www.misentinel.com.pe,19.85,20425,5,5,4,0,31
Südamerika,Peru,https://www.latina.pe,80.84,118738,27,26,12,56,3251
Südamerika,Peru,https://www.prima.com.pe,0.39,453,3,1,0,0,9
Südamerika,Peru,https://www.profuturo.com.pe,59.75,75221,14,23,21,29,3367
Südamerika,Peru,https://www.mercadolibre.com.pe,538.45,561043,11,11,51,84,4889
Südamerika,Peru,https://www.tiendaclaro.pe,835.92,856425,18,49,76,2,132
Südamerika,Peru,https://innovafamily.pe,6.92,9208,5,7,5,6,421
Südamerika,Peru,https://trilce.ucv.edu.pe,0.28,313,0,3,0,0,0
Südamerika,Peru,https://aulavirtual.ucsm.edu.pe,6.87,7031,5,1,0,0,16
Südamerika,Peru,https://www.adidas.pe,2.33,2664,2,0,1,0,1126
Südamerika,Peru,https://www.sat.gob.pe,61.06,68903,9,29,16,74,4760
Südamerika,Peru,https://www.upn.edu.pe,152.27,234807,20,8,37,92,18445
Südamerika,Peru,https://gestion.pe,320.99,330170,30,30,27,65,11005
Südamerika,Peru,https://cientificavirtual.cientifica.edu.pe,22.21,23925,7,11,11,1,397
Südamerika,Peru,https://campus.perueduca.pe,44.66,49762,3,19,10,34,1183
Südamerika,Peru,https://campus.uwiener.edu.pe,37.71,38808,14,7,6,0,23
Südamerika,Peru,https://interbank.pe,11.61,12155,1,1,0,1,130
Südamerika,Peru,https://aulavirtual.unica.edu.pe,38.75,43586,3,8,4,3,1119
Südamerika,Peru,https://www.cineplanet.com.pe,0.99,1484,1,0,0,0,109
Südamerika,Peru,https://www.natura.com.pe,0.28,373,0,0,0,0,209
Südamerika,Peru,https://www.mifarma.com.pe,10.14,11433,12,11,6,1,33
Südamerika,Peru,https://www.exitosanoticias.pe,89.58,92081,33,24,20,66,7218
Südamerika,Peru,https://www.scotiabank.com.pe,119.13,152378,23,28,21,17,6350
Südamerika,Peru,https://www.afpnet.com.pe,22.52,31383,3,16,4,15,922
Südamerika,Peru,https://cu.jeinzmacias.pe,8.08,8358,8,6,6,0,12
Südamerika,Peru,https://campusvirtual-sifods.minedu.gob.pe,443.8,566827,3,21,5,18,1845
Südamerika,Peru,https://estudiantes.continental.edu.pe,4.63,6139,4,3,3,2,695
Südamerika,Peru,http://www.udh.edu.pe,48.82,72695,19,9,12,42,6041
Südamerika,Peru,https://sodimac.falabella.com.pe,4.98,5481,5,4,1,0,783
Südamerika,Peru,https://intranet.upla.edu.pe,16.91,22798,3,18,6,3,775
Südamerika,Peru,https://miperfil.entel.pe,0.26,274,1,0,0,0,0
Südamerika,Peru,https://www.espn.com.pe,232.15,239707,24,28,46,64,6218
Südamerika,Peru,https://urbania.pe,6.8,6953,5,1,0,0,16
Südamerika,Peru,https://buenazo.pe,2054.26,2128764,30,38,12,34,2235
Südamerika,Peru,https://utp.edu.pe,1088.63,1249578,12,21,11,155,73182
Südamerika,Peru,https://www.tailoy.com.pe,712.88,875649,14,99,28,146,22552
Südamerika,Peru,https://www.redbus.pe,208.77,216493,13,13,21,9,3064
Südamerika,Peru,http://landing-engine.contenidospro.pe,0.14,139,1,0,0,0,18
Südamerika,Peru,https://miportal.entel.pe,1092.58,1118514,12,17,9,18,5666
Südamerika,Peru,https://aulavirtual.unsa.edu.pe,0.42,480,0,0,0,0,7
Südamerika,Peru,https://serviciosportal.reniec.gob.pe,1.36,1496,0,2,0,0,78
Südamerika,Peru,https://api-seguridad.sunat.gob.pe,0.14,159,0,0,0,0,33
Südamerika,Peru,https://www.movistar.com.pe,507.82,604315,17,71,16,143,10031
Südamerika,Peru,https://www.claro.com.pe,993.8,1081243,16,90,48,121,9999
Südamerika,Peru,https://inkafarma.pe,4.72,5186,12,11,6,0,40
Südamerika,Peru,https://www.oechsle.pe,98.96,104835,28,39,10,29,14031
Südamerika,Peru,https://www.transfermarkt.pe,312.83,451679,9,41,62,299,8082
Südamerika,Peru,https://tvgo.americatv.com.pe,230.16,238866,14,13,3,305,3393
Südamerika,Peru,https://apps.mef.gob.pe,0.87,861,4,1,0,0,82
Südamerika,Peru,https://aut.sbs.gob.pe,0.21,212,1,1,0,0,0
Südamerika,Kolumbien,https://sattamatkadpboss.co,97.01,102585,32,2,18,14,17670
Südamerika,Kolumbien,https://goal7.co,341.79,417911,10,16,9,820,38875
Südamerika,Kolumbien,https://game8.co,145.96,150096,21,8,22,270,8790
Südamerika,Kolumbien,https://videy.co,1.96,2093,2,3,2,0,73
Südamerika,Kolumbien,https://vps402.strip2.co,40.97,47734,19,4,15,38,3149
Südamerika,Kolumbien,https://w.cimalight.co,4.96,5490,5,4,1,0,779
Südamerika,Kolumbien,https://huggingface.co,141.76,148392,12,7,8,28,4204
Südamerika,Kolumbien,https://mp3juice.co,0.73,737,4,0,1,1,77
Südamerika,Kolumbien,https://www.flashscore.co,109.54,132308,15,57,55,4,5838
Südamerika,Kolumbien,https://bongdanet.co,710.52,926837,29,17,31,837,29894
Südamerika,Kolumbien,https://www.registraduria.gov.co,6.87,7032,5,1,0,0,16
Südamerika,Kolumbien,https://betplay.com.co,6.82,6979,5,1,0,0,16
Südamerika,Kolumbien,https://www.secop.gov.co,0.17,179,0,0,0,0,66
Südamerika,Kolumbien,https://m.wplay.co,1051.93,1088242,4,16,21,10,47466
Südamerika,Kolumbien,https://www.homecenter.com.co,6.87,7028,5,1,0,0,16
Südamerika,Kolumbien,https://convertio.co,108.8,123452,5,4,37,0,2249
Südamerika,Kolumbien,https://comercio.novaventa.com.co,0.42,431,0,0,0,0,55
Südamerika,Kolumbien,https://www.falabella.com.co,6.89,7048,5,1,0,0,16
Südamerika,Kolumbien,https://erothots.co,172.99,177072,18,15,48,79,3207
Südamerika,Kolumbien,https://www.mercadolibre.com.co,432.42,450680,11,11,49,67,5397
Südamerika,Kolumbien,https://kr40.topgirl.co,4.06,4569,5,3,1,0,777
Südamerika,Kolumbien,https://www.giva.co,1173.53,1533286,16,146,165,349,39289
Südamerika,Kolumbien,https://miacademy.co,50.68,58278,13,9,4,7,6026
Südamerika,Kolumbien,https://www.mobiledokan.co,188.3,190172,25,28,19,42,9809
Südamerika,Kolumbien,https://naasongs.com.co,48.22,52261,14,11,13,10,1587
Südamerika,Kolumbien,https://en.xchina.co,4.96,5487,5,4,1,0,776
Südamerika,Kolumbien,https://ibb.co,41.87,43007,16,4,84,1,1404
Südamerika,Kolumbien,https://www.fincaraiz.com.co,188.91,194098,16,36,53,39,3409
Südamerika,Kolumbien,https://bc.co,2.86,3159,14,4,7,0,0
Südamerika,Kolumbien,https://www.dian.gov.co,35.7,46037,3,9,4,33,4623
Südamerika,Kolumbien,https://www.tempo.co,6.82,6977,5,1,0,0,16
Südamerika,Kolumbien,https://xchina.co,4.96,5487,5,4,1,0,776
Südamerika,Kolumbien,https://seksi-adresar.co,6.78,6938,5,1,0,0,16
Südamerika,Kolumbien,https://articulo.mercadolibre.com.co,12.9,18087,4,4,25,0,214
Südamerika,Kolumbien,https://www.wakefit.co,6.82,6978,5,1,0,0,16
Südamerika,Kolumbien,https://shiprocket.co,14.79,22724,2,1,1,1,891
Südamerika,Kolumbien,https://www.rushbet.co,180.42,220883,19,85,11,18,1499
Südamerika,Kolumbien,https://catalogo-vpfe.dian.gov.co,17.62,22698,5,9,10,21,823
Südamerika,Kolumbien,https://www.instamod.co,107.67,111313,40,26,14,10,2158
Südamerika,Kolumbien,https://www.jljl99.co,1.77,1643,2,4,2,0,6
Südamerika,Kolumbien,https://ringtones.com.co,75.49,89001,60,5,8,0,6133
Südamerika,Kolumbien,https://kaichan.co,186.24,271394,17,13,3,143,8105
Südamerika,Kolumbien,https://4d4d.co,42.55,56361,6,22,3,9,7048
Südamerika,Kolumbien,https://campusvirtual.ibero.edu.co,80.98,95481,14,18,7,20,2642
Südamerika,Kolumbien,https://www.espn.com.co,252.77,260703,25,28,46,68,7372
Südamerika,Kolumbien,https://www.winsports.co,123.35,156643,28,10,14,88,6601
Südamerika,Kolumbien,https://muisca.dian.gov.co,0.13,138,0,1,0,0,0
Südamerika,Kolumbien,https://cdigital.cun.edu.co,50.56,70310,4,14,6,16,4643
Südamerika,Kolumbien,https://www.emisorascolombianas.co,99.8,145636,20,13,16,133,1865
Südamerika,Kolumbien,https://goal6.co,342.04,418372,10,16,9,821,38971
Südamerika,Kolumbien,https://portal.nuevaeps.com.co,1.7,1864,2,1,0,0,142
Südamerika,Kolumbien,https://redmas.com.co,3.06,3261,3,3,3,0,694
Südamerika,Kolumbien,https://savetik.co,6.8,6953,5,1,0,0,16
Südamerika,Kolumbien,https://footba11.co,55.22,73379,25,13,8,12,3690
Südamerika,Kolumbien,https://3.grouple.co,46.53,68295,35,15,5,18,6600
Südamerika,Kolumbien,https://carro.mercadolibre.com.co,1532.92,1575170,16,10,14,77,7317
Südamerika,Kolumbien,https://caracol.com.co,2411.96,2476039,19,55,14,162,15860
Südamerika,Kolumbien,https://betowa.sena.edu.co,96.99,101120,22,26,12,37,2153
Südamerika,Kolumbien,https://hiking.biji.co,65.99,107287,22,12,14,75,2873
Südamerika,Kolumbien,https://gofan.co,57.06,59498,10,15,12,0,62
Südamerika,Kolumbien,https://ecom.bbva.com.co,1.51,1524,13,4,5,0,17
Südamerika,Kolumbien,https://dhan.co,336.75,346459,19,22,8,257,34312
Südamerika,Kolumbien,https://us.aplx.co,5.17,6093,1,18,16,0,144
Südamerika,Kolumbien,https://t-en-yd.obnews.co,11.18,22278,3,1,2,21,1978
Südamerika,Kolumbien,https://www.farmatodo.com.co,426.74,442913,28,9,26,21,3332
Südamerika,Kolumbien,https://api-ao.adison.co,0.0,1,0,0,0,0,0
Südamerika,Kolumbien,https://flowerknows.co,885.31,1066036,24,82,199,95,15730
Südamerika,Kolumbien,https://www.99.co,6.77,6931,5,1,0,0,16
Südamerika,Kolumbien,https://www.adres.gov.co,0.17,179,0,0,0,0,66
Südamerika,Kolumbien,https://www.velez.com.co,1037.82,1062709,16,60,48,8,899
Südamerika,Kolumbien,https://tw.xchina.co,4.96,5487,5,4,1,0,776
Südamerika,Kolumbien,https://www.wradio.com.co,151.59,156750,19,33,13,13,2825
Südamerika,Kolumbien,https://zaavio.co,264.19,302878,15,66,21,44,3024
Südamerika,Kolumbien,https://zerolifestyle.co,559.38,637907,21,74,24,191,15385
Südamerika,Kolumbien,https://www.mobiles24.co,62.49,68651,6,5,2,49,4108
Südamerika,Venezuela,https://www.flashscore.com.ve,108.89,131151,15,56,55,3,6001
Südamerika,Venezuela,https://www.espn.com.ve,261.47,270130,25,28,46,65,7571
Südamerika,Venezuela,https://www.mercadolibre.com.ve,305.37,317662,11,10,47,48,3460
Südamerika,Venezuela,https://articulo.mercadolibre.com.ve,12.9,18087,4,4,25,0,214
Südamerika,Venezuela,https://centrodeapuestaselrey.com.ve,50.36,118681,6,10,7,146,2377
Südamerika,Venezuela,https://sni.opsu.gob.ve,39.85,50518,4,32,19,5,284
Südamerika,Venezuela,https://www.bancocaroni.com.ve,0.0,2,0,0,0,0,0
Südamerika,Venezuela,https://registroadultomayor.minaamp.gob.ve,37.2,38126,2,4,4,0,33
Südamerika,Venezuela,https://www.locanto.com.ve,12.69,14097,3,2,0,0,206
Südamerika,Venezuela,http://www.ivss.gov.ve,51.42,53350,13,19,2,0,3418
Südamerika,Venezuela,https://www.mercadoenvios.com.ve,6.44,6870,9,4,7,1,20
Südamerika,Venezuela,https://tramites.saren.gob.ve,17.64,24857,4,23,11,4,384
Südamerika,Venezuela,https://tesoroenlinea.bt.com.ve,15.3,22391,3,12,8,3,143
Südamerika,Venezuela,http://faovel.banavih.gob.ve,7.21,8790,6,4,3,9,389
Südamerika,Venezuela,https://ultimasnoticias.com.ve,1513.67,1553351,28,126,24,24,25194
Südamerika,Venezuela,https://primicia.com.ve,89.87,117481,25,20,23,37,6097
Südamerika,Venezuela,https://legalizacionve.mppre.gob.ve,7.09,10433,2,3,3,4,1742
Südamerika,Venezuela,https://www.farmatodo.com.ve,454.13,468189,24,10,24,28,4380
Südamerika,Venezuela,https://www.digitel.com.ve,92.88,96509,14,17,3,127,15425
Südamerika,Venezuela,http://www.movilnet.com.ve,29.55,35432,21,6,2,35,1643
Südamerika,Venezuela,https://supergana.com.ve,9.23,12992,5,13,12,15,885
Südamerika,Venezuela,https://www.saime.gob.ve,183.63,196260,7,63,62,32,1018
Südamerika,Venezuela,https://multimax.com.ve,3088.71,3179010,14,59,27,323,8250
Südamerika,Venezuela,https://www.bt.com.ve,281.46,297044,8,27,26,53,5021
Südamerika,Venezuela,https://siic.saime.gob.ve,8.3,8539,5,5,6,0,18
Südamerika,Venezuela,https://autogestion.mppe.gob.ve,1.09,1113,4,2,4,0,4
Südamerika,Venezuela,https://myaccount.mercadolibre.com.ve,0.59,555,0,0,0,0,555
Südamerika,Venezuela,https://www.cinex.com.ve,169.73,216934,28,54,16,137,19049
Südamerika,Venezuela,https://financia.ipasme.gob.ve,26.33,26993,7,27,39,6,241
Südamerika,Venezuela,https://www.bancaribe.com.ve,94.19,106546,24,32,22,59,4216
Südamerika,Venezuela,https://www3.bancaribe.com.ve,0.59,610,0,0,0,0,148
Südamerika,Venezuela,https://www.unes.com.ve,66.93,68713,3,27,35,45,3851
Südamerika,Venezuela,https://pregrado.campusvirtualuba.net.ve,0.09,98,1,0,0,0,0
Südamerika,Venezuela,http://aplicaciones.unefa.edu.ve,0.81,996,2,0,2,1,201
Südamerika,Venezuela,https://sigesai.insai.gob.ve,2294.56,2357544,40,10,10,15,6528
Südamerika,Venezuela,https://modulo7.ucab.edu.ve,7.96,12335,3,6,6,2,129
Südamerika,Venezuela,https://elaragueno.com.ve,0.21,226,0,0,0,0,164
Südamerika,Venezuela,https://www.movistar.com.ve,0.22,245,1,1,0,0,0
Südamerika,Venezuela,https://airtek.com.ve,49.27,50710,18,14,8,7,109
Südamerika,Venezuela,https://www.saren.gob.ve,286.15,299717,7,52,44,44,3774
Südamerika,Venezuela,https://socrates.faces.uc.edu.ve,14.65,18213,4,4,3,7,666
Südamerika,Venezuela,https://www.notitarde.com.ve,69.84,137693,19,25,11,69,7703
Südamerika,Venezuela,https://carros.tucarro.com.ve,2.37,2433,1,1,0,0,0
Südamerika,Venezuela,https://pagos.corpoelec.com.ve,0.85,882,3,1,6,0,19
Südamerika,Venezuela,https://rentahouse.com.ve,52.62,86221,31,13,15,14,7097
Südamerika,Venezuela,https://registroestudiantes.fevp.gob.ve,4.52,5058,4,6,6,2,41
Südamerika,Venezuela,http://certificacioninternacional.mijp.gob.ve,7.36,9179,1,10,10,4,205
Südamerika,Venezuela,https://www.familynes.ve,238.19,294599,17,10,10,111,9389
Südamerika,Venezuela,https://cubitt.com.ve,381.68,434604,23,52,24,119,13288
Südamerika,Venezuela,https://cestaticket.com.ve,555.83,619703,11,13,17,52,5089
Südamerika,Venezuela,https://fibra.simple.com.ve,414.74,431083,22,31,47,18,16833
Südamerika,Venezuela,https://melbet.com.ve,3.11,3172,2,3,3,0,0
Südamerika,Venezuela,https://elsiglo.com.ve,319.31,364456,14,49,22,103,15631
Südamerika,Venezuela,https://elsoldemargarita.com.ve,67.89,78870,31,24,4,97,5547
Südamerika,Venezuela,https://miparley.com.ve,155.01,163581,12,16,23,10,4265
Südamerika,Venezuela,https://aulavirtual.unitec.edu.ve,28.42,35282,3,11,3,0,1546
Südamerika,Venezuela,https://secretariauba.net.ve,7.68,10525,4,10,7,3,588
Südamerika,Venezuela,https://sistemas.alcaldiagirardot.gob.ve,8.68,13360,9,9,7,2,204
Südamerika,Venezuela,https://inscripciones.dre.ucv.ve,5.95,7842,4,7,4,1,740
Südamerika,Venezuela,https://sematiribarren.com.ve,17.78,28169,9,14,9,3,322
Südamerika,Venezuela,https://unc.edu.ve,256.41,273051,6,41,57,34,16815
Südamerika,Venezuela,https://www.multi-canal.com.ve,6.85,7008,5,1,0,0,16
Südamerika,Venezuela,http://www.misionsucre.gob.ve,85.75,96599,7,30,26,7,1524
Südamerika,Venezuela,https://www.nestle.com.ve,6.84,7003,5,1,0,0,16
Südamerika,Bolivien,https://www.meteored.com.bo,84.62,86706,27,18,41,34,1312
Südamerika,Bolivien,https://www.reduno.com.bo,277.82,284409,45,11,22,227,12106
Südamerika,Bolivien,https://yoparticipo.oep.org.bo,37.08,37947,17,7,4,5,837
Südamerika,Bolivien,https://www.trabajopolis.bo,209.29,400030,7,25,6,25,20595
Südamerika,Bolivien,https://apppro.bcp.com.bo,0.53,578,1,1,1,0,0
Südamerika,Bolivien,https://computo.oep.org.bo,1.71,1846,15,2,2,0,30
Südamerika,Bolivien,https://virtual.udabol.edu.bo,5.28,5963,4,3,0,0,273
Südamerika,Bolivien,https://presencial.uagrm.edu.bo,30.52,43362,5,12,5,4,615
Südamerika,Bolivien,https://virtual.upds.edu.bo,52.89,64008,6,19,10,25,2591
Südamerika,Bolivien,https://www.ruat.gob.bo,0.88,953,1,0,0,0,0
Südamerika,Bolivien,https://eldeber.com.bo,612.98,649997,34,45,28,47,14656
Südamerika,Bolivien,https://unitel.bo,219.04,237719,18,32,17,71,9762
Südamerika,Bolivien,https://television.unitel.bo,50.44,51856,31,36,13,7,1495
Südamerika,Bolivien,https://perfil.uagrm.edu.bo,3.49,3858,3,5,3,4,135
Südamerika,Bolivien,https://www.entel.bo,28.7,34423,5,29,16,10,1290
Südamerika,Bolivien,https://clasificados.eldeber.com.bo,125.81,129084,6,19,31,30,5674
Südamerika,Bolivien,https://bocapp.tigo.net.bo,4.06,4538,5,3,1,0,778
Südamerika,Bolivien,https://sigep.gob.bo,1.23,1323,2,10,2,0,12
Südamerika,Bolivien,https://rvcc.impuestos.gob.bo,0.0,0,0,0,0,0,0
Südamerika,Bolivien,https://biopetrol.com.bo,137.21,148633,11,34,42,37,3712
Südamerika,Bolivien,https://sifm.minedu.gob.bo,0.0,0,0,0,0,0,0
Südamerika,Bolivien,https://trabajando.com.bo,88.91,105389,41,7,6,80,5484
Südamerika,Bolivien,https://sirepre.oep.org.bo,1.74,1782,2,1,1,0,57
Südamerika,Bolivien,https://uninetplus.bancounion.com.bo,0.09,96,1,0,0,0,0
Südamerika,Bolivien,https://red.minedu.gob.bo,20.29,31547,17,10,12,18,3856
Südamerika,Bolivien,https://www.dismac.com.bo,0.38,430,0,0,0,0,138
Südamerika,Bolivien,https://www.boa.bo,1.17,1161,4,3,0,0,83
Südamerika,Bolivien,https://www.oep.org.bo,152.8,156587,17,8,3,67,6550
Südamerika,Bolivien,https://www.locanto.com.bo,12.69,14097,3,2,0,0,206
Südamerika,Bolivien,https://www.bg.com.bo,154.44,163416,23,14,10,26,4189
Südamerika,Bolivien,https://www.opinion.com.bo,160.97,204680,24,39,23,71,11552
Südamerika,Bolivien,https://www.sicoes.gob.bo,0.28,304,1,1,0,0,6
Südamerika,Bolivien,https://amarket.com.bo,2151.09,2560665,23,112,110,350,45838
Südamerika,Bolivien,https://bnet.bmsc.com.bo,37.18,48523,1,20,4,6,1657
Südamerika,Bolivien,https://consulados.cancilleria.gob.bo,217.07,309253,6,34,35,0,10784
Südamerika,Bolivien,https://bancounion.com.bo,129.75,168983,14,14,10,67,15076
Südamerika,Bolivien,https://corporativo.boa.bo,0.92,1037,2,2,5,0,29
Südamerika,Bolivien,https://larazon.bo,4.96,5488,5,4,1,0,777
Südamerika,Bolivien,https://web.oep.org.bo,527.46,549502,7,47,33,94,7464
Südamerika,Bolivien,https://aulasvirtuales.usfx.bo,0.14,153,0,0,0,0,40
Südamerika,Bolivien,https://siat.impuestos.gob.bo,13.64,13969,2,3,7,0,4
Südamerika,Bolivien,https://portal.upds.edu.bo,0.68,752,1,1,0,1,18
Südamerika,Bolivien,https://www.anh.gob.bo,86.35,107914,3,11,7,39,5858
Südamerika,Bolivien,https://sie.unefco.edu.bo,8.02,11276,5,19,12,1,248
Südamerika,Bolivien,https://www.aduana.gob.bo,114.37,145559,6,10,7,50,6360
Südamerika,Bolivien,https://fsa.bo,276.53,392333,4,43,22,159,22644
Südamerika,Bolivien,https://www.bmsc.com.bo,550.1,564185,17,5,7,10,3589
Südamerika,Bolivien,https://mi.tigo.com.bo,4.04,4517,5,3,1,0,757
Südamerika,Bolivien,https://estadodigital.mingobierno.gob.bo,10.64,12732,2,3,4,12,2505
Südamerika,Bolivien,https://www.seprec.gob.bo,120.14,162183,5,29,16,37,4597
Südamerika,Bolivien,https://cuentasonline.bancosol.com.bo,3.58,3669,1,0,0,0,269
Südamerika,Bolivien,https://genex.com.bo,377.01,391705,35,73,50,12,3101
Südamerika,Bolivien,https://doc.umsa.bo,13.32,14076,3,2,3,0,196
Südamerika,Bolivien,https://consultabjp.minedu.gob.bo,2.51,2372,11,2,23,0,20
Südamerika,Bolivien,https://fiva.impuestos.gob.bo,30.7,31457,2,4,7,0,4
Südamerika,Bolivien,https://campus.usfx.bo,0.1,107,0,0,0,0,70
Südamerika,Bolivien,https://campus.cumbre.edu.bo,37.89,42950,3,15,3,2,1153
Südamerika,Bolivien,https://diplomadosia.up.edu.bo,53.76,71200,4,13,5,13,2871
Südamerika,Bolivien,https://redux.com.bo,247.48,256891,19,17,60,1,3117
Südamerika,Bolivien,https://portal.cns.gob.bo,1.98,3257,0,4,0,0,30
Südamerika,Bolivien,https://aula.uajms.edu.bo,24.83,27937,5,12,8,1,493
Südamerika,Bolivien,https://transcopacabanasa.com.bo,24.8,30018,3,5,7,14,2320
Südamerika,Bolivien,https://web.cyco.bmsc.com.bo,0.42,431,0,0,0,0,55
Südamerika,Bolivien,https://oficinavirtual.gestora.bo,9.01,9361,9,22,12,0,14
Südamerika,Bolivien,https://inscripcion.uagrm.edu.bo,6.06,8784,3,6,3,1,2214
Südamerika,Bolivien,https://redesdegasenlinea.ypfb.gob.bo,31.46,32229,3,3,7,0,28
Südamerika,Bolivien,https://lapaz.bo,424.58,467462,7,91,79,43,5740
Südamerika,Bolivien,https://www.cba.com.bo,135.23,154621,13,32,35,29,13814
Südamerika,Bolivien,https://www.ine.gob.bo,266.56,280708,19,80,57,46,10473
Südamerika,Bolivien,https://www.redbolivision.tv.bo,318.94,329720,19,33,16,1,18
Südamerika,Bolivien,https://hydro.anh.gob.bo,1.16,1233,1,0,0,0,181
Südamerika,Bolivien,https://bonojuancitopinto.minedu.gob.bo,2.51,2372,11,2,23,0,20
Südamerika,Bolivien,https://futbol.unitel.bo,47.7,49249,23,26,19,17,1746
Südamerika,Bolivien,https://evento.minedu.gob.bo,5.62,7098,3,10,9,2,72
Südamerika,Bolivien,https://estudiantes.uecologica.edu.bo,3.85,5767,2,8,7,1,49
Südamerika,Bolivien,https://siged.sie.gob.bo,5.77,9287,5,4,3,1,53
Südamerika,Bolivien,https://maestrias.up.edu.bo,58.0,71209,5,14,3,13,2671
Südamerika,Bolivien,https://profe.minedu.gob.bo,72.48,150698,5,30,15,65,5357
Südamerika,Bolivien,https://ocepbprueba3.minedu.gob.bo,0.99,960,6,1,6,0,10
Südamerika,Bolivien,https://sis.cnslp.gob.bo,1.23,1251,7,9,3,0,20
Südamerika,Bolivien,https://virtual.uagrm.edu.bo,50.76,66560,3,15,4,10,1933
Südamerika,Bolivien,https://www.cossmil.mil.bo,14.37,14770,6,8,7,0,7
Südamerika,Bolivien,https://www.baneco.com.bo,65.22,83162,12,30,12,42,3974
Südamerika,Ecuador,https://loveread.ec,54.37,79578,3,6,8,13,13817
Südamerika,Ecuador,https://kinogo.ec,6.82,6973,5,1,0,0,16
Südamerika,Ecuador,https://srienlinea.sri.gob.ec,0.44,468,0,1,0,0,24
Südamerika,Ecuador,https://www.primicias.ec,212.89,245314,21,33,3,52,11348
Südamerika,Ecuador,https://www.cinecalidad.ec,76.42,83351,19,21,20,28,7338
Südamerika,Ecuador,https://www.iess.gob.ec,141.72,170457,13,48,29,44,3030
Südamerika,Ecuador,https://eva.puce.edu.ec,34.63,44934,4,12,7,2,378
Südamerika,Ecuador,https://consultaweb.ant.gob.ec,1.16,1164,0,0,0,0,574
Südamerika,Ecuador,https://educacion.gob.ec,48.69,57110,13,12,16,14,6154
Südamerika,Ecuador,https://www.cne.gob.ec,0.89,879,4,1,0,0,82
Südamerika,Ecuador,https://servicioenlinea.ug.edu.ec,0.53,596,1,1,0,0,8
Südamerika,Ecuador,https://lugarvotacion.cne.gob.ec,0.97,1155,2,6,2,0,16
Südamerika,Ecuador,https://app.iess.gob.ec,141.72,170457,13,48,29,44,3030
Südamerika,Ecuador,https://sai.utb.edu.ec,11.04,13310,4,4,3,2,230
Südamerika,Ecuador,https://micampus1.espe.edu.ec,42.72,53061,3,18,7,15,1133
Südamerika,Ecuador,https://cloud3.utn.edu.ec,7.11,11212,1,0,2,1,1778
Südamerika,Ecuador,https://eva.pregrado.uea.edu.ec,0.08,78,0,1,0,0,0
Südamerika,Ecuador,https://eva.upse.edu.ec,33.25,44784,3,14,6,9,1250
Südamerika,Ecuador,https://www.expreso.ec,463.01,536923,28,28,10,128,13587
Südamerika,Ecuador,https://www.servientrega.com.ec,32.02,52659,3,24,16,19,7282
Südamerika,Ecuador,https://www.upse.edu.ec,283.0,291762,10,27,18,121,14156
Südamerika,Ecuador,https://micampus.espe.edu.ec,42.95,54252,3,18,7,14,1152
Südamerika,Ecuador,https://activa.claro.com.ec,0.0,0,0,0,0,0,0
Südamerika,Ecuador,https://aulavirtual.espol.edu.ec,0.08,88,0,0,0,0,81
Südamerika,Ecuador,https://elearning.espoch.edu.ec,31.99,38856,4,17,4,2,1223
Südamerika,Ecuador,https://encuentraempleo.trabajo.gob.ec,58.04,69639,10,39,9,32,1333
Südamerika,Ecuador,https://ecuaconsultas.ec,83.33,86520,21,25,37,4,5431
Südamerika,Ecuador,https://moodle.utmachala.edu.ec,27.03,31303,3,12,4,2,531
Südamerika,Ecuador,https://admisionvirtual.espol.edu.ec,0.08,88,0,0,0,0,81
Südamerika,Ecuador,https://aulas-virtuales.upec.edu.ec,35.14,41197,4,15,3,10,854
Südamerika,Ecuador,https://pq.biess.fin.ec,17.3,26845,3,9,4,2,472
Südamerika,Ecuador,https://www.mercadolibre.com.ec,369.04,383271,11,10,50,68,3601
Südamerika,Ecuador,https://uakinogo.ec,78.36,94481,17,11,24,54,11806
Südamerika,Ecuador,https://www.compraspublicas.gob.ec,6.33,8327,1,10,5,2,770
Südamerika,Ecuador,https://academico.unesum.edu.ec,40.06,64382,4,26,16,3,986
Südamerika,Ecuador,https://www.deprati.com.ec,6.79,6944,5,1,0,0,16
Südamerika,Ecuador,https://eva.ube.edu.ec,75.06,101982,5,21,5,12,5231
Südamerika,Ecuador,https://consultas.atm.gob.ec,0.19,196,0,0,0,0,71
Südamerika,Ecuador,https://www.espn.com.ec,298.99,307887,25,28,46,83,8527
Südamerika,Ecuador,https://sut.trabajo.gob.ec,33.34,49822,5,27,14,16,2388
Südamerika,Ecuador,https://www.bet593.ec,37.68,57040,11,39,24,29,816
Südamerika,Ecuador,https://www.tia.com.ec,702.59,777812,12,152,37,335,19005
Südamerika,Ecuador,https://www.registrocivil.gob.ec,53.82,63838,15,33,38,12,4653
Südamerika,Ecuador,https://facturadorsri.sri.gob.ec,0.33,335,0,1,0,0,24
Südamerika,Ecuador,https://apps.registrocivil.gob.ec,1.97,2024,1,2,0,0,0
Südamerika,Ecuador,https://uvirtual.uce.edu.ec,25.5,35430,3,11,6,5,753
Südamerika,Ecuador,https://miclaro.com.ec,2.35,2490,16,2,0,0,8
Südamerika,Ecuador,https://eveaenlinea.utmachala.edu.ec,31.07,36251,3,12,4,2,750
Südamerika,Ecuador,https://eveanivelacion.utmachala.edu.ec,25.07,29159,3,12,3,2,395
Südamerika,Ecuador,https://sac.unl.edu.ec,10.34,21460,4,6,7,0,1277
Südamerika,Ecuador,https://www.produbanco.com.ec,34.9,61061,17,13,14,28,2235
Südamerika,Ecuador,https://campusvirtual.ug.edu.ec,12.38,19775,5,9,23,2,342
Südamerika,Ecuador,https://sga.uti.edu.ec,41.62,62978,4,31,18,3,795
Südamerika,Ecuador,https://sportbet.ec,6.71,6869,5,1,0,0,16
Südamerika,Ecuador,https://www.dirmov.mil.ec,221.19,238684,9,68,78,32,6205
Südamerika,Ecuador,https://sga.unemi.edu.ec,34.11,50871,5,28,18,14,1223
Südamerika,Ecuador,https://www.extra.ec,120.37,186499,30,24,14,38,11997
Südamerika,Ecuador,https://enova-grado.ucuenca.edu.ec,572.98,695228,3,12,3,7,184816
Südamerika,Ecuador,https://sicoaweb2.unach.edu.ec,17.48,23301,4,17,6,3,1010
Südamerika,Ecuador,https://evirtual.espam.edu.ec,30.25,34818,3,15,4,5,1415
Südamerika,Ecuador,https://micampusvirtual.espe.edu.ec,44.25,55826,3,18,7,16,1121
Südamerika,Ecuador,https://aulagrado.unemi.edu.ec,5.61,8120,2,1,1,7,375
Südamerika,Ecuador,https://miespe.espe.edu.ec,26.51,44893,3,11,6,9,1054
Südamerika,Ecuador,https://www.tickets.superticket.ec,6.9,7063,5,1,0,0,16
Südamerika,Ecuador,https://app02.cne.gob.ec,0.21,212,1,1,0,0,0
Südamerika,Ecuador,https://incentivoemprende.ieps.gob.ec,0.69,841,2,0,0,1,22
Südamerika,Ecuador,https://atenea.instipp.edu.ec,4.79,7468,6,5,10,2,54
Südamerika,Ecuador,https://sgaestudiante.unemi.edu.ec,8.77,9099,14,41,48,0,17
Südamerika,Ecuador,https://www.metroecuador.com.ec,456.87,469226,17,12,12,43,5554
Südamerika,Paraguay,https://www.abc.com.py,1567.06,1608729,37,19,40,69,9577
Südamerika,Paraguay,https://marangatu.set.gov.py,9.45,10918,7,20,13,2,1223
Südamerika,Paraguay,https://www.puntofarma.com.py,2008.3,2069141,18,395,34,249,9107
Südamerika,Paraguay,https://www.meteored.com.py,91.59,93979,27,19,42,40,1831
Südamerika,Paraguay,https://www.hoy.com.py,149.86,216414,27,37,24,115,7250
Südamerika,Paraguay,https://www.tupi.com.py,768.29,1518476,17,65,32,749,55995
Südamerika,Paraguay,https://www.versus.com.py,92.21,116185,20,24,25,109,5393
Südamerika,Paraguay,https://www.shoppingchina.com.py,243.01,356959,13,15,9,98,11874
Südamerika,Paraguay,https://azarlatino.com.py,0.28,369,0,0,0,0,209
Südamerika,Paraguay,https://ordenes.dncp.gov.py,9.94,14931,3,1,4,1,1182
Südamerika,Paraguay,https://servicios.ips.gov.py,0.33,341,0,0,0,0,185
Südamerika,Paraguay,https://www.senete.com.py,20.64,25020,8,10,4,25,1174
Südamerika,Paraguay,https://www.talisman.com.py,57.04,71015,2,24,8,36,3837
Südamerika,Paraguay,https://zonaroja.com.py,160.23,174949,7,9,11,273,3049
Südamerika,Paraguay,https://simple.claro.com.py,3.64,3997,12,7,8,1,156
Südamerika,Paraguay,https://uvirtual.unisal.edu.py,85.79,94221,4,30,22,12,1408
Südamerika,Paraguay,https://www.bristol.com.py,859.47,939265,15,131,12,402,27505
Südamerika,Paraguay,https://www.cambioschaco.com.py,49.05,56505,18,20,11,15,2323
Südamerika,Paraguay,https://www.mspbs.gov.py,59.06,70632,7,14,12,49,2624
Südamerika,Paraguay,https://www.telefuturo.com.py,242.48,289400,10,14,6,57,5637
Südamerika,Paraguay,http://www.vue.org.py,0.57,682,4,1,0,0,41
Südamerika,Paraguay,https://filovirtual.fil.una.py,2.94,3405,4,13,11,0,105
Südamerika,Paraguay,https://www2.bancontinental.com.py,78.22,89920,4,13,13,1,458
Südamerika,Paraguay,https://www.ueno.com.py,144.02,161154,20,22,16,47,3392
Südamerika,Paraguay,https://metasports.com.py,6.78,6939,5,1,0,0,16
Südamerika,Paraguay,https://games.solbet.com.py,1.55,1911,1,0,0,0,348
Südamerika,Paraguay,https://zoy.neo.com.py,4.96,5488,5,4,1,0,777
Südamerika,Paraguay,https://www.chacomer.com.py,271.25,291899,10,55,20,105,4904
Südamerika,Paraguay,https://www.bnf.gov.py,10.59,10862,2,6,7,0,14
Südamerika,Paraguay,https://www.meteorologia.gov.py,121.33,142371,13,29,35,6,4353
Südamerika,Paraguay,https://www.hot.com.py,89.73,96482,7,6,4,378,19779
Südamerika,Paraguay,https://www.pj.gov.py,53.78,58356,13,7,18,41,8999
Südamerika,Paraguay,https://www.contrataciones.gov.py,29.35,43959,3,7,4,25,5847
Südamerika,Paraguay,https://www.lanacion.com.py,184.03,189847,33,10,11,17,4758
Südamerika,Paraguay,https://identidad.mtess.gov.py,33.97,38701,3,5,6,2,372
Südamerika,Paraguay,https://www.personal.com.py,53.64,80278,18,19,16,39,4860
Südamerika,Paraguay,https://www.paraguay.gov.py,6.58,7437,2,9,3,0,60
Südamerika,Paraguay,https://www.solbet.com.py,297.87,307000,18,45,17,19,629
Südamerika,Paraguay,https://identidad.paraguay.gov.py,4.97,5089,2,3,4,0,36
Südamerika,Paraguay,https://www.farmacenter.com.py,362.04,407947,15,279,13,245,5424
Südamerika,Paraguay,https://portal.ips.gov.py,0.31,331,1,0,0,0,51
Südamerika,Paraguay,https://carden.com.py,285.53,624937,16,17,12,246,14308
Südamerika,Paraguay,https://app.dropi.com.py,80.66,82719,9,3,21,0,0
Südamerika,Paraguay,https://ayuda.ueno.com.py,269.72,279323,4,18,7,46,553
Südamerika,Paraguay,https://eventos.tuti.com.py,18.28,20183,20,12,3,2,152
Südamerika,Paraguay,http://wap.playtown.com.py,2.43,2593,2,1,2,2,437
Südamerika,Paraguay,https://adultosmayores.mds.gov.py,5.55,8228,2,1,1,1,881
Südamerika,Paraguay,https://foro.hot.com.py,143.39,165629,16,18,39,37,10650
Südamerika,Paraguay,https://nuevo.superseis.com.py,555.36,1194527,26,48,18,112,27458
Südamerika,Paraguay,https://portal.tupisa.com.py,4.0,4493,6,2,4,1,113
Südamerika,Paraguay,https://www.ande.gov.py,24.33,39007,6,19,13,43,1068
Südamerika,Paraguay,https://www.cnc.una.py,9.92,11010,5,8,9,19,1278
Südamerika,Paraguay,https://www.farmaoliva.com.py,4674.57,5329736,13,19,9,396,35382
Südamerika,Paraguay,https://www.jaha.com.py,2.04,2537,2,9,1,1,3
Südamerika,Paraguay,https://www.claro.com.py,349.91,363469,17,19,28,15,1141
Südamerika,Paraguay,https://www.observador.com.py,142.16,158480,19,40,41,25,1899
Südamerika,Paraguay,https://eaula.ing.una.py,0.04,43,0,0,0,0,35
Südamerika,Paraguay,https://www.valoragro.com.py,95.09,115267,8,8,15,125,3743
Südamerika,Paraguay,https://www.tl.com.py,352.73,464423,23,98,19,122,4193
Südamerika,Paraguay,https://freemeteo.com.py,204.32,209625,14,77,28,24,837
Südamerika,Paraguay,https://www.radioimperio.com.py,4.97,5497,5,4,1,0,786
Südamerika,Paraguay,https://www.familiar.com.py,136.06,140210,11,16,8,156,10782
Südamerika,Paraguay,https://alex.com.py,369.5,560000,20,23,16,118,3561
Südamerika,Paraguay,https://cursos.sinafocal.gov.py,26.46,32410,3,12,6,5,393
Südamerika,Paraguay,https://kaluamayorista.com.py,157.7,175097,18,52,15,1,65
Südamerika,Paraguay,https://campusvirtual.uc.edu.py,40.15,47798,4,16,4,5,830
Südamerika,Paraguay,https://bolsa.mtess.gov.py,19.5,22436,3,10,6,4,691
Südamerika,Paraguay,https://nanduti.com.py,6.78,6936,5,1,0,0,16
Südamerika,Paraguay,https://activaya.claro.com.py,0.9,919,1,0,0,0,553
Südamerika,Paraguay,https://mopc.gov.py,149.52,157950,6,29,26,29,4730
Südamerika,Paraguay,https://www.apf.org.py,365.91,380533,13,25,7,53,2955
Südamerika,Paraguay,https://posweb.aquipago.com.py,37.63,45222,1,65,18,11,270
Südamerika,Paraguay,https://www.mre.gov.py,146.69,183029,6,44,24,33,3990
Südamerika,Paraguay,https://www.bancognb.com.py,32.53,41333,18,35,16,12,7316
Südamerika,Paraguay,https://www.sudameris.com.py,787.03,823017,5,26,8,40,3294
Südamerika,Paraguay,https://www.tigosports.com.py,5.68,5822,2,3,4,0,18
Südamerika,Paraguay,https://www.tuti.com.py,479.09,491772,4,88,10,56,3151
Südamerika,Paraguay,https://www.semar.com.py,173.38,249789,20,39,18,61,10731
Südamerika,Paraguay,https://inaesvirtual.edu.py,34.99,47707,3,14,7,4,2185
Südamerika,Paraguay,https://moodlevirtual.uep.edu.py,44.47,47294,3,22,7,11,2606
Südamerika,Paraguay,https://procesos.dncp.gov.py,9.94,14932,3,1,4,1,1182
Südamerika,Paraguay,https://id.tigo.com.py,0.03,37,0,0,0,0,34
Südamerika,Paraguay,https://www.dgrp.gov.py,17.04,18979,5,11,11,8,1237
Südamerika,Paraguay,https://onix.sah.org.py,16.35,17689,11,15,11,1,588
Südamerika,Paraguay,https://www.extra.com.py,249.39,302784,9,18,5,56,10110
Südamerika,Uruguay,https://www.montevideo.com.uy,252.76,332143,16,52,26,138,15329
Südamerika,Uruguay,https://www.mercadolibre.com.uy,506.18,527966,11,12,51,59,5174
Südamerika,Uruguay,https://www.elpais.com.uy,619.78,748048,18,82,14,195,19639
Südamerika,Uruguay,https://www.brou.com.uy,43.11,47370,2,26,13,22,1856
Südamerika,Uruguay,https://hipica.maronas.com.uy,45.19,55214,11,14,6,11,1004
Südamerika,Uruguay,https://www.subrayado.com.uy,154.0,169422,29,47,26,68,9097
Südamerika,Uruguay,https://eva4.fmed.edu.uy,36.59,43065,13,11,4,3,846
Südamerika,Uruguay,https://www.bps.gub.uy,65.61,86727,16,15,11,45,6035
Südamerika,Uruguay,https://ladiaria.com.uy,217.47,282001,17,30,12,106,31021
Südamerika,Uruguay,https://www.montevideo.gub.uy,111.15,130942,8,9,5,78,5285
Südamerika,Uruguay,https://tienda.farmashop.com.uy,485.5,589973,8,99,18,150,18991
Südamerika,Uruguay,https://concursos.parlamento.gub.uy,1.84,2210,3,0,2,1,541
Südamerika,Uruguay,https://servicios.dgi.gub.uy,429.24,347080,8,59,3,155,5812
Südamerika,Uruguay,https://eva.fcea.udelar.edu.uy,35.91,47369,3,13,7,0,913
Südamerika,Uruguay,https://tienda.antel.com.uy,233.81,295005,27,51,22,166,8059
Südamerika,Uruguay,https://tiendamia.com.uy,210.47,216187,2,0,0,2,92
Südamerika,Uruguay,https://www.meteored.com.uy,91.95,94330,27,19,42,40,1792
Südamerika,Uruguay,https://ebanking.brou.com.uy,8.46,9194,10,11,10,0,12
Südamerika,Uruguay,https://www.infocasas.com.uy,210.59,216347,17,36,54,88,3693
Südamerika,Uruguay,https://www.locanto.com.uy,12.71,14116,3,2,0,0,206
Südamerika,Uruguay,https://www.sodimac.com.uy,511.67,525306,11,22,19,2,13247
Südamerika,Uruguay,https://ceibal.edu.uy,24.13,29386,6,5,6,1,145
Südamerika,Uruguay,https://loi.com.uy,64.07,70511,25,31,26,0,59
Südamerika,Uruguay,https://portafoliodocente.anep.edu.uy,0.15,162,0,0,0,0,33
Südamerika,Uruguay,https://www.inumet.gub.uy,352.05,380591,6,71,44,33,4608
Südamerika,Uruguay,https://www.elobservador.com.uy,444.27,469074,33,30,18,111,14844
Südamerika,Uruguay,https://www.sucive.gub.uy,21.8,22475,4,6,4,7,2763
Südamerika,Uruguay,https://www3.labanca.com.uy,6.85,7005,5,1,0,0,16
Südamerika,Uruguay,https://articulo.mercadolibre.com.uy,12.9,18087,4,4,25,0,214
Südamerika,Uruguay,https://www.gub.uy,48.11,64585,6,33,43,27,3224
Südamerika,Uruguay,https://www.itaulink.com.uy,0.62,648,0,1,0,0,0
Südamerika,Uruguay,https://autos.mercadolibre.com.uy,2.37,2433,1,1,0,0,0
Südamerika,Uruguay,https://aplicaciones.antel.com.uy,0.94,1211,2,1,1,0,63
Südamerika,Uruguay,https://www.buscojobs.com.uy,355.95,365081,18,19,20,191,13566
Südamerika,Uruguay,https://www.espn.com.uy,246.56,254534,25,28,46,70,7593
Südamerika,Uruguay,https://www.guapa.com.uy,136.11,146954,15,7,15,169,4188
Südamerika,Uruguay,https://mi.iduruguay.gub.uy,0.98,992,3,3,6,0,38
Südamerika,Uruguay,https://www.maronasonline.com.uy,38.57,57675,11,19,26,10,2458
Südamerika,Uruguay,https://www.urubus.com.uy,112.7,157776,27,28,17,62,4492
Südamerika,Uruguay,https://delsol.uy,80.33,101655,17,11,10,72,9079
Südamerika,Uruguay,https://anda.com.uy,95.99,106492,14,46,48,27,951
Südamerika,Uruguay,https://prestamocash.com.uy,38.72,60229,18,25,7,17,2451
Südamerika,Uruguay,https://www.santander.com.uy,261.92,319454,5,6,7,34,9271
Südamerika,Uruguay,https://auto.mercadolibre.com.uy,1555.37,1598184,16,10,14,81,7724
Südamerika,Uruguay,https://micuentanuevo.oca.com.uy,0.07,74,0,0,0,0,21
Südamerika,Uruguay,https://www.carlosgutierrez.com.uy,1.7,1721,5,1,8,2,0
Südamerika,Uruguay,https://www.utu.edu.uy,62.74,74793,18,7,12,38,4890
Südamerika,Uruguay,https://encuentra.200.com.uy,0.01,11,0,0,0,0,10
Südamerika,Uruguay,https://eva.fing.edu.uy,32.35,38046,3,13,4,11,464
Südamerika,Uruguay,https://login.udelar.edu.uy,1.75,2126,5,0,1,1,165
Südamerika,Uruguay,https://tickantel.com.uy,53.75,57465,15,12,11,20,22079
Südamerika,Uruguay,https://www.bbva.com.uy,1.02,1257,1,0,0,1,238
Südamerika,Uruguay,https://www.impo.com.uy,138.12,142991,10,34,32,49,3490
Südamerika,Uruguay,https://www.remotes.com.uy,79.56,96408,13,5,19,55,17724
Südamerika,Uruguay,https://www.mercadopago.com.uy,1347.59,1384254,14,9,14,3,1702
Südamerika,Uruguay,https://www.stadium.com.uy,451.93,491076,15,237,14,251,20639
Südamerika,Uruguay,https://www.bas.com.uy,68.34,70225,4,19,10,0,0
Südamerika,Uruguay,https://www.e-sistarbanc.com.uy,49.33,67537,11,10,7,68,3029
Südamerika,Uruguay,https://www.antel.com.uy,233.81,295005,27,51,22,166,8059
Südamerika,Uruguay,https://www.indian.com.uy,59.17,60791,15,15,11,38,1833
Südamerika,Uruguay,https://www.itau.com.uy,0.62,643,0,1,0,0,0
Südamerika,Uruguay,https://sgh.onsc.gub.uy,0.19,199,0,0,0,0,74
Südamerika,Uruguay,https://www1.scotiabank.com.uy,0.09,95,1,0,0,0,0
Südamerika,Uruguay,https://www.busqueda.com.uy,249.51,277320,32,30,22,96,18752
Südamerika,Uruguay,https://www.uruguayconcursa.gub.uy,0.56,889,0,1,0,0,0
Südamerika,Uruguay,https://www.dac.com.uy,26.4,33445,10,20,15,12,979
Südamerika,Uruguay,http://www.dale.com.uy,0.27,300,0,0,0,0,46
Südamerika,Uruguay,https://simple.claro.com.uy,4.3,4739,12,8,8,1,155
Südamerika,Uruguay,https://www.gallito.com.uy,32.14,44817,16,10,7,19,2563
Südamerika,Uruguay,https://www.divino.com.uy,394.88,438036,16,18,19,424,16149
Südamerika,Uruguay,https://servicios.ces.edu.uy,0.24,278,0,0,0,0,118
Südamerika,Uruguay,https://www.tiendainglesa.com.uy,6.56,6711,5,1,0,0,16
Südamerika,Uruguay,https://www.labanca.com.uy,6.85,7004,5,1,0,0,16
Südamerika,Uruguay,http://expedientes.poderjudicial.gub.uy,3.31,4922,0,1,0,2,358
Südamerika,Uruguay,https://apartamento.mercadolibre.com.uy,1444.61,1484524,9,10,14,56,8876
Südamerika,Uruguay,https://azulfm.com.uy,72.41,81469,22,9,6,29,6749
Südamerika,Uruguay,https://eidas.tuid.uy,1.85,2030,2,0,5,1,161
Südamerika,Uruguay,http://www.tpm.com.uy,4.45,5007,9,1,0,1,390
Südamerika,Uruguay,https://gastronomia.montevideo.com.uy,0.2,206,2,0,0,0,7
Südamerika,Uruguay,https://clicrural.com.uy,41.28,60413,7,19,22,22,2671
Südamerika,Uruguay,https://sodre.gub.uy,119.88,140152,15,31,39,101,9764
Südamerika,Uruguay,https://mibelleza.uy,63.39,69818,22,30,29,0,109
Südamerika,Uruguay,https://lu.anep.edu.uy,14.71,19116,2,3,2,1,874
Südamerika,Uruguay,https://jetour.com.uy,72.52,80915,7,30,30,7,912
Südamerika,Uruguay,https://www.auf.org.uy,176.44,289599,8,31,21,275,7543
Südamerika,Uruguay,https://rurales.elpais.com.uy,246.07,297237,11,45,6,46,13128
Südamerika,Uruguay,https://aplicaciones.corteelectoral.gub.uy,0.31,318,0,0,0,0,186
Südamerika,Uruguay,https://www.dgr.gub.uy,107.44,113511,14,24,21,7,6152
Ozeanien,Australien,https://www.amazon.com.au,0.0,0,0,0,0,0,0
Ozeanien,Australien,https://www.abc.net.au,361.47,370610,23,22,26,36,7343
Ozeanien,Australien,https://www.bom.gov.au,149.46,175064,16,11,15,2,2188
Ozeanien,Australien,https://www.ancestry.com.au,528.56,542464,7,2,0,1,225
Ozeanien,Australien,https://www.seek.com.au,50.35,51656,4,4,0,0,206
Ozeanien,Australien,https://www.escortsandbabes.com.au,6.88,7041,5,1,0,0,16
Ozeanien,Australien,https://www.news.com.au,1.24,1327,0,0,0,0,1022
Ozeanien,Australien,https://www.realestate.com.au,0.68,700,0,2,0,0,0
Ozeanien,Australien,https://www.bunnings.com.au,6.93,7090,5,1,0,0,16
Ozeanien,Australien,https://www.ebay.com.au,802.94,827413,21,27,61,101,8958
Ozeanien,Australien,https://www.cricket.com.au,180.7,245337,16,14,18,47,6559
Ozeanien,Australien,https://www.smh.com.au,1135.31,1170462,41,22,50,88,18595
Ozeanien,Australien,https://www.kmart.com.au,0.28,374,0,0,0,0,210
Ozeanien,Australien,https://www.nine.com.au,1701.44,1742824,16,16,9,123,10983
Ozeanien,Australien,https://www.xxxx.com.au,211.22,239189,24,39,53,42,3518
Ozeanien,Australien,https://canvas.lms.unimelb.edu.au,6.78,6936,5,1,0,0,16
Ozeanien,Australien,https://www.locanto.com.au,12.7,14102,3,2,0,0,207
Ozeanien,Australien,https://www.woolworths.com.au,0.29,379,0,0,0,0,215
Ozeanien,Australien,https://www.9news.com.au,537.97,552383,28,35,7,96,8180
Ozeanien,Australien,https://auspost.com.au,822.08,1076802,21,21,15,8,55237
Ozeanien,Australien,https://www.gumtree.com.au,0.0,0,0,0,0,0,0
Ozeanien,Australien,https://www.commbank.com.au,52.29,76781,7,30,6,24,4602
Ozeanien,Australien,https://www.coinspot.com.au,51.92,68702,10,8,20,57,6561
Ozeanien,Australien,https://www.coles.com.au,0.21,212,1,1,0,0,0
Ozeanien,Australien,https://www.ozbargain.com.au,81.99,87052,16,13,11,71,12881
Ozeanien,Australien,https://canvas.sydney.edu.au,198.46,210878,3,4,3,1,242
Ozeanien,Australien,https://hotcopper.com.au,802.71,1114870,10,26,12,19,37277
Ozeanien,Australien,https://www.myer.com.au,2124.76,2178189,7,23,22,67,22093
Ozeanien,Australien,https://www.carsales.com.au,0.76,776,0,2,0,0,59
Ozeanien,Australien,https://ilearn.mq.edu.au,30.18,33100,3,14,4,5,2120
Ozeanien,Australien,https://online.fireflyeducation.com.au,5.47,6456,4,11,5,7,355
Ozeanien,Australien,https://kayosports.com.au,19.5,21742,20,11,11,0,42
Ozeanien,Australien,https://my.gov.au,65.83,73957,36,16,21,6,580
Ozeanien,Australien,https://www.carsguide.com.au,0.0,0,0,0,0,0,0
Ozeanien,Australien,https://www.eldersweather.com.au,529.72,543072,9,37,7,106,5694
Ozeanien,Australien,https://workspaces.pexa.com.au,39.16,47810,5,2,2,2,238
Ozeanien,Australien,https://www.realbabes.com.au,6.89,7053,5,1,0,0,16
Ozeanien,Australien,https://www.vicroads.vic.gov.au,6.87,7030,5,1,0,0,16
Ozeanien,Australien,https://www.heraldsun.com.au,1.24,1326,0,0,0,0,1021
Ozeanien,Australien,https://www.optus.com.au,193.5,243237,12,16,4,0,59
Ozeanien,Australien,https://www.westpac.com.au,45.76,80897,13,20,16,6,5137
Ozeanien,Australien,https://www.theiconic.com.au,6.83,6985,5,1,0,0,16
Ozeanien,Australien,https://www.afl.com.au,622.69,838804,41,28,8,56,21923
Ozeanien,Australien,https://biaustralia.com.au,19.58,28712,1,4,3,12,735
Ozeanien,Australien,https://canvas.flinders.edu.au,36.69,39037,3,12,4,2,487
Ozeanien,Australien,https://harmonyweb.au,9.66,12391,2,20,8,3,192
Ozeanien,Australien,https://login.my.gov.au,57.5,64441,30,18,18,2,289
Ozeanien,Australien,https://7news.com.au,701.41,720000,24,13,13,111,7262
Ozeanien,Australien,https://reg.bom.gov.au,36.38,37813,7,8,6,14,4973
Ozeanien,Australien,https://shop.symbion.com.au,13.99,18167,12,6,9,6,483
Ozeanien,Australien,https://www.amartfurniture.com.au,321.86,516043,108,45,39,106,22004
Ozeanien,Australien,https://www.allhomes.com.au,159.26,163176,10,20,3,27,4027
Ozeanien,Australien,https://myuni.adelaide.edu.au,24.38,27417,3,4,5,1,236
Ozeanien,Australien,https://www.drive.com.au,1190.35,1228762,23,55,51,400,13823
Ozeanien,Australien,https://www.sussan.com.au,1956.75,2032867,9,223,7,114,11787
Ozeanien,Australien,https://www2.my.commbiz.commbank.com.au,0.89,900,4,2,3,0,17
Ozeanien,Australien,https://www.willyweather.com.au,26.4,27777,7,11,8,4,2150
Ozeanien,Australien,https://www.sportsbet.com.au,0.29,376,0,0,0,0,212
Ozeanien,Australien,https://www.linkt.com.au,67.24,92231,15,15,14,65,2060
Ozeanien,Australien,https://www.theaustralian.com.au,1.24,1326,0,0,0,0,1021
Ozeanien,Australien,https://www.nsw.gov.au,129.76,138180,27,38,56,12,5156
Ozeanien,Australien,https://amp.nine.com.au,0.04,42,0,0,0,0,42
Ozeanien,Australien,https://experience.flybuys.com.au,0.27,281,0,0,0,0,148
Ozeanien,Australien,https://scholar.google.com.au,127.4,130589,7,1,2,1,1129
Ozeanien,Australien,https://abr.business.gov.au,7.9,10642,13,4,3,3,2018
Ozeanien,Australien,https://www.harrisscarfe.com.au,209.15,233728,14,23,33,41,11397
Ozeanien,Australien,https://www.harness.org.au,46.5,55164,6,35,20,26,5748
Ozeanien,Australien,https://www.citychic.com.au,4.06,4542,5,3,1,0,782
Ozeanien,Australien,https://uclearn.canberra.edu.au,3.47,4158,3,3,3,1,187
Ozeanien,Australien,https://www.boatsonline.com.au,348.62,373845,11,21,12,36,29083
Ozeanien,Australien,https://vucollaborate.vu.edu.au,0.54,581,3,2,1,0,0
Ozeanien,Australien,https://www.flightcentre.com.au,402.05,415920,17,55,9,34,2233
Ozeanien,Australien,https://www.marketindex.com.au,6.85,7008,5,1,0,0,16
Ozeanien,Australien,https://www.ebgames.com.au,6.7,6855,5,1,0,0,16
Ozeanien,Australien,https://www.peteralexander.com.au,798.66,874519,12,49,17,30,80817
Ozeanien,Australien,https://www.weatherzone.com.au,439.02,450549,12,18,21,65,15148
Ozeanien,Australien,https://www.skynews.com.au,338.77,348951,25,30,22,79,18604
Ozeanien,Australien,https://www.thenewdaily.com.au,6.87,7030,5,1,0,0,16
Ozeanien,Australien,https://www.yourtv.com.au,495.72,930153,16,24,11,83,39085
Ozeanien,Australien,https://www.sydney.edu.au,47.57,55411,32,9,11,2,4084
Ozeanien,Australien,https://www.telstra.com.au,212.21,270563,17,25,10,14,3921
Ozeanien,Australien,https://billyj.com.au,549.23,700896,18,86,48,92,7934
Ozeanien,Australien,https://banking.westpac.com.au,2.79,3133,4,5,0,0,0
Ozeanien,Australien,https://app.inspectrealestate.com.au,11.04,16859,2,7,3,0,141
Ozeanien,Australien,https://asp.tramada.com.au,0.21,220,0,0,1,0,29
Ozeanien,Australien,https://echo360.net.au,3.7,5275,4,6,4,2,280
Ozeanien,Australien,https://www.costco.com.au,2892.93,2983440,15,23,17,306,26591
Ozeanien,Australien,https://www.chemistwarehouse.com.au,6.92,7081,5,1,0,0,16
Ozeanien,Australien,https://education.nsw.gov.au,67.93,98635,46,14,26,5,7298
Ozeanien,Australien,https://www.lloydsonline.com.au,562.64,662660,3,166,13,528,11712
Ozeanien,Neuseeland,https://www.stuff.co.nz,5.71,6422,12,6,40,0,5
Ozeanien,Neuseeland,https://www.nzherald.co.nz,2411.94,2471460,23,29,19,102,20574
Ozeanien,Neuseeland,https://mega.nz,2.45,2525,13,1,2,0,4
Ozeanien,Neuseeland,https://www.kmart.co.nz,0.28,371,0,0,0,0,207
Ozeanien,Neuseeland,https://www.rnz.co.nz,322.65,335140,26,11,13,37,10503
Ozeanien,Neuseeland,https://www.trademe.co.nz,0.0,0,0,0,0,0,0
Ozeanien,Neuseeland,https://canvas.auckland.ac.nz,23.58,34127,3,6,2,1,1467
Ozeanien,Neuseeland,https://www.bnz.co.nz,22.6,23652,2,0,0,0,291
Ozeanien,Neuseeland,https://www.oneroof.co.nz,102.61,105174,6,72,26,19,1465
Ozeanien,Neuseeland,https://www.thewarehouse.co.nz,6.87,7030,5,1,0,0,16
Ozeanien,Neuseeland,https://practicetest.aa.co.nz,4.39,5549,5,9,2,2,178
Ozeanien,Neuseeland,https://www.mitre10.co.nz,4.98,5478,5,4,1,0,780
Ozeanien,Neuseeland,https://www.paknsave.co.nz,6.85,7004,5,1,0,0,16
Ozeanien,Neuseeland,https://escortify.co.nz,4.06,4574,5,3,1,0,782
Ozeanien,Neuseeland,https://one.nz,140.65,171796,12,11,7,30,5831
Ozeanien,Neuseeland,https://www.noelleeming.co.nz,6.85,7007,5,1,0,0,16
Ozeanien,Neuseeland,https://www.1news.co.nz,2778.8,2855145,18,23,9,281,50831
Ozeanien,Neuseeland,https://www.chemistwarehouse.co.nz,6.92,7080,5,1,0,0,16
Ozeanien,Neuseeland,https://mylotto.co.nz,28.4,29078,6,9,2,0,29
Ozeanien,Neuseeland,https://www.briscoes.co.nz,1204.89,1234506,19,24,21,0,40
Ozeanien,Neuseeland,https://www.spark.co.nz,7.18,7688,19,14,7,0,55
Ozeanien,Neuseeland,https://www.thepress.co.nz,4.21,4755,12,5,33,0,9
Ozeanien,Neuseeland,https://my.msd.govt.nz,33.06,34550,35,7,13,4,450
Ozeanien,Neuseeland,https://medi-map.co.nz,0.99,1484,1,0,0,0,109
Ozeanien,Neuseeland,https://www.airnewzealand.co.nz,246.48,254175,17,20,41,0,85
Ozeanien,Neuseeland,https://www.harveynorman.co.nz,0.21,212,1,1,0,0,0
Ozeanien,Neuseeland,https://www.tab.co.nz,0.07,71,0,1,0,0,0
Ozeanien,Neuseeland,https://www.nzpost.co.nz,203.12,235692,13,11,7,28,5263
Ozeanien,Neuseeland,https://bank.westpac.co.nz,2.0,2235,4,0,0,0,172
Ozeanien,Neuseeland,https://myir.ird.govt.nz,3.26,3517,3,12,6,1,174
Ozeanien,Neuseeland,https://www.newzealandgirls.co.nz,6.85,7011,5,1,0,0,16
Ozeanien,Neuseeland,https://www.odt.co.nz,151.89,163431,14,22,25,87,12729
Ozeanien,Neuseeland,https://www.pbtech.co.nz,355.71,368333,2,2,0,1,691
Ozeanien,Neuseeland,https://www.timestables.co.nz,54.06,60541,11,10,43,84,6982
Ozeanien,Neuseeland,https://canvas.aut.ac.nz,3.12,4837,3,2,3,0,393
Ozeanien,Neuseeland,https://www.farmers.co.nz,194.04,208214,5,64,44,98,9883
Ozeanien,Neuseeland,https://www.ird.govt.nz,97.02,151631,11,12,14,13,6540
Ozeanien,Neuseeland,https://www.realestate.co.nz,130.4,138275,24,18,10,9,1486
Ozeanien,Neuseeland,https://findsomeone.co.nz,25.26,28351,10,24,18,2,1169
Ozeanien,Neuseeland,https://www.anz.co.nz,415.14,426179,10,12,12,1,5124
Ozeanien,Neuseeland,https://www.locanto.co.nz,12.67,14080,3,2,0,0,207
Ozeanien,Neuseeland,https://www.immigration.govt.nz,634.72,725331,11,8,10,6,3762
Ozeanien,Neuseeland,https://www.jbhifi.co.nz,1067.23,1107509,24,119,31,1,142
Ozeanien,Neuseeland,https://www.postie.co.nz,179.46,187990,8,39,13,9,711
Ozeanien,Neuseeland,https://www.thepost.co.nz,4.21,4751,12,5,33,0,8
Ozeanien,Neuseeland,https://www.supercheapauto.co.nz,0.9,919,1,0,0,0,553
Ozeanien,Neuseeland,https://www.bunnings.co.nz,6.91,7068,5,1,0,0,16
Ozeanien,Neuseeland,https://www.seek.co.nz,6.88,7043,5,1,0,0,16
Ozeanien,Neuseeland,https://www.journeys.nzta.govt.nz,17.19,19104,3,11,3,3,3717
Ozeanien,Neuseeland,https://www.waikatotimes.co.nz,4.24,4779,12,5,33,0,17
Ozeanien,Neuseeland,https://www.carjam.co.nz,44.76,59552,17,12,4,31,7693
Ozeanien,Neuseeland,https://www.ebgames.co.nz,6.66,6811,5,1,0,0,16
Ozeanien,Neuseeland,https://www.2degrees.nz,127.46,159111,8,27,9,46,35708
Ozeanien,Neuseeland,https://www.studyladder.co.nz,58.1,73199,16,21,17,29,6969
Ozeanien,Neuseeland,https://e-asttle.education.govt.nz,29.34,30657,3,3,1,1,101
Ozeanien,Neuseeland,https://loveracing.nz,53.09,69005,4,20,8,69,6193
Ozeanien,Neuseeland,https://gazette.education.govt.nz,56.95,83405,28,3,18,6,6362
Ozeanien,Neuseeland,https://www.looksharpstore.co.nz,876.22,959836,8,50,25,214,20378
Ozeanien,Neuseeland,https://www.repco.co.nz,335.6,343713,3,0,0,0,606
Ozeanien,Neuseeland,https://www2.nzqa.govt.nz,55.4,69598,7,6,15,14,2146
Ozeanien,Neuseeland,https://new.aucklandcouncil.govt.nz,68.74,102893,4,13,19,9,5319
Ozeanien,Neuseeland,https://m.jdsports.co.nz,330.99,359151,27,29,128,74,10493
Ozeanien,Neuseeland,https://www.auckland.ac.nz,0.2,293,0,0,0,0,105
Ozeanien,Neuseeland,https://taku.nzqa.govt.nz,47.93,57000,7,6,15,17,2242
Ozeanien,Neuseeland,https://www.tvnz.co.nz,1.51,1520,2,7,12,0,5
Ozeanien,Neuseeland,https://www.skyscanner.co.nz,0.7,708,4,2,4,0,10
Ozeanien,Neuseeland,https://login.realme.govt.nz,0.1,103,0,0,0,0,103
Ozeanien,Neuseeland,https://shineon.co.nz,268.63,322460,27,90,84,17,1940
Ozeanien,Neuseeland,https://management.empowersoftware.co.nz,7.48,7981,0,9,1,0,222
Ozeanien,Neuseeland,https://apply.immigration.govt.nz,2.42,2545,3,1,0,0,236
Ozeanien,Neuseeland,https://www.pagani.co.nz,419.02,431026,7,55,12,3,708
Ozeanien,Neuseeland,https://www.drivingtests.co.nz,6.75,6902,5,1,0,0,16
Ozeanien,Neuseeland,https://www.otago.ac.nz,6.76,6916,5,1,0,0,16
Ozeanien,Neuseeland,https://www.rebelsport.co.nz,1117.16,1144600,19,23,19,0,53
Ozeanien,Neuseeland,https://www.twinkl.co.nz,0.21,212,1,1,0,0,0
Ozeanien,Neuseeland,https://s1.panel-quote.co.nz,8.5,10062,2,2,0,0,458
Ozeanien,Neuseeland,https://www.turners.co.nz,95.7,134350,12,11,8,27,10465
Ozeanien,Neuseeland,https://www.nzta.govt.nz,23.38,35474,6,12,11,3,1729
Ozeanien,Neuseeland,https://transact.nzta.govt.nz,32.01,39455,6,12,11,6,3359
Ozeanien,Neuseeland,https://www.google.co.nz,49.43,50347,2,11,0,1,296
Ozeanien,Neuseeland,https://www.onceit.co.nz,286.5,305950,13,8,11,69,3770
Ozeanien,Neuseeland,https://www.numberoneshoesandhannahs.co.nz,338.88,351073,10,43,15,11,846
Ozeanien,Neuseeland,https://www.warehousestationery.co.nz,499.47,819684,11,53,9,31,41859
Ozeanien,Neuseeland,https://onlineservices.immigration.govt.nz,0.11,122,0,0,0,0,31
Ozeanien,Neuseeland,https://tradedepot.co.nz,497.19,682493,6,168,9,116,11704
Ozeanien,Neuseeland,https://www.doc.govt.nz,60.88,76446,14,16,83,1,1507
Ozeanien,Neuseeland,https://www.interest.co.nz,127.91,145421,17,12,4,51,17078
Ozeanien,Neuseeland,https://www.mightyape.co.nz,0.76,775,0,2,0,0,59
Ozeanien,Neuseeland,https://www.golf.co.nz,162.54,220914,13,111,34,14,1061
Ozeanien,Neuseeland,https://www.kathmandu.co.nz,290.18,411274,16,335,20,37,9261
Ozeanien,Samoa,https://missav.ws,6.79,6952,5,1,0,0,16
Ozeanien,Samoa,https://ruangbokep.ws,124.25,129706,23,34,15,80,3049
Ozeanien,Samoa,https://123av.ws,4.3,4406,0,1,0,0,14
Ozeanien,Samoa,https://rosasidan.ws,59.21,93735,14,21,21,76,3160
Ozeanien,Samoa,https://baku.ws,94.09,159302,14,20,17,57,6049
Ozeanien,Samoa,https://cont.ws,47.69,79522,3,26,13,36,18275
Ozeanien,Samoa,http://www.banknote.ws,5.62,6074,4,0,0,11,181
Ozeanien,Samoa,https://api.namy.ws,0.03,31,0,0,0,0,31
Ozeanien,Samoa,https://sexvid.ws,216.02,221567,16,14,17,21,3249
Ozeanien,Samoa,https://www.juegosjuegos.ws,234.26,242185,10,15,15,154,414
Ozeanien,Samoa,https://conexo.ws,2.16,2196,4,6,6,0,10
Ozeanien,Samoa,https://lk21.layarkaca21.ws,263.87,270290,19,9,9,64,8940
Ozeanien,Samoa,https://raped.ws,20.41,22482,5,1,2,60,2191
Ozeanien,Samoa,https://sports.ws,11.6,13034,3,10,4,9,3975
Ozeanien,Samoa,https://www.megaporn.ws,87.41,90105,10,12,15,96,5910
Ozeanien,Samoa,https://www.fcporto.ws,104.17,131563,30,53,19,30,6624
Ozeanien,Samoa,https://0xxx.ws,59.07,59848,5,2,2,18,12317
Ozeanien,Samoa,https://oregontrail.ws,68.97,70765,29,18,13,8,4448
Ozeanien,Samoa,https://www.islamicbook.ws,8.72,9192,6,0,1,20,1981
Ozeanien,Samoa,https://pornindian.ws,120.64,138968,6,13,30,160,12884
Ozeanien,Samoa,http://cfcrobles.siteseguro.ws,0.13,138,0,0,0,0,93
Ozeanien,Samoa,https://videoindirxa.ws,146.15,165947,8,4,5,44,3922
Ozeanien,Samoa,https://uscs.mentorweb.ws,46.58,49348,12,32,12,2,1924
Ozeanien,Samoa,https://www.geocities.ws,6.76,6917,5,1,0,0,16
Ozeanien,Samoa,https://777g.ws,4.06,4534,5,3,1,0,774
Ozeanien,Samoa,https://yalnizmp3.ws,24.63,25397,6,3,6,92,3331
Ozeanien,Samoa,https://members.npf.ws,5.56,7431,10,3,18,0,90
Ozeanien,Samoa,https://alpha.supernova.ws,11.81,13718,4,8,2,5,1942
Ozeanien,Samoa,https://marketapp.ws,12.51,13534,1,1,0,1,0
Ozeanien,Samoa,https://nobodyhome.ws,6.78,6935,5,1,0,0,16
Ozeanien,Samoa,https://4pics1word.ws,4.01,4221,5,6,1,2,821
Ozeanien,Samoa,https://mylinks.ws,9.64,14914,5,9,0,0,229
Ozeanien,Samoa,https://www.jetztspielen.ws,232.67,240574,10,15,15,155,470
Ozeanien,Samoa,https://www.fanfiction.ws,12.68,15638,7,5,5,2,801
Ozeanien,Samoa,https://www.ihentai.ws,6.78,6936,5,1,0,0,16
Ozeanien,Samoa,https://tennis-tv.tilda.ws,117.34,120830,12,41,14,7,172
Ozeanien,Samoa,https://gigatorrents.ws,3.31,3502,2,8,5,0,253
Ozeanien,Samoa,https://my.cbox.ws,6.59,7161,4,5,2,1,1065
Ozeanien,Samoa,https://marker.ct.ws,0.82,839,0,2,0,0,0
Ozeanien,Samoa,https://med-vko.sova.ws,5.19,6938,5,12,13,1,232
Ozeanien,Samoa,https://whathappensnext.webcomic.ws,63.82,98659,13,3,2,26,5807
Ozeanien,Samoa,https://knigi.ws,0.75,918,3,0,1,0,70
Ozeanien,Samoa,https://www2.cbox.ws,6.58,7157,4,5,2,1,1060
Ozeanien,Samoa,https://eros.ws,68.74,74693,29,17,13,25,4675
Ozeanien,Samoa,https://med.sova.ws,4.86,6491,5,12,13,1,314
Ozeanien,Samoa,https://tide.ws,2.88,3181,4,6,3,1,356
Ozeanien,Samoa,https://tergenit.ws,61.9,65220,14,19,14,26,5053
Ozeanien,Samoa,https://qq888.ws,4.06,4535,5,3,1,0,775
Ozeanien,Samoa,https://www.theonewatches.ws,629.16,645879,5,17,7,157,12357
Ozeanien,Samoa,https://yourdailypornvideos.ws,217.81,226742,55,34,26,413,7941
Ozeanien,Samoa,https://reefgames.tilda.ws,14.3,14625,12,14,8,2,1226
Ozeanien,Samoa,https://pornwatch.ws,242.26,255264,30,25,20,96,26013
Ozeanien,Samoa,https://nzbfinder.ws,12.96,16260,8,1,11,1,1095
Ozeanien,Samoa,https://hattrick.ws,53.91,56266,20,13,4,14,1958
Ozeanien,Samoa,https://videomin.ws,47.32,60222,4,12,7,44,3840
Ozeanien,Samoa,https://www.duckload.ws,6.74,6895,5,1,0,0,16
Ozeanien,Samoa,https://www.konabet24.ws,0.97,986,1,0,0,0,620
Ozeanien,Samoa,https://www.ppbo.ws,14.81,18053,15,10,1,17,1034
Ozeanien,Samoa,https://bokep.ws,0.0,0,0,0,0,0,0
Ozeanien,Samoa,https://hidefporn.ws,39.32,42489,10,13,9,27,1757
Ozeanien,Samoa,https://forum.zarulem.ws,9.29,9987,4,4,1,0,10
Ozeanien,Samoa,https://kmk.sova.ws,4.62,6170,5,12,13,1,174
Ozeanien,Samoa,https://smallgames.ws,43.6,49086,5,15,4,27,4715
Ozeanien,Samoa,https://watermark.ws,53.28,58241,11,6,11,12,3325
Ozeanien,Samoa,https://bokepid.ws,101.47,106009,24,12,16,33,3070
Ozeanien,Tonga,https://www.xxxhindi.to,141.53,178314,35,63,54,42,9909
Ozeanien,Tonga,https://9animetv.to,79.92,95719,15,9,5,7,7603
Ozeanien,Tonga,https://aniworld.to,230.17,349019,23,15,21,413,15928
Ozeanien,Tonga,https://www.1377x.to,6.73,10549,4,9,5,2,383
Ozeanien,Tonga,https://www.lookmovie2.to,204.76,407703,15,8,21,288,24693
Ozeanien,Tonga,https://celebforum.to,6.78,6935,5,1,0,0,16
Ozeanien,Tonga,https://livecamrips.to,6.82,6979,5,1,0,0,16
Ozeanien,Tonga,https://myflixerz.to,3.68,3760,5,2,1,0,645
Ozeanien,Tonga,https://4pda.to,392.35,402901,81,15,19,67,25533
Ozeanien,Tonga,https://tawk.to,234.24,257133,34,50,69,37,11869
Ozeanien,Tonga,https://thetvapp.to,16.58,23924,5,6,5,1,2554
Ozeanien,Tonga,https://manowar.hover.to,64.65,66431,6,7,7,0,88
Ozeanien,Tonga,https://snapinsta.to,30.95,30661,26,17,35,1,7298
Ozeanien,Tonga,https://pdalife.to,70.12,105362,8,12,9,65,13832
Ozeanien,Tonga,https://ext.to,6.62,6778,5,1,0,0,16
Ozeanien,Tonga,https://asg.to,99.34,166392,9,19,5,180,24860
Ozeanien,Tonga,https://watchporn.to,99.55,129439,13,11,6,57,6987
Ozeanien,Tonga,https://www.xxxbfvideos.to,249.51,380997,25,10,22,29,19070
Ozeanien,Tonga,https://flightsim.to,734.12,867468,18,29,55,335,44188
Ozeanien,Tonga,https://watchsomuch.to,71.81,101057,1,22,9,47,5916
Ozeanien,Tonga,https://nnmclub.to,142.67,151459,12,18,14,332,19635
Ozeanien,Tonga,https://pixhost.to,5.66,6839,6,19,8,6,160
Ozeanien,Tonga,https://mcw-casino.to,2.6,2831,2,1,1,0,130
Ozeanien,Tonga,https://vipergirls.to,122.81,147089,9,19,20,144,14322
Ozeanien,Tonga,https://ww4.pelisplushd.to,6.85,7004,5,1,0,0,16
Ozeanien,Tonga,https://4545.to,103.15,182420,15,25,9,109,8673
Ozeanien,Tonga,https://kithara.to,12.91,16102,12,3,9,2,1527
Ozeanien,Tonga,https://omegleporn.to,114.39,142644,9,14,20,34,4060
Ozeanien,Tonga,https://supernova.to,6.59,6742,5,1,0,0,16
Ozeanien,Tonga,https://prehraj.to,40.34,53966,8,29,15,11,3166
Ozeanien,Tonga,https://www.camvault.to,6.8,6959,5,1,0,0,16
Ozeanien,Tonga,https://fapello.to,42.73,47616,12,10,9,12,975
Ozeanien,Tonga,https://dev.to,247.97,298008,27,21,16,130,10559
Ozeanien,Tonga,https://gomoviestv.to,7.39,9695,15,10,4,2,1293
Ozeanien,Tonga,https://koyso.to,37.08,46503,8,2,7,30,905
Ozeanien,Tonga,https://thothub.to,69.52,86259,4,8,6,47,4548
Ozeanien,Tonga,https://dashboard.tawk.to,32.61,35571,3,12,2,4,775
Ozeanien,Tonga,https://nhentai.to,5.24,5774,5,5,1,0,777
Ozeanien,Tonga,https://poltava.to,88.51,107606,8,10,7,37,14526
Ozeanien,Tonga,https://www.sexaraby.to,77.85,113187,10,7,8,26,4512
Ozeanien,Tonga,https://ev01.to,67.06,71210,15,12,4,2,5844
Ozeanien,Niue,https://y2mate.nu,0.9,914,4,0,1,1,74
Ozeanien,Niue,https://www.prisjakt.nu,706.7,724324,15,18,18,126,9988
Ozeanien,Niue,https://gigafile.nu,36.74,47311,15,41,9,10,2728
Ozeanien,Niue,https://puzzel.woordenboek.nu,9.68,10709,8,9,1,8,2525
Ozeanien,Niue,https://www.viprow.nu,608.77,627282,17,6,18,2,3291
Ozeanien,Niue,https://www.tv.nu,220.81,226778,38,15,26,10,10909
Ozeanien,Niue,https://www.st.nu,461.72,481924,21,9,12,95,15115
Ozeanien,Niue,https://www.entree.nu,40.97,55223,10,20,19,2,4175
Ozeanien,Niue,https://ww3.gnulahd.nu,259.36,304203,10,23,14,349,8598
Ozeanien,Niue,https://flvto.nu,27.1,27905,12,14,25,15,4883
Ozeanien,Niue,https://ligeher.nu,77.54,94545,8,21,10,37,3240
Ozeanien,Niue,https://www.vetgirig.nu,23.92,34647,5,13,12,25,3287
Ozeanien,Niue,https://www.webbkryss.nu,26.27,29055,1,13,1,25,2641
Ozeanien,Niue,https://hhv-handball.liga.nu,7.45,8306,5,9,4,1,2029
Ozeanien,Niue,https://bornholm.nu,36.1,38078,12,28,9,17,2321
Ozeanien,Niue,https://bhv-handball.liga.nu,11.05,12582,5,15,5,1,2413
Ozeanien,Niue,https://hvnb-handball.liga.nu,12.57,14752,5,18,5,1,2284
Ozeanien,Niue,https://www.atl.nu,510.59,527262,25,60,38,0,1500
Ozeanien,Niue,https://app.planning.nu,73.13,75236,17,17,20,24,4136
Ozeanien,Niue,https://www.kuriren.nu,898.23,919784,15,12,21,48,4870
Ozeanien,Niue,https://alltidoppet.nu,9.14,9364,7,16,9,0,11
Ozeanien,Niue,https://hvs-handball.liga.nu,6.54,7245,5,6,4,1,1542
Ozeanien,Niue,https://kermis.nu,71.36,77788,13,39,10,54,9880
Ozeanien,Niue,https://bna.nu,31.99,33002,7,30,4,8,4548
Ozeanien,Niue,https://biljetter.axs.nu,4.07,4543,5,3,1,0,783
Ozeanien,Niue,https://online-dossier.nu,3.4,5025,2,4,5,1,66
Ozeanien,Niue,https://www.marsta.nu,72.23,73065,17,16,12,36,7734
Ozeanien,Niue,https://www.condoleren.nu,100.53,110244,13,28,20,40,109
Ozeanien,Niue,https://www.folkbladet.nu,14.45,14823,21,7,127,0,44
Ozeanien,Niue,https://www.prominent.nu,245.86,253369,7,46,11,49,6168
Ozeanien,Niue,https://www.odla.nu,210.98,245837,12,67,29,69,8376
Ozeanien,Niue,https://tvbb.liga.nu,15.82,19055,5,8,4,1,2374
Ozeanien,Niue,https://www.studera.nu,92.71,117581,21,22,6,9,10274
Ozeanien,Niue,https://www.telefonforsaljare.nu,13.16,14617,8,5,3,1,2309
Ozeanien,Niue,https://hvsa-handball.liga.nu,8.91,10015,5,5,4,1,1733
Ozeanien,Niue,https://121.gigafile.nu,37.33,48046,15,40,9,10,2728
Ozeanien,Niue,https://bdv-dart.liga.nu,6.71,9140,7,11,7,1,796
Ozeanien,Niue,https://patient.nu,0.46,562,4,2,1,0,13
Ozeanien,Niue,https://www.atletiek.nu,5.86,6287,2,2,0,1,213
Ozeanien,Niue,https://www.speeding.nu,6.82,6980,5,1,0,0,16
Ozeanien,Niue,https://www.tvmatchen.nu,1032.97,1061765,17,58,49,124,5870
Ozeanien,Niue,https://www.haco.nu,568.22,990056,10,101,5,166,8991
Ozeanien,Niue,https://gnulaseries.nu,0.13,131,1,0,0,0,0
Ozeanien,Niue,https://hnr-handball.liga.nu,6.84,7576,5,6,4,1,1696
Ozeanien,Niue,https://bulletin.nu,153.07,162215,18,20,10,5,689
Ozeanien,Niue,https://islam.nu,50.0,74823,11,20,4,13,4459
Ozeanien,Niue,https://www.jennysmatblogg.nu,133.8,153960,33,32,22,37,11351
Ozeanien,Niue,https://htv.liga.nu,9.52,11026,5,6,6,1,1111
Ozeanien,Niue,https://www.mobiled.nu,320.96,337044,21,18,33,401,24801
Ozeanien,Niue,https://acecomments.mu.nu,0.0,0,0,0,0,0,0
Ozeanien,Niue,https://ace.mu.nu,225.33,235303,3,69,7,35,124736
Ozeanien,Niue,https://120.gigafile.nu,37.59,48193,15,43,9,10,2733
Ozeanien,Niue,https://pt.viprow.nu,609.27,627875,17,6,18,2,3160
Ozeanien,Niue,https://pte.nu,2.26,2479,3,6,3,0,75
Ozeanien,Niue,https://bensinpriser.nu,14.91,18056,6,16,8,1,2516
Ozeanien,Niue,https://nieuwsfiets.nu,238.16,254141,29,71,28,61,6231
Ozeanien,Niue,https://wtv.liga.nu,22.42,25903,8,14,5,4,3963
Ozeanien,Niue,https://vadfanskajaglagatillmiddag.nu,24.05,24715,5,8,19,4,517
Ozeanien,Niue,https://www.ddesign.nu,980.38,1027485,21,36,14,71,33690
Ozeanien,Niue,https://www.ikorkort.nu,58.31,86088,5,22,19,81,11704
Ozeanien,Niue,https://www.rinab.nu,226.31,245724,4,15,5,24,9373
Ozeanien,Niue,https://www.vertalen.nu,12.48,14937,6,12,5,1,1233
Ozeanien,Niue,https://fjordavisen.nu,78.75,88928,19,29,18,26,2936
Ozeanien,Niue,https://baden.liga.nu,40.56,47131,5,9,4,1,5910
Ozeanien,Niue,https://gracias.nu,3.65,4903,3,7,7,2,325
Ozeanien,Niue,https://rejsa.nu,20.28,23819,8,2,6,14,5250
Ozeanien,Niue,http://herpy.nu,12.33,13680,15,0,1,4,3841
Ozeanien,Niue,https://swedsnus.nu,348.08,541522,19,65,26,182,36477
Ozeanien,Niue,https://wiki.yjsnpi.nu,43.09,49644,20,8,9,9,2839
Ozeanien,Niue,https://trafiken.nu,9.93,12529,11,3,1,2,205
Ozeanien,Niue,https://westlanders.nu,537.08,612674,15,56,39,114,13226
Ozeanien,Niue,https://vecka.nu,2.52,3350,13,1,1,0,10
Ozeanien,Niue,https://www.goto.nu,50.5,51107,6,2,7,85,2772
Ozeanien,Niue,https://www.tabussen.nu,70.56,97475,17,10,10,10,13896
Ozeanien,Niue,https://www.sweden4rus.nu,49.89,69742,1,11,2,62,8126
Ozeanien,Niue,https://bwbv-badminton.liga.nu,14.77,17740,7,15,7,2,3973
Ozeanien,Niue,https://hvmv-handball.liga.nu,13.7,14971,5,7,4,1,1957
Ozeanien,Niue,https://blivomdeler.nu,27.88,35975,20,9,22,13,2958
Ozeanien,Niue,http://www.reporte.mine.nu,4.94,6008,5,5,2,0,305
Ozeanien,Niue,https://thv-handball.liga.nu,6.17,6839,5,5,4,1,1479
Ozeanien,Niue,https://www.curacao.nu,215.34,274500,4,27,20,69,6644
Ozeanien,Niue,https://www.eet.nu,73.08,85124,25,9,10,6,4547
Ozeanien,Niue,https://www.mimer.nu,180.97,217736,17,24,13,16,6346
Ozeanien,Niue,https://blogg.atl.nu,36.62,43414,13,20,33,5,1682
Ozeanien,Niue,https://bredband.nu,82.26,86470,6,10,19,9,3720
Ozeanien,Niue,https://hbde-live.liga.nu,0.07,74,0,0,0,0,72
Ozeanien,Palau,https://v11.vost.pw,93.34,134256,9,33,19,24,26322
Ozeanien,Palau,https://daraz.pw,2.51,2683,7,2,4,2,22
Ozeanien,Palau,https://starpets.pw,9.05,9798,22,13,15,0,39
Ozeanien,Palau,https://animeler.pw,396.19,430920,22,29,12,78,20527
Ozeanien,Palau,https://lite.starpets.pw,13.66,13543,3,5,124,0,6
Ozeanien,Palau,https://web.novabit.pw,13.54,14114,2,1,3,0,10
Ozeanien,Palau,https://www.ganamos.pw,3.24,3318,2,18,10,0,0
Ozeanien,Palau,https://www.mtzfile.pw,49.51,50425,2,11,0,1,296
Ozeanien,Palau,https://a188.pw,4.06,4534,5,3,1,0,774
Ozeanien,Palau,https://www.faselplus.pw,6.81,6968,5,1,0,0,16
Ozeanien,Palau,https://777app.pw,2.58,2706,7,8,7,0,0
Ozeanien,Palau,https://forum.comeback.pw,107.93,135368,13,12,8,43,6124
Ozeanien,Palau,https://comeback.pw,26.18,32150,4,6,4,155,4814
Ozeanien,Palau,https://www.film21.pw,3.42,4937,4,1,0,1,147
Ozeanien,Palau,https://www.kkkjili.pw,2.95,3007,9,7,4,0,35
Ozeanien,Palau,https://cin.pw,43.81,46447,8,21,4,0,3016
Ozeanien,Palau,https://forum.plutonium.pw,129.25,133448,24,13,25,7,6004
Ozeanien,Palau,https://dollaruz.pw,30.67,39241,6,18,13,5,4764
Ozeanien,Palau,https://forum.asgard.pw,109.94,135398,13,11,6,128,3911
Ozeanien,Palau,https://qq888.pw,4.06,4535,5,3,1,0,775
Ozeanien,Palau,https://gaystream.pw,100.65,107213,15,40,25,33,3611
Ozeanien,Palau,https://derbi.pw,43.96,45505,4,6,3,147,3900
Ozeanien,Palau,https://sitenable.pw,19.85,22782,4,12,37,2,6351
Ozeanien,Palau,https://fishbi.pw,0.11,114,0,1,0,0,0
Ozeanien,Palau,https://usenet-4all.pw,4.06,4573,5,3,1,0,781
Ozeanien,Palau,https://a299.pw,4.06,4534,5,3,1,0,774
Ozeanien,Palau,https://worldnews.pw,0.14,147,0,0,0,0,40
Ozeanien,Palau,https://garasifilm21.pw,1.8,3032,5,0,1,1,364
Ozeanien,Palau,https://www.pkok.pw,2.04,1981,3,6,3,0,323
Ozeanien,Palau,https://2u.pw,6.76,6914,5,1,0,0,16
Ozeanien,Palau,https://alldojki.pw,68.83,97957,13,10,8,61,4099
Ozeanien,Palau,https://asgard.pw,21.89,37641,15,3,3,77,360
Ozeanien,Palau,https://m.kinosex.pw,28.53,33570,10,25,9,22,4062
Ozeanien,Palau,https://pandamovies.pw,162.34,171552,30,30,17,56,13406
Ozeanien,Palau,https://11kk.pw,4.06,4534,5,3,1,0,774
Ozeanien,Palau,https://old.starpets.pw,9.04,9791,22,13,15,0,39
Ozeanien,Palau,https://cehennempass.pw,1.13,1636,2,0,0,1,194
Ozeanien,Palau,https://rule34.pw,57.2,58906,6,6,9,4,159
Ozeanien,Palau,https://vtrahe.pw,47.64,58872,7,8,13,25,5213
Ozeanien,Palau,https://mob.eroboom.pw,32.85,38538,6,21,7,31,4110
Ozeanien,Palau,https://m.onetop.pw,32.46,34112,3,15,77,85,1168
Ozeanien,Palau,https://m.nohu.pw,25.25,27325,7,11,5,1,78
Ozeanien,Palau,https://exek.pw,97.03,102881,4,23,23,37,17865
Ozeanien,Palau,https://mriya.pw,6.93,7087,5,1,0,0,16
Ozeanien,Palau,https://businessman.pw,20.53,31771,4,27,10,23,848
Ozeanien,Palau,https://gj66x.pw,1.95,2233,4,2,0,0,564
Ozeanien,Palau,https://sharer.pw,6.59,7372,4,8,7,1,608
Ozeanien,Palau,https://ok100.pw,4.06,4535,5,3,1,0,775
Ozeanien,Palau,https://webgl.greenhost.pw,4.61,5647,10,4,5,3,75
Ozeanien,Palau,https://www.asmr.pw,5.2,5658,15,13,4,0,16
Ozeanien,Palau,https://a868.pw,4.06,4566,5,3,1,0,774
Ozeanien,Palau,https://phvip.pw,2.58,2705,7,8,7,0,0
Ozeanien,Palau,http://billing.startv.pw,0.1,106,1,0,0,0,0
Ozeanien,Palau,https://ff14.pw,837.35,870903,31,39,38,80,4255
Ozeanien,Palau,https://dirty-pink.ers.pw,1.31,1527,3,4,3,0,40
Ozeanien,Mikronesien,https://www.setlist.fm,153.68,158141,9,39,7,5,4138
Ozeanien,Mikronesien,https://muzofond.fm,14.9,18556,4,1,1,1,800
Ozeanien,Mikronesien,https://www.last.fm,91.15,120284,17,16,25,8,2017
Ozeanien,Mikronesien,https://www.rmf.fm,76.65,92086,12,36,18,86,6359
Ozeanien,Mikronesien,https://www.tupi.fm,430.08,482188,23,44,31,209,10735
Ozeanien,Mikronesien,https://www.gayporno.fm,185.85,239787,8,48,25,123,9032
Ozeanien,Mikronesien,https://open.fm,222.31,229571,17,26,35,22,6512
Ozeanien,Mikronesien,https://z-lib.fm,84.95,105911,19,21,42,52,2282
Ozeanien,Mikronesien,https://mel.fm,551.44,640400,22,25,9,101,10240
Ozeanien,Mikronesien,https://www.canliradyodinle.fm,87.99,90507,23,22,26,180,8269
Ozeanien,Mikronesien,https://zeno.fm,159.32,163258,22,4,56,9,1782
Ozeanien,Mikronesien,https://poll.fm,84.13,91729,29,39,22,12,2505
Ozeanien,Mikronesien,https://riverside.fm,233.11,259979,11,50,13,108,7145
Ozeanien,Mikronesien,https://www.oka.fm,69.42,97655,4,18,14,62,11375
Ozeanien,Mikronesien,https://www.openai.fm,261.48,282848,60,61,52,4,6002
Ozeanien,Mikronesien,https://dice.fm,297.43,306229,39,35,41,15,1600
Ozeanien,Mikronesien,https://files.fm,6.69,6845,5,1,0,0,16
Ozeanien,Mikronesien,https://sa.aqar.fm,257.4,310563,23,30,29,114,17473
Ozeanien,Mikronesien,https://playback.fm,85.48,99968,27,16,34,28,2286
Ozeanien,Mikronesien,https://volt.fm,81.07,83155,7,3,6,19,3530
Ozeanien,Mikronesien,https://libro.fm,0.11,118,0,0,0,0,27
Ozeanien,Mikronesien,https://marus.fm,25.62,32865,29,23,15,21,4062
Ozeanien,Mikronesien,https://www.brain.fm,173.14,179439,22,25,9,155,9484
Ozeanien,Mikronesien,https://www.gayporn.fm,186.42,241128,8,48,25,130,8790
Ozeanien,Mikronesien,https://online-red.fm,17.03,20007,3,15,5,67,2143
Ozeanien,Mikronesien,https://www.sakura.fm,561.22,575971,5,135,43,46,10252
Ozeanien,Mikronesien,https://pt.z-lib.fm,83.32,104416,19,21,42,52,2179
Ozeanien,Mikronesien,https://hightech.fm,86.89,120633,29,33,24,54,5322
Ozeanien,Mikronesien,https://jazz.lystn.fm,74.94,78281,24,21,14,2,543
Ozeanien,Mikronesien,https://radiocrazy.fm,50.15,129021,17,9,8,45,11167
Ozeanien,Mikronesien,https://cms.megaphone.fm,30.83,31742,4,16,6,0,341
Ozeanien,Mikronesien,https://skyrock.fm,257.61,263863,10,12,12,12,448
Ozeanien,Mikronesien,https://www.espana.fm,18.8,19447,12,10,13,60,131
Ozeanien,Mikronesien,https://www.movework-flow.fm,4.32,4898,9,9,3,0,13
Ozeanien,Mikronesien,https://www.reaper.fm,20.49,22875,1,1,6,19,7921
Ozeanien,Mikronesien,https://ar.radiocut.fm,6.8,6957,5,1,0,0,16
Ozeanien,Mikronesien,https://zh.z-lib.fm,83.55,109836,19,21,42,52,1715
Ozeanien,Mikronesien,https://450.fm,524.5,599553,20,51,33,22,10308
Ozeanien,Mikronesien,https://baila.fm,1172.12,1697668,21,21,6,15,178373
Ozeanien,Mikronesien,https://bib.fm,0.05,48,0,0,0,0,48
Ozeanien,Mikronesien,https://fun.lux.fm,166.3,176807,10,9,47,5,3511
Ozeanien,Mikronesien,https://m.radioluisteren.fm,43.71,44167,235,10,8,4,1664
Ozeanien,Mikronesien,https://radiopoznan.fm,79.76,115404,15,19,9,60,8511
Ozeanien,Mikronesien,https://rym.fm,7.35,9439,1,2,0,0,2701
Ozeanien,Mikronesien,https://sib.fm,129.11,191337,8,13,7,92,14440
Ozeanien,Mikronesien,https://stats.fm,21.2,21754,16,11,12,23,2247
Ozeanien,Mikronesien,https://www.mexc.fm,2368.44,2426978,28,49,92,14,2511
Ozeanien,Mikronesien,https://www.zaycev.fm,237.01,259480,5,49,28,17,2358
Ozeanien,Mikronesien,https://radiosabadell.fm,58.39,74760,13,19,37,47,4456
Ozeanien,Mikronesien,https://clube.fm,482.28,499795,5,79,11,50,5609
Ozeanien,Mikronesien,https://castbox.fm,344.62,353242,31,15,9,80,1194
Ozeanien,Mikronesien,https://rus.hitmos.fm,6.14,6695,4,1,6,1,65
Ozeanien,Mikronesien,https://styl.fm,4.06,4566,5,3,1,0,774
Ozeanien,Mikronesien,https://www.three.fm,39.09,59971,22,11,4,42,4516
Ozeanien,Mikronesien,https://www.thefan.fm,65.36,76332,20,17,9,111,3860
Ozeanien,Mikronesien,https://www.clare.fm,555.64,595349,17,85,28,6,4128
Ozeanien,Mikronesien,https://www.nasze.fm,153.61,180290,9,77,14,37,6267
Ozeanien,Mikronesien,https://hitster.fm,0.03,28,0,0,0,0,28
Ozeanien,Mikronesien,https://my.brain.fm,5.14,6409,19,8,9,0,8
Ozeanien,Mikronesien,https://i.airbuds.fm,1.35,1580,17,1,0,0,32
Ozeanien,Mikronesien,https://podbay.fm,6.75,6909,5,1,0,0,16
Ozeanien,Mikronesien,https://stash.reaper.fm,18.07,23846,1,5,2,21,2187
Ozeanien,Mikronesien,https://nsn.fm,246.14,258346,52,8,16,1,7045
Ozeanien,Mikronesien,https://296.fm,202.52,219376,8,39,55,48,5137
Ozeanien,Mikronesien,https://entradas.baila.fm,4.94,5470,5,4,1,0,759
Ozeanien,Mikronesien,https://topzvonok.fm,104.22,114017,4,9,4,0,5398
Ozeanien,Mikronesien,https://www.nederland.fm,26.17,27256,14,13,14,65,183
Ozeanien,Mikronesien,https://airable.fm,20.69,23765,2,4,2,1,197
Ozeanien,Mikronesien,https://gdz.fm,16.6,31379,9,9,3,47,3159
Ozeanien,Mikronesien,https://laurentides.cime.fm,1245.19,1277823,16,17,5,130,8841
Ozeanien,Mikronesien,https://iono.fm,50.16,59300,24,10,8,5,5100
Ozeanien,Mikronesien,https://jda.facilit.fm,5.85,7895,2,13,6,2,97
Ozeanien,Mikronesien,https://dashboard.transistor.fm,6.95,7490,20,4,5,1,147
Ozeanien,Mikronesien,https://futurock.fm,129.96,138284,27,37,32,11,681
Ozeanien,Mikronesien,https://stand.fm,63.6,68010,19,12,10,9,1301
Ozeanien,Mikronesien,https://www.489.fm,70.71,109331,8,25,14,282,4386
Ozeanien,Mikronesien,https://s.awa.fm,70.75,81792,18,13,7,262,4495
Ozeanien,Mikronesien,https://listen.streamon.fm,48.12,52203,9,21,2,4,285
Ozeanien,Mikronesien,https://laut.fm,3.84,4138,15,10,7,0,36
Ozeanien,Mikronesien,https://omny.fm,13.36,13683,15,12,5,0,85
Ozeanien,Mikronesien,https://ditto.fm,41.13,42175,1,2,7,0,0
Ozeanien,Tuvalu,https://jable.tv,6.77,6930,5,1,0,0,16
Ozeanien,Tuvalu,https://kingbokep.tv,37.01,38217,24,8,11,51,1683
Ozeanien,Tuvalu,https://www.bilibili.tv,21.85,22278,14,10,27,2,73
Ozeanien,Tuvalu,https://www.twitch.tv,173.65,177826,31,68,45,0,6
Ozeanien,Tuvalu,https://www.xnxx.tv,110.19,112827,7,11,7,1,1367
Ozeanien,Tuvalu,https://faphouse.tv,714.06,832755,14,14,83,454,16337
Ozeanien,Tuvalu,https://xxxbp.tv,281.69,370874,22,69,21,66,6163
Ozeanien,Tuvalu,https://uzmovi.tv,69.59,101284,16,22,9,60,4043
Ozeanien,Tuvalu,https://metabet.tv,6.69,6846,5,1,0,0,16
Ozeanien,Tuvalu,https://www.machotube.tv,352.28,443332,8,50,23,111,14251
Ozeanien,Tuvalu,https://delishkitchen.tv,528.8,622990,38,41,22,100,3696
Ozeanien,Tuvalu,https://www.camwhores.tv,111.36,308920,5,12,4,85,6646
Ozeanien,Tuvalu,https://xxxbf.tv,105.15,144179,24,67,13,62,5900
Ozeanien,Tuvalu,https://zbporn.tv,195.98,272676,7,9,33,130,9281
Ozeanien,Tuvalu,https://mykadri.tv,6.84,7000,5,1,0,0,16
Ozeanien,Tuvalu,https://www.milfporn.tv,46.39,49471,7,7,30,123,2855
Ozeanien,Tuvalu,https://showup.tv,4.67,4894,4,3,1,1,1757
Ozeanien,Tuvalu,https://www.fullhdfilmizlesene.tv,81.32,98701,8,7,15,52,7098
Ozeanien,Tuvalu,https://www.bcci.tv,113.53,146817,16,23,3,27,2682
Ozeanien,Tuvalu,https://wav.tv,215.69,277062,8,25,10,397,12816
Ozeanien,Tuvalu,https://gaigu41.tv,170.56,179640,11,20,24,101,5018
Ozeanien,Tuvalu,https://dashboard.twitch.tv,163.59,167504,31,41,38,0,17
Ozeanien,Tuvalu,https://twitcasting.tv,351.15,571452,22,8,6,207,8405
Ozeanien,Tuvalu,https://doujindesu.tv,6.83,6985,5,1,0,0,16
Ozeanien,Tuvalu,https://bm.best-hit.tv,6.69,8154,5,2,2,1,3561
Ozeanien,Tuvalu,https://abema.tv,170.81,175801,32,17,29,2,553
Ozeanien,Tuvalu,https://gemidos.tv,123.71,156021,15,34,40,50,6867
Ozeanien,Tuvalu,https://m.twitch.tv,163.71,167636,32,29,43,0,6
Ozeanien,Tuvalu,https://xxxz.tv,52.51,57677,14,1,26,79,2036
Ozeanien,Tuvalu,https://www.naijaprey.tv,164.6,181394,22,23,25,54,6994
Ozeanien,Tuvalu,https://www.pulsz.tv,12.77,13253,23,12,22,0,97
Ozeanien,Tuvalu,https://mi.tv,17.4,18743,17,11,19,2,284
Ozeanien,Tuvalu,https://watch.plex.tv,1557.28,1595428,27,176,87,205,13005
Ozeanien,Tuvalu,https://www.fubo.tv,3.54,3586,11,6,17,0,0
Ozeanien,Tuvalu,https://hohoj.tv,66.03,98850,12,12,7,113,4480
Ozeanien,Tuvalu,http://oxax.tv,12.74,18209,4,6,2,13,2659
Ozeanien,Tuvalu,https://movielinkbd.tv,4.96,5492,5,4,1,0,781
Ozeanien,Tuvalu,https://www.boyfriend.tv,341.7,429830,17,25,32,182,15197
Ozeanien,Tuvalu,https://www.icegay.tv,371.24,456123,9,49,31,170,10542
Ozeanien,Tuvalu,https://javmix.tv,83.59,105573,12,21,5,83,8630
Ozeanien,Tuvalu,https://pluto.tv,29.49,30020,16,50,44,0,54
Ozeanien,Tuvalu,https://yummyanime.tv,49.47,65712,8,9,16,42,4882
Ozeanien,Tuvalu,https://rezka-ua.tv,471.39,516810,18,12,14,73,48190
Ozeanien,Tuvalu,https://watchpeopledie.tv,1.46,1461,1,1,0,1,527
Ozeanien,Tuvalu,https://zbiornik.tv,1.72,2026,3,0,5,1,165
Ozeanien,Tuvalu,https://en.jable.tv,6.78,6933,5,1,0,0,16
Ozeanien,Tuvalu,https://www.france.tv,1396.46,1448208,14,73,12,305,116811
Ozeanien,Tuvalu,https://www.iwara.tv,6.8,6955,5,1,0,0,16
Ozeanien,Tuvalu,https://18j.tv,68.11,99115,13,15,4,100,4096
Ozeanien,Tuvalu,https://linkkf.tv,4.06,4568,5,3,1,0,776
Ozeanien,Tuvalu,https://www.pornwex.tv,32.18,42803,9,4,6,31,3153
Ozeanien,Tuvalu,https://mangalivre.tv,6.94,7098,5,1,0,0,16
Ozeanien,Tuvalu,https://www.xporn.tv,6.8,6955,5,1,0,0,16
Ozeanien,Tuvalu,https://amp.xnxx.tv,13.09,13292,7,4,7,0,361
Ozeanien,Tuvalu,https://www.erome.tv,68.24,93674,13,13,8,19,2147
Ozeanien,Tuvalu,https://www.wcoflix.tv,6.84,7000,5,1,0,0,16
Ozeanien,Tuvalu,https://www.wco.tv,6.78,6932,5,1,0,0,16
Ozeanien,Tuvalu,https://latfe.superbaby.tv,38.69,42392,7,16,9,42,2181
Ozeanien,Tuvalu,https://m.wcostream.tv,6.82,6979,5,1,0,0,16
Ozeanien,Tuvalu,https://iwank.tv,109.21,140304,5,5,23,121,9421
Ozeanien,Tuvalu,https://www.madamlive.tv,178.1,242232,10,30,14,130,15705
Ozeanien,Tuvalu,https://livecamrips.tv,6.82,6979,5,1,0,0,16
Ozeanien,Tuvalu,https://punci.tv,67.49,72316,11,9,10,49,7050
Ozeanien,Tuvalu,https://jackbox.tv,2.59,3522,16,1,5,0,10
Ozeanien,Tuvalu,https://eltaott.tv,94.43,179238,34,29,21,94,3037
Ozeanien,Tuvalu,https://turk.ivi.tv,1.16,1522,2,0,0,1,101
Ozeanien,Tuvalu,https://eju.tv,172.67,180361,5,38,18,22,1546
Ozeanien,Tuvalu,https://www.footao.tv,337.26,352960,71,76,6,541,26145
Ozeanien,Tuvalu,https://www.diverto.tv,1120.64,1359578,30,22,40,166,21234
Ozeanien,Tuvalu,https://www.moodx.tv,61.6,75104,21,33,42,67,2690
Commercial,Commercial,https://faphouse1.com,706.74,839731,14,14,84,470,16260
Commercial,Commercial,https://genius.com,12.42,12964,4,5,0,1,107
Commercial,Commercial,https://m.fabswingers.com,9.24,10861,3,0,4,7,345
Commercial,Commercial,https://m.forebet.com,6.8,6956,5,1,0,0,16
Commercial,Commercial,https://faq.whatsapp.com,1062.55,1088691,3,79,13,0,21
Commercial,Commercial,https://docs.google.com,1231.13,1262282,5,6,1,1,391
Commercial,Commercial,https://luticlip.com,69.53,76278,4,20,7,32,2203
Commercial,Commercial,https://hdporncomics.com,534.58,547980,18,9,20,29,5289
Commercial,Commercial,https://jp.spankbang.com,1.05,1084,0,1,0,0,33
Commercial,Commercial,https://m.naver.com,132.74,141729,15,18,10,10,1535
Commercial,Commercial,https://m.vk.com,113.26,116813,12,20,7,5,153
Commercial,Commercial,https://playinmatch.com,14.65,17082,11,10,7,7,1008
Commercial,Commercial,https://mangabuddy.com,268.38,280772,18,21,18,0,8297
Commercial,Commercial,https://lu88.com,49.67,51777,2,2,1,1,287
Commercial,Commercial,https://moviesda14.com,12.09,13100,13,3,2,22,4579
Commercial,Commercial,https://m.ss.com,11.13,11592,4,10,7,18,2244
Commercial,Commercial,https://litnet.com,222.68,351382,17,94,37,117,12897
Commercial,Commercial,https://lectormangaa.com,6.79,6942,5,1,0,0,16
Commercial,Commercial,https://old.reddit.com,1.38,1522,0,0,0,0,801
Commercial,Commercial,https://www.bing.com,57.41,59054,13,48,16,1,31
Commercial,Commercial,https://www.bbc.com,496.54,509820,22,25,11,118,14005
Commercial,Commercial,https://shahvani.com,6.74,6892,5,1,0,0,16
Commercial,Commercial,https://mail.google.com,1231.52,1262681,5,6,1,1,421
Commercial,Commercial,https://okxxx1.com,370.25,417031,10,57,27,98,7307
Commercial,Commercial,https://www.dropbox.com,524.97,538153,15,23,91,76,5226
Commercial,Commercial,https://www.aparat.com,70.48,82413,4,28,6,0,30
Commercial,Commercial,https://www.fiverr.com,2028.79,2080616,58,58,34,28,26570
Commercial,Commercial,https://calendar.google.com,1231.74,1262902,5,6,1,1,481
Commercial,Commercial,https://pt.pornhub.com,638.9,925555,10,74,45,131,14385
Commercial,Commercial,https://race.sp.netkeiba.com,650.32,949305,15,140,26,168,18364
Commercial,Commercial,https://www.indeed.com,46.16,47899,3,4,0,2,243
Commercial,Commercial,https://www.delgarm.com,99.33,113326,17,4,13,69,9597
Commercial,Commercial,https://www.curseforge.com,6.83,6987,5,1,0,0,16
Commercial,Commercial,https://www.fmkorea.com,64.74,73016,7,52,26,19,6625
Commercial,Commercial,https://tmohentai.com,4.96,5489,5,4,1,0,778
Commercial,Commercial,https://people.com,460.88,472794,30,6,15,147,14510
Commercial,Commercial,https://search-redirect.com,0.15,154,0,0,0,0,33
Commercial,Commercial,https://www.nexusmods.com,6.72,6875,5,1,0,0,16
Commercial,Commercial,https://www.nitrotype.com,19.2,24235,19,14,6,1,78
Commercial,Commercial,https://www.foxnews.com,638.89,780143,56,87,61,208,24111
Commercial,Commercial,https://kick.com,0.07,79,0,0,0,0,75
Commercial,Commercial,https://www.nike.com,692.3,711773,21,50,24,19,6268
Commercial,Commercial,https://www.nytimes.com,1239.77,1271243,23,67,102,44,7853
Commercial,Commercial,https://www.jiomart.com,0.28,367,0,0,0,0,207
Commercial,Commercial,https://www.pornocarioca.com,132.06,167789,17,17,11,89,7425
Commercial,Commercial,https://www.pornpics.com,71.42,78290,11,8,25,179,2352
Commercial,Commercial,https://www.prokerala.com,219.96,300203,5,18,40,235,9416
Commercial,Commercial,https://es.stripchat.com,0.0,0,0,0,0,0,0
Commercial,Commercial,https://tw.yahoo.com,493.81,531387,9,53,81,74,4280
Commercial,Commercial,https://music.youtube.com,32.36,34781,1,0,1,1,2121
Commercial,Commercial,https://www.wattpad.com,114.74,118167,4,9,70,152,2566
Commercial,Commercial,https://www.sexiveo.com,99.29,203695,10,3,10,125,3549
Commercial,Commercial,https://s5.sir.sportradar.com,0.02,24,0,0,0,0,24
Commercial,Commercial,https://xosodaiphat.com,155.67,155408,26,26,5,9,9473
Commercial,Commercial,https://www.pussyspace.com,47.76,48980,16,8,11,34,4592
Commercial,Commercial,https://cookpad.com,2.35,3101,2,1,2,1,226
Commercial,Commercial,https://faphouse2.com,700.01,832636,14,14,84,470,16180
Commercial,Commercial,https://amp.xnxx.com,65.96,67473,7,4,7,0,4993
Commercial,Commercial,https://bb2r.com,3.06,3901,4,1,1,1,1528
Commercial,Commercial,https://123av.com,27.14,27782,11,6,18,2,1765
Commercial,Commercial,https://finance.yahoo.com,2319.26,2430679,29,59,116,8,13236
Commercial,Commercial,https://bingoplus.com,1.3,1421,2,1,0,1,15
Commercial,Commercial,https://m.youtube.com,696.89,714070,7,42,17,0,193
Commercial,Commercial,https://ibommatamil.com,154.79,159622,34,30,23,2,333
Commercial,Commercial,https://fetlife.com,8.15,8961,2,1,1,1,44
Commercial,Commercial,https://chatgpt.com,10.05,10464,2,1,0,0,0
Commercial,Commercial,https://chaturbate.com,150.97,181060,20,69,34,13,7074
Commercial,Commercial,https://gelbooru.com,6.78,6934,5,1,0,0,16
Commercial,Commercial,https://gemini.google.com,30.9,33288,1,0,1,1,2127
Commercial,Commercial,https://payments.gcash.com,0.26,263,0,0,0,0,140
Commercial,Commercial,https://pl.pornhub.com,640.16,928923,9,75,45,133,14771
Commercial,Commercial,https://rt.pornhub.com,666.15,981510,10,74,45,131,15594
Commercial,Commercial,https://remotedesktop.google.com,431.06,440780,10,19,9,2,1278
Commercial,Commercial,https://kompoz2.com,46.33,47468,7,16,6,48,5391
Commercial,Commercial,https://m.indiamart.com,207.31,313783,13,22,20,94,10372
Commercial,Commercial,https://tktube.com,6.78,6932,5,1,0,0,16
Commercial,Commercial,https://www.bilibili.com,109.34,117916,11,21,6,15,2301
Commercial,Commercial,https://sellercentral.amazon.com,276.78,285062,18,36,5,116,9908
Commercial,Commercial,https://www.croxyproxy.com,312.33,330232,8,16,18,1,3277
Commercial,Commercial,https://pt.erome.com,11.57,13862,13,9,34,4,360
Commercial,Commercial,https://fast.com,17.75,25814,15,1,47,0,2494
Commercial,Commercial,https://www.buzzfeed.com,1973.46,2035755,33,29,39,17,4145
Commercial,Commercial,https://br.skokka.com,6.74,6893,5,1,0,0,16
Commercial,Commercial,https://www.flipkart.com,1129.93,1159483,11,21,30,90,20376
Commercial,Commercial,https://www.espncricinfo.com,0.29,374,0,0,0,0,214
Commercial,Commercial,https://www.bfmtv.com,918.87,945205,51,59,14,344,27754
Commercial,Commercial,https://play.google.com,2873.99,2946049,30,26,120,205,8003
Commercial,Commercial,https://www.chess.com,80.62,101669,24,25,80,10,986
Commercial,Commercial,https://www.haremaltin.com,6.85,7012,5,1,0,0,16
Commercial,Commercial,https://www.mlb.com,1050.15,1076175,21,42,19,64,6990
Commercial,Commercial,https://novelbin.com,70.81,112324,20,12,10,26,7529
Commercial,Commercial,https://www.ojogodobicho.com,20.32,21658,15,13,16,1,1872
Commercial,Commercial,https://www.deviantart.com,982.53,1007073,18,11,38,87,14815
Commercial,Commercial,https://www.pornhat.com,369.25,425902,10,56,26,98,7233
Commercial,Commercial,https://www.pornhub.com,634.84,922493,9,74,45,131,14723
Commercial,Commercial,https://www.starfall.com,31.61,41233,3,6,6,7,2538
Network,Network,https://escortbabylon.net,54.14,57032,4,11,5,11,1088
Network,Network,https://movie.eroterest.net,73.07,109228,8,7,9,32,5147
Network,Network,https://www.avto.net,4.97,5471,5,4,1,0,773
Network,Network,https://nhentai.net,6.65,6805,5,1,0,0,16
Network,Network,https://v.daum.net,6.09,7218,3,1,1,0,271
Network,Network,https://www.eenadu.net,101.11,176033,38,23,28,101,15638
Network,Network,https://www.hollywoodbets.net,6.85,7007,5,1,0,0,16
Network,Network,https://tvwiki1.net,4.06,4568,5,3,1,0,776
Network,Network,https://www.xpaja.net,115.53,182426,23,20,9,87,6086
Network,Network,https://www.pussyboy.net,20.79,23326,4,1,18,17,2078
Network,Network,https://asuracomic.net,875.37,897144,18,55,52,129,14542
Network,Network,https://en1.savefrom.net,62.72,73863,9,37,67,13,6551
Network,Network,https://apkpure.net,159.0,166955,16,34,52,97,3887
Network,Network,https://www.bpexch.net,5.02,6563,6,17,12,1,18
Network,Network,https://www.52shuku.net,28.52,30685,11,0,2,0,7760
Network,Network,https://www.programme-tv.net,359.81,540563,39,26,13,107,13410
Network,Network,https://www.speedtest.net,0.01,13,0,0,0,0,13
Network,Network,https://fdown.net,6.77,6931,5,1,0,0,16
Network,Network,https://girlschannel.net,176.58,260295,15,7,4,588,15457
Network,Network,https://xn--72cz9dvb1cxc.net,94.59,132513,17,11,15,42,8150
Network,Network,https://iporntv.net,6.8,6954,5,1,0,0,16
Network,Network,https://www.calculator.net,11.13,11673,3,2,6,6,2249
Network,Network,https://www.taktube.net,97.51,107286,4,23,7,41,3549
Network,Network,https://czbooks.net,6.8,6954,5,1,0,0,16
Network,Network,https://pet.gree-apps.net,10.54,13804,14,9,5,7,1679
Network,Network,https://www.carsensor.net,170.63,195955,20,59,10,63,18392
Network,Network,https://www.dogdrip.net,122.55,152596,18,33,12,3,5760
Network,Network,https://www.tokyomotion.net,40.4,89866,8,16,10,25,2635
Network,Network,https://www.pixiv.net,38.06,43315,31,28,12,1,1148
Network,Network,https://m.fanfiction.net,6.8,6959,5,1,0,0,16
Network,Network,https://bpexch.net,5.02,6559,6,17,12,1,18
Network,Network,https://www.cityheaven.net,2.68,2903,1,2,0,1,88
Network,Network,https://www.furaffinity.net,104.37,129679,10,24,24,124,5709
Network,Network,https://ficbook.net,32.12,33789,3,3,1,0,178
Network,Network,https://www.rokna.net,352.74,486662,10,21,23,77,25517
Network,Network,https://fmoviesunblocked.net,1.81,2792,7,2,2,0,11
Network,Network,https://ifilo.net,4.68,5105,16,7,4,0,7
Network,Network,https://client.dkitrxmdwoqruvsi.net,7.69,11010,9,1,1,0,14
Network,Network,https://mingky01.net,4.06,4569,5,3,1,0,777
Network,Network,https://lms.lausd.net,7.82,10478,6,5,3,6,375
Network,Network,https://www.jalan.net,111.25,197675,16,92,22,32,10359
Network,Network,https://www.researchgate.net,16.82,21053,4,2,0,0,521
Network,Network,https://theqoo.net,21.16,23004,3,1,0,2,595
Network,Network,https://www.desikahani2.net,6.85,7005,5,1,0,0,16
Network,Network,https://wordwall.net,29.97,36423,14,34,62,33,2344
Network,Network,https://vnexpress.net,325.3,337221,55,37,37,36,8495
Network,Network,https://e621.net,2.95,3026,0,0,0,0,2333
Network,Network,https://m.cafe.daum.net,69.76,99722,14,24,4,106,6776
Network,Network,https://pastelink.net,14.46,22690,11,4,5,3,3988
Network,Network,https://jkanime.net,111.17,126891,12,26,17,116,9463
Network,Network,https://orekou.net,9.26,11061,13,15,4,4,963
Network,Network,https://www.behance.net,0.0,0,0,0,0,0,0
Network,Network,https://www.eleman.net,193.09,284769,19,43,16,111,13950
Network,Network,https://ads.luarmor.net,20.74,22975,3,4,0,1,110
Network,Network,https://ktby.net,0.45,465,0,1,0,0,0
Network,Network,https://www.prajavani.net,3596.19,4455686,18,20,18,34,9414
Network,Network,https://www.sxyprn.net,398.0,407604,7,23,6,144,27238
Network,Network,https://efootball-point.konami.net,3.75,4336,4,6,11,0,36
Network,Network,https://ak.shaugacakro.net,0.0,0,0,0,0,0,0
Network,Network,https://javgg.net,438.9,449850,3,2,1,1,111
Network,Network,https://javsek.net,196.11,202588,23,11,14,17,3169
Network,Network,https://m.poringa.net,98.95,119461,9,17,15,160,7688
Network,Network,https://multporn.net,59.12,63524,25,37,9,36,1475
Network,Network,https://fdownloader.net,29.58,29245,29,19,44,3,4786
Network,Network,https://phieuguige.grab-bat.net,3.72,4051,4,14,4,0,32
Network,Network,https://id.savefrom.net,61.95,72850,9,36,67,12,6655
Network,Network,https://lightmailer-bs.gmx.net,293.03,305254,8,16,7,142,15436
Network,Network,https://roozaneh.net,127.42,155727,14,12,3,102,8852
Network,Network,https://ketqua04.net,77.07,81616,20,26,8,71,8726
Network,Network,https://desifile.net,148.33,154384,16,12,12,29,2408
Network,Network,https://thailotto.net,6.8,6954,5,1,0,0,16
Network,Network,https://games.gree.net,5.92,6347,13,7,5,10,78
Network,Network,https://www.pornohirsch.net,179.77,225054,7,7,25,109,7836
Network,Network,https://www.ukr.net,130.24,133938,31,54,13,16,4695
Network,Network,https://www.kantimehealth.net,0.14,134,2,0,0,0,17
Network,Network,https://xn--o3cvbbuz4e4f.net,97.86,131634,20,11,18,56,8650
Network,Network,https://xn--mgbkt9eckr.net,64.79,67053,3,2,0,1,401
Network,Network,https://en.thehentai.net,51.33,62885,11,12,14,30,3700
Network,Network,https://mangatoto.net,0.01,6,0,0,0,0,6
Network,Network,https://liquipedia.net,152.95,157386,16,14,36,53,7888
Network,Network,https://9jarocks.net,150.18,162541,21,29,36,5,12032
Network,Network,https://rule34.paheal.net,14.87,15555,4,11,4,8,99
Network,Network,https://watchhentai.net,124.88,128236,18,19,10,60,5559
Network,Network,https://rongbachkim.net,67.96,71246,12,28,4,2,7592
Network,Network,https://dropmms.net,159.53,185281,18,29,13,34,7763
Network,Network,https://pornarabi.net,262.18,295343,12,82,20,47,4541
Network,Network,https://www.cosme.net,253.09,268804,5,12,9,34,3756
Network,Network,https://a943.app.gree-pf.net,0.16,195,0,0,0,0,22
Network,Network,https://www.gutefrage.net,405.98,444702,21,10,12,99,17971
Network,Network,https://sushida.net,7.73,8194,2,6,3,22,735
Network,Network,https://www.hindibluefilm.net,19.08,21384,4,1,18,17,1927
Network,Network,https://www.faz.net,1564.78,1608679,28,24,11,138,38145
Network,Network,https://secure.therapservices.net,5.92,8102,3,16,6,1,238
Network,Network,https://www.classificadosx.net,110.5,152910,11,26,35,33,7561
Network,Network,https://es.3hentai.net,35.68,42146,7,3,7,60,3123
Government,Government,https://www.irs.gov,72.59,98509,28,10,15,21,6922
Government,Government,https://pubmed.ncbi.nlm.nih.gov,0.14,134,2,0,0,0,17
Government,Government,https://www.va.gov,58.09,65033,19,14,15,7,2684
Government,Government,https://secure.login.gov,16.44,17896,8,19,15,8,1304
Government,Government,https://secure.ssa.gov,0.33,345,3,0,0,0,27
Government,Government,https://pmc.ncbi.nlm.nih.gov,0.14,134,2,0,0,0,17
Government,Government,https://travel.state.gov,70.64,83533,8,84,73,9,2868
Government,Government,https://www.ncbi.nlm.nih.gov,25.43,37806,6,7,6,10,2350
Government,Government,https://studentaid.gov,9.53,9999,4,10,14,0,30
Government,Government,https://www.ssa.gov,0.28,363,0,0,0,0,203
Government,Government,https://www.nhc.noaa.gov,57.11,68739,7,6,179,20,4018
Government,Government,https://medlineplus.gov,19.14,26445,26,9,8,8,2421
Government,Government,https://www.dmv.ca.gov,0.91,963,1,1,0,0,0
Government,Government,https://dvprogram.state.gov,4.96,5460,5,4,1,0,762
Government,Government,https://my.uscis.gov,84.93,91326,28,8,2,16,2154
Government,Government,https://www.courts.mo.gov,2.03,2128,0,1,0,0,315
Government,Government,https://www.cdc.gov,50.12,60625,35,13,9,21,5583
Government,Government,https://myaccount.uscis.gov,0.29,371,0,0,0,0,211
Government,Government,https://www.nps.gov,66.38,70150,15,25,7,19,6050
Government,Government,https://www.uscis.gov,83.97,101245,14,20,8,25,6829
Government,Government,https://forecast.weather.gov,102.35,126768,11,16,8,12,2657
Government,Government,https://www.medicare.gov,85.35,93246,26,14,30,6,2367
Government,Government,https://www.weather.gov,102.35,126768,11,16,8,12,2657
Government,Government,https://myedd.edd.ca.gov,0.28,370,0,0,0,0,206
Government,Government,https://clearinghouse.fmcsa.dot.gov,0.11,118,0,0,0,0,27
Government,Government,https://science.nasa.gov,296.27,312307,52,36,35,57,10620
Government,Government,https://www.dol.gov,1.88,1913,2,3,1,0,20
Government,Government,https://www.pa.gov,64.53,97201,18,25,9,6,2840
Government,Government,https://www.nyc.gov,481.93,512735,10,14,13,14,3651
Government,Government,https://www.fda.gov,0.01,10,0,0,0,0,9
Government,Government,https://www.whitehouse.gov,242.61,255232,26,14,47,15,3995
Government,Government,https://calcareers.ca.gov,50.35,70628,4,16,23,9,4966
Government,Government,https://apps.ilsos.gov,0.28,364,0,0,0,0,204
Government,Government,https://jobs.utah.gov,0.11,118,0,0,0,0,27
Government,Government,https://docv.login.gov,1.81,1837,11,3,7,0,27
Government,Government,https://eric.ed.gov,3.97,4638,2,8,3,5,363
Government,Government,https://epayroll.usps.gov,0.29,371,0,0,0,0,211
Government,Government,https://www.michigan.gov,0.28,370,0,0,0,0,210
Government,Government,https://www.mass.gov,13.38,14061,2,1,2,1,170
Government,Government,https://sam.gov,42.21,55508,5,10,7,0,4169
Government,Government,https://www.usajobs.gov,47.86,58362,5,4,4,10,7367
Government,Government,https://www.pay.gov,0.04,45,0,1,0,0,0
Government,Government,https://esta.cbp.dhs.gov,2.26,2352,6,6,2,0,69
Government,Government,https://litebluesso.usps.gov,0.29,371,0,0,0,0,211
Government,Government,https://milogintp.michigan.gov,0.66,680,1,1,0,0,95
Government,Government,https://mybmv.bmv.in.gov,1.16,1233,1,0,0,0,181
Government,Government,https://acis.eoir.justice.gov,28.87,29566,4,6,11,0,0
Government,Government,https://www.dhs.gov,276.33,304438,20,78,45,28,4848
Government,Government,https://www.fs.usda.gov,0.99,1484,1,0,0,0,109
Government,Government,https://www.login.gov,14.9,19828,13,8,8,8,1823
Government,Government,https://myaccount.aidvantage.studentaid.gov,5.77,6020,7,4,3,1,27
Government,Government,https://www.congress.gov,6.8,6959,5,1,0,0,16
Government,Government,https://www.in.gov,0.2,240,1,0,0,0,0
Government,Government,https://www.tdcj.texas.gov,15.61,18681,3,8,3,18,2052
Government,Government,https://www.recreation.gov,36.88,38967,24,6,13,3,9670
Government,Government,https://authenticate2.mohela.studentaid.gov,4.31,4455,0,1,0,0,0
Government,Government,https://earthquake.usgs.gov,123.51,165935,8,83,43,24,15376
Government,Government,https://imagine.gsfc.nasa.gov,11.5,12006,10,1,2,11,2873
Government,Government,https://lending.sba.gov,0.9,919,1,0,0,0,553
Government,Government,https://nelnet.studentaid.gov,41.49,42762,11,7,14,0,0
Government,Government,https://radar.weather.gov,26.87,27307,3,3,4,3,2933
Government,Government,https://myaccount.mohela.studentaid.gov,5.75,6005,7,4,3,1,27
Government,Government,https://secureaccess.wa.gov,0.16,192,1,0,0,0,0
Government,Government,https://www.tax.ny.gov,27.25,32174,3,4,7,21,8219
Government,Government,https://www.epa.gov,58.07,64184,43,35,45,7,3647
Government,Government,https://www.usa.gov,38.07,46798,17,14,20,9,4486
Government,Government,https://www.tsp.gov,20.88,24394,33,26,12,7,2098
Government,Government,https://www.senate.gov,33.17,39286,2,9,10,15,4845
Government,Government,https://authenticate2.aidvantage.studentaid.gov,4.31,4456,0,1,0,0,0
Government,Government,https://edd.ca.gov,84.51,121732,9,28,11,3,5908
Government,Government,https://gateway.ga.gov,0.11,118,0,0,0,0,27
Government,Government,https://apps.twc.texas.gov,54.05,89120,12,11,7,7,4361
Government,Government,https://www.archives.gov,24.7,26530,15,11,3,1,2245
Government,Government,https://www.spc.noaa.gov,42.78,49926,5,33,10,37,5473
Government,Government,https://www.state.gov,509.12,521485,2,0,0,1,153
Government,Government,https://www.sec.gov,1.88,1924,1,0,0,0,376
Government,Government,https://www.oregon.gov,57.61,88953,8,12,5,1,720
Government,Government,https://www.ice.gov,114.69,145680,11,15,16,47,9691
Government,Government,https://authenticate2.edfinancial.studentaid.gov,4.31,4457,0,1,0,0,0
Government,Government,https://dmv.ny.gov,41.44,55890,6,10,26,8,4283
Government,Government,https://dos.fl.gov,29.41,38867,5,13,8,24,3805
Government,Government,https://www.bls.gov,1.13,1325,1,0,0,0,551
Government,Government,https://www.nhlbi.nih.gov,62.56,87787,14,12,21,25,4864
Government,Government,https://www.loc.gov,148.1,190229,26,26,8,70,6956
Government,Government,https://www.wicourts.gov,89.87,141727,6,8,8,5,29790
Government,Government,https://www.ilsos.gov,0.28,367,0,0,0,0,207
Government,Government,https://blast.ncbi.nlm.nih.gov,25.72,31679,18,15,7,8,2520
Government,Government,https://login.ny.gov,27.85,28697,15,10,4,1,52
Government,Government,https://nylottery.ny.gov,220.61,226123,14,13,12,15,1092
Government,Government,https://spaceplace.nasa.gov,19.1,21764,5,13,9,48,1009
Government,Government,https://myaccount.edfinancial.studentaid.gov,5.81,6068,7,4,3,1,27
Government,Government,https://www.etimesheets.ihss.ca.gov,0.85,924,3,3,4,0,23
Government,Government,https://www.flhsmv.gov,67.46,71969,16,39,28,3,4944
Organisation,Organisation,https://e-hentai.org,58.79,60684,3,10,4,50,5491
Organisation,Organisation,https://pl.wikipedia.org,108.14,113973,10,4,18,36,9125
Organisation,Organisation,https://mupvl.org,4.06,4566,5,3,1,0,774
Organisation,Organisation,https://it.wikipedia.org,182.47,193310,16,5,97,65,14744
Organisation,Organisation,https://de.pornhub.org,637.73,923489,9,74,45,127,14794
Organisation,Organisation,https://uranai.nosv.org,27.65,30585,9,34,5,42,4846
Organisation,Organisation,https://www.hltv.org,6.76,6912,5,1,0,0,16
Organisation,Organisation,https://aternos.org,6.8,6954,5,1,0,0,16
Organisation,Organisation,https://fa.wikipedia.org,165.31,197590,17,5,67,37,9461
Organisation,Organisation,https://video.xxxpostpic.org,64.2,82352,11,9,17,40,3066
Organisation,Organisation,https://de.wikipedia.org,103.54,107970,10,4,15,38,6661
Organisation,Organisation,https://www.ecosia.org,6.95,7106,5,1,0,0,16
Organisation,Organisation,https://ja.wikipedia.org,111.85,128836,13,5,23,33,4993
Organisation,Organisation,https://ar.wikipedia.org,160.44,184145,13,5,13,72,13980
Organisation,Organisation,https://en.wikipedia.org,216.22,230178,13,5,28,24,12150
Organisation,Organisation,https://en.m.wikipedia.org,216.22,230178,13,5,28,24,12150
Organisation,Organisation,https://archive.org,2.44,2670,6,3,3,0,93
Organisation,Organisation,https://archiveofourown.org,20.02,23318,14,17,6,1,3044
Organisation,Organisation,https://lichess.org,43.75,44984,12,39,51,19,4202
Organisation,Organisation,https://fr.wikipedia.org,213.43,228656,10,4,16,24,12174
Organisation,Organisation,https://ru.wikipedia.org,141.16,162124,13,5,58,35,10974
Organisation,Organisation,https://www.tgju.org,1054.21,1670171,21,55,9,65,131543
Organisation,Organisation,https://pt.wikipedia.org,215.61,230037,10,4,16,30,11317
Organisation,Organisation,https://syosetu.org,6.74,6891,5,1,0,0,16
Organisation,Organisation,https://telegram.org,17.86,19582,10,3,7,11,1933
Organisation,Organisation,https://www.zearn.org,77.6,79996,17,14,66,0,18
Organisation,Organisation,https://rt.pornhub.org,666.14,982114,10,74,45,131,15951
Organisation,Organisation,https://www.pornhub.org,631.5,920353,9,74,45,127,15010
Organisation,Organisation,https://exhentai.org,0.0,0,0,0,0,0,0
Organisation,Organisation,https://www.tjk.org,198.35,451130,4,43,7,49,37938
Organisation,Organisation,https://zh.wikipedia.org,211.32,238907,10,4,28,26,6167
Organisation,Organisation,https://wol.jw.org,140.86,159945,12,5,980,1,3717
Organisation,Organisation,https://es.wikipedia.org,120.7,125947,10,4,20,36,9402
Organisation,Organisation,https://hi.wikipedia.org,2.04,2091,2,0,0,1,486
Organisation,Organisation,https://komiku.org,84.74,168738,18,10,4,69,9182
Organisation,Organisation,https://animestars.org,90.98,124740,16,16,28,60,19201
Organisation,Organisation,https://forums.d2jsp.org,6.76,6917,5,1,0,0,16
Organisation,Organisation,https://drama.fizzo.org,37.36,38253,2,0,0,1,13
Organisation,Organisation,https://studio.code.org,86.42,88815,7,27,4,10,3497
Organisation,Organisation,https://pornbomb.org,37.72,39483,5,35,10,120,1588
Organisation,Organisation,https://www.mangaread.org,271.75,320803,20,64,33,54,5375
Organisation,Organisation,https://www.toongod.org,6.8,6958,5,1,0,0,16
Organisation,Organisation,https://www.themoviedb.org,75.03,96720,10,30,157,9,2183
Organisation,Organisation,https://uk.wikipedia.org,144.45,164900,13,5,12,52,9863
Organisation,Organisation,https://www.familysearch.org,0.87,849,4,1,0,0,81
Organisation,Organisation,https://ad.ymcdn.org,0.0,0,0,0,0,0,0
Organisation,Organisation,https://en.wiktionary.org,157.79,166981,11,4,17,23,9625
Organisation,Organisation,https://my.clevelandclinic.org,41.32,55651,15,16,17,29,5161
Organisation,Organisation,https://sr.wikipedia.org,2.04,2091,2,0,0,1,486
Organisation,Organisation,https://prod.idp.collegeboard.org,22.52,25234,6,8,5,1,230
Organisation,Organisation,https://th.wikipedia.org,136.36,174149,15,5,54,36,8707
Organisation,Organisation,https://pt.m.wikipedia.org,215.61,230037,10,4,16,30,11317
Organisation,Organisation,https://sv.wikipedia.org,208.42,222894,10,4,15,33,11249
Organisation,Organisation,https://www.mayoclinic.org,1273.69,1321005,26,25,10,24,6014
Organisation,Organisation,https://manhuatop.org,6.82,6977,5,1,0,0,16
Organisation,Organisation,https://boards.4chan.org,15.95,16353,6,0,0,0,154
Organisation,Organisation,https://itorrents-igruha.org,0.88,898,2,3,1,1,141
Organisation,Organisation,https://mangadex.org,8.7,8785,69,4,35,1,0
Organisation,Organisation,https://dondevoto.org,4.46,4556,11,6,3,1,182
Organisation,Organisation,https://comiko.org,0.01,6,0,0,0,0,6
Organisation,Organisation,https://web.telegram.org,1.67,1587,16,1,6,0,12
Organisation,Organisation,https://tr.wikipedia.org,203.46,217368,13,6,13,23,9127
Organisation,Organisation,https://apclassroom.collegeboard.org,6.78,7141,2,73,5,0,12
Organisation,Organisation,https://web.archive.org,124.46,154373,4,15,5,10,3688
Organisation,Organisation,https://apkvision.org,31.39,32286,11,11,14,40,2418
Organisation,Organisation,https://schoolinnovationmarathon.org,0.17,179,0,0,0,0,66
Organisation,Organisation,https://www.albumoftheyear.org,6.85,7008,5,1,0,0,16
Organisation,Organisation,https://toto12moskow.org,1.26,1314,3,1,0,0,98
Organisation,Organisation,https://mobile.squirt.org,32.4,45566,7,11,11,9,7000
Organisation,Organisation,https://satta-no.org,0.14,146,0,0,0,0,33
Organisation,Organisation,https://temp-mail.org,4.96,5489,5,4,1,0,778
Organisation,Organisation,https://tvtropes.org,6.78,6934,5,1,0,0,16
Organisation,Organisation,https://erotikchat4free.org,1.77,1854,3,2,3,1,239
Organisation,Organisation,https://cs.wikipedia.org,211.75,227908,13,5,16,39,10498
Organisation,Organisation,https://healthy.kaiserpermanente.org,249.87,297476,24,42,15,84,10009
Organisation,Organisation,https://emojidb.org,66.97,69126,6,2,2,0,9109
Organisation,Organisation,https://image.pi7.org,16.65,23380,7,5,8,5,3197
Organisation,Organisation,https://kayatan.org,4.96,5487,5,4,1,0,776
Organisation,Organisation,https://bustimes.org,7.24,7564,7,5,5,0,1101
Organisation,Organisation,https://thepiratebay.org,4.42,5276,6,2,2,1,496
Organisation,Organisation,https://www.cambridgeone.org,323.83,330890,2,5,17,7,2268
Organisation,Organisation,https://steamunlocked.org,144.74,148177,15,14,17,73,3685
Organisation,Organisation,https://www.khanacademy.org,2.35,3101,2,1,2,1,226
Organisation,Organisation,https://tvmon16.org,0.0,1,0,0,0,0,0
Organisation,Organisation,https://anybunny.org,111.95,118716,5,8,1,195,11493
Organisation,Organisation,https://loadedfiles.org,10.79,16460,5,16,19,6,1126
Organisation,Organisation,https://www.marmiton.org,273.94,363686,30,80,26,108,8829
Organisation,Organisation,https://rutracker.org,82.45,96413,5,10,8,157,11706
Organisation,Organisation,https://www.geeksforgeeks.org,177.59,182816,20,20,12,18,2574
Organisation,Organisation,https://www.npr.org,643.21,740188,29,21,18,163,35361
Organisation,Organisation,https://dictionary.cambridge.org,199.15,305983,16,55,54,17,6485
Organisation,Organisation,https://ro.wikipedia.org,281.1,302603,10,6,12,29,11038
Organisation,Organisation,https://vi.wikipedia.org,143.05,156291,13,5,28,25,9647
